policy,rho,slo,viol,goodput,cgoodput,cslo,energy_per_good,throttled,hops,avail,drains,dec_us,energy_kj,spill,slo_LS<1,slo_LS>1,slo_FS>1,slo_FS<1,cslo_LS<1,cslo_LS>1,cslo_FS>1,cslo_FS<1,bcslo,exp,variant,seed,capscale,sens_hi,beta,theta,outage,hsync,gamma,N
rr,0.8,0.6946383013533343,0.21417652141458451,5434.6,4238.12,0.5417069292554361,13.16573578417816,0.058990444345598726,1.2499092494030912,1.0,0.0,1.1479052997563501,71.55050769269462,0.04790932299737295,0.6937876620727759,0.8320172290021536,0.41935483870967744,0.6923076923076923,0.5410481093445831,0.6532663316582915,0.3118279569892473,0.5271493212669683,0.5083229298147726,F_scale,rr,1,1.0,0.4,1.0,0.25,False,1.0,0.3,120
rr,0.8,0.6964732898988955,0.20328979498529673,5362.12,4266.52,0.5541683552064175,13.134291949635672,0.05827800118457558,1.2575308872886728,1.0,0.0,1.1631150474137992,70.42764954898044,0.06943152355734471,0.695327504959016,0.8639652677279306,0.4166666666666667,0.7197309417040358,0.5531900378879315,0.6903039073806078,0.32142857142857145,0.594170403587444,0.5397732300711388,F_scale,rr,3,1.0,0.4,1.0,0.25,False,1.0,0.3,120
rr,0.8,0.715540247480546,0.2155325934430412,5609.12,4410.48,0.5626329889016456,12.877112373206772,0.06460517923204491,1.2138589105753286,1.0,0.0,1.118961428233138,72.22926855480156,0.052637291660270064,0.7146434330995893,0.8645447816432272,0.5425531914893617,0.690744920993228,0.5620263077898056,0.6728349370836417,0.43617021276595747,0.5191873589164786,0.5475547041389708,F_scale,rr,2,1.0,0.4,1.0,0.25,False,1.0,0.3,120
rr,0.8,0.7021811652605054,0.17331490190877466,5506.28,4589.2,0.5852317360565593,13.407694795248448,0.05182052825414962,1.2119851868477163,1.0,0.0,1.1844139327476813,73.82652169718062,0.06534973908311083,0.7012200148380183,0.863103953147877,0.5208333333333334,0.6694214876033058,0.5846591377462699,0.691800878477306,0.4375,0.5433884297520661,0.5643371114939105,F_scale,rr,4,1.0,0.4,1.0,0.25,False,1.0,0.3,120
epara_priv,0.8,0.9224350813687746,0.0,7216.8,7216.8,0.9224350813687746,9.798146532911003,0.11161556513336503,0.7885741163959487,1.0,0.0,46.899205506779246,70.71126389871212,0.03356923610245261,0.9224477571864528,0.9483129935391242,0.5806451612903226,0.9072398190045249,0.9224477571864528,0.9483129935391242,0.5806451612903226,0.9072398190045249,0.8396614327551061,F_scale,tera,1,1.0,0.4,1.0,0.25,False,1.0,0.3,120
epara_priv,0.8,0.8815716290343156,0.0,6910.64,6910.64,0.8815716290343156,10.488642405739219,0.08521495088659267,0.8732083173874219,1.0,0.0,47.93085850426575,72.48323175479769,0.05034948255651929,0.8813624817736376,0.9393042190969653,0.6808510638297872,0.8397291196388262,0.8813624817736376,0.9393042190969653,0.6808510638297872,0.8397291196388262,0.8353117210848041,F_scale,epara_priv,2,1.0,0.4,1.0,0.25,False,1.0,0.3,120
epara_priv,0.8,0.9396147467789259,0.0,7365.64,7365.64,0.9396147467789259,9.80727225432272,0.0956499553514479,0.823324403622911,1.0,0.0,47.506667890082575,72.23683680732961,0.042102387970241455,0.9395116622957745,0.9726128793486306,0.6914893617021277,0.9367945823927766,0.9395116622957745,0.9726128793486306,0.6914893617021277,0.9367945823927766,0.8851021214348274,F_scale,tera,2,1.0,0.4,1.0,0.25,False,1.0,0.3,120
epara_priv,0.8,0.8773614327857622,0.0,6864.16,6864.16,0.8773614327857622,10.233059311492749,0.11413101829838797,0.8472680235798171,1.0,0.0,47.99317280678988,70.24135640357608,0.037961839281231965,0.8772661788777413,0.9246231155778895,0.45161290322580644,0.8597285067873304,0.8772661788777413,0.9246231155778895,0.45161290322580644,0.8597285067873304,0.7783076761171919,F_scale,epara_priv,1,1.0,0.4,1.0,0.25,False,1.0,0.3,120
rr,0.8,0.7452936284176443,0.19444284615827218,5699.32,4599.56,0.6014792574420563,11.912270679148119,0.05218200934212797,1.144248523619473,1.0,0.0,1.2921275451340166,67.89184252708246,0.060481858167628376,0.744393103266179,0.8789514263685428,0.6071428571428571,0.765661252900232,0.600607292794339,0.7363145720894372,0.42857142857142855,0.6125290023201856,0.5945055739438475,F_scale,rr,5,1.0,0.4,1.0,0.25,False,1.0,0.3,120
epara_priv,0.8,0.9286137348421085,0.0,7149.36,7149.36,0.9286137348421085,9.95190309918927,0.10131758055633489,0.8687355175244449,1.0,0.0,55.89573456810258,71.1497379412198,0.04085693060386676,0.9285901701283572,0.9645441389290883,0.5119047619047619,0.905829596412556,0.9285901701283572,0.9645441389290883,0.5119047619047619,0.905829596412556,0.8277171668436909,F_scale,tera,3,1.0,0.4,1.0,0.25,False,1.0,0.3,120
epara_priv,0.8,0.8470442761100201,0.0,6521.36,6521.36,0.8470442761100201,10.900160544284168,0.07763645998940116,0.9403867535355425,1.0,0.0,57.20204516058486,71.083870967073,0.0585388735471785,0.846469915303156,0.9327062228654125,0.6309523809523809,0.8677130044843049,0.846469915303156,0.9327062228654125,0.6309523809523809,0.8677130044843049,0.8194603809013136,F_scale,epara_priv,3,1.0,0.4,1.0,0.25,False,1.0,0.3,120
rr,0.8,0.8221089660726016,0.19752484689228422,3103.56,2488.24,0.6591154718260611,10.176738675850832,0.053264531988387126,1.0104367543283392,1.0,0.0,1.1431693196592119,31.584119084823605,0.09667833007901451,0.8216409291183642,0.9090909090909091,0.4864864864864865,0.8300970873786407,0.6586602215853189,0.7304625199362041,0.43243243243243246,0.6893203883495146,0.6277188905758675,F_scale,rr,1,1.0,0.4,1.0,0.25,False,1.0,0.3,60
epara_priv,0.8,0.933904087817076,0.0,3525.6,3525.6,0.933904087817076,8.97895188138188,0.0670071414948399,0.7963720358558138,1.0,0.0,33.79769248584484,31.656192752999956,0.08511193705982592,0.9339093981263635,0.9553429027113237,0.7027027027027027,0.9077669902912622,0.9339093981263635,0.9553429027113237,0.7027027027027027,0.9077669902912622,0.8749304984579129,F_scale,epara_priv,1,1.0,0.4,1.0,0.25,False,1.0,0.3,60
epara_priv,0.8,0.9682341223590244,0.0,3655.2,3655.2,0.9682341223590244,8.70385923747631,0.07732734323677128,0.6935196761957236,1.0,0.0,33.40850781852462,31.814346284823408,0.07393182023964158,0.9682914830816615,0.9728867623604466,0.8108108108108109,0.9563106796116505,0.9682914830816615,0.9728867623604466,0.8108108108108109,0.9563106796116505,0.9270749339661424,F_scale,tera,1,1.0,0.4,1.0,0.25,False,1.0,0.3,60
rr,0.8,0.6744775692144113,0.20227579438105753,2638.88,2108.76,0.5389829468776837,13.791725999869971,0.054850120639594324,1.2993088782562467,1.0,0.0,1.5018474219266467,36.394709906536875,0.06784665410039728,0.6734392583186215,0.8456973293768546,0.3269230769230769,0.6888888888888889,0.5381939067323278,0.6691394658753709,0.25,0.5555555555555556,0.5032222320408135,F_scale,rr,2,1.0,0.4,1.0,0.25,False,1.0,0.3,60
epara_priv,0.8,0.8997969822793075,0.0,7055.92,7055.92,0.8997969822793075,10.501594136151123,0.08834841513553218,0.896262025484335,1.0,0.0,54.384086254358635,74.09840809715143,0.03996167425777551,0.8995960761684939,0.9385065885797951,0.625,0.9256198347107438,0.8995960761684939,0.9385065885797951,0.625,0.9256198347107438,0.8471806248647582,F_scale,epara_priv,4,1.0,0.4,1.0,0.25,False,1.0,0.3,120
epara_priv,0.8,0.9400921658986175,0.0,7188.96,7188.96,0.9400921658986175,9.34760619258379,0.08550714782635986,0.7253435298179174,1.0,0.0,50.57957861868205,67.19956701423716,0.05059742455715893,0.9402423890370448,0.943716268311488,0.6309523809523809,0.9234338747099768,0.9402423890370448,0.943716268311488,0.6309523809523809,0.9234338747099768,0.8595862282527226,F_scale,tera,5,1.0,0.4,1.0,0.25,False,1.0,0.3,120
epara_priv,0.8,0.9070547189253938,0.0,6936.32,6936.32,0.9070547189253938,9.75222526324152,0.09348927956814888,0.815746664086161,1.0,0.0,51.88675680466988,67.64455513792741,0.05843810388649688,0.9068940934174742,0.9483423284502699,0.6428571428571429,0.9048723897911833,0.9068940934174742,0.9483423284502699,0.6428571428571429,0.9048723897911833,0.8507414886290176,F_scale,epara_priv,5,1.0,0.4,1.0,0.25,False,1.0,0.3,120
epara_priv,0.8,0.9324175431795227,0.0,7311.72,7311.72,0.9324175431795227,10.138653462817938,0.09178135297538283,0.834719090807072,1.0,0.0,54.88407198832435,74.13099529715518,0.040246840214429216,0.9325230813618004,0.9428989751098097,0.5416666666666666,0.9380165289256198,0.9325230813618004,0.9428989751098097,0.5416666666666666,0.9380165289256198,0.8387763130159741,F_scale,tera,4,1.0,0.4,1.0,0.25,False,1.0,0.3,120
rr,0.8,0.7783197600572106,0.2041968640929031,2916.8,2332.8,0.6224850302596889,11.291932083871398,0.03479597391369318,1.0985387825678574,1.0,0.0,1.263323063635077,32.93630750223609,0.0808805645225888,0.7778208649754942,0.864516129032258,0.4791666666666667,0.8172043010752689,0.6221252760273603,0.6887096774193548,0.375,0.6451612903225806,0.5827490609423239,F_scale,rr,3,1.0,0.4,1.0,0.25,False,1.0,0.3,60
rr,0.8,0.6928431585816837,0.19574030494195818,2802.8,2260.72,0.558842723515336,13.533390349742785,0.03028655051713568,1.25202206972927,1.0,0.0,1.484726076005511,37.93138647225907,0.06105066833026405,0.6915470589997903,0.8783216783216783,0.5,0.7254098360655737,0.5577962224952306,0.7020979020979021,0.39285714285714285,0.6065573770491803,0.564827161124864,F_scale,rr,4,1.0,0.4,1.0,0.25,False,1.0,0.3,60
epara_priv,0.8,0.8676644992434466,0.0,3394.72,3394.72,0.8676644992434466,10.404336428007493,0.0734163497321392,0.8695865537970802,1.0,0.0,38.881255050685354,35.3198089588856,0.038474769086133294,0.8673769628643108,0.9169139465875371,0.75,0.8711111111111111,0.8673769628643108,0.9169139465875371,0.75,0.8711111111111111,0.8513505051407397,F_scale,epara_priv,2,1.0,0.4,1.0,0.25,False,1.0,0.3,60
epara_priv,0.8,0.9197951171635382,0.0,3598.68,3598.68,0.9197951171635382,9.8943799814777,0.0783441704494336,0.7774301721670143,1.0,0.0,38.60798407477403,35.60670735174417,0.04734371001790528,0.919637418568877,0.9525222551928784,0.7307692307692307,0.9333333333333333,0.919637418568877,0.9525222551928784,0.7307692307692307,0.9333333333333333,0.8840655594660799,F_scale,tera,2,1.0,0.4,1.0,0.25,False,1.0,0.3,60
epara_priv,0.8,0.9302479479981641,0.0,3486.16,3486.16,0.9302479479981641,9.432766993371509,0.08855895569383812,0.7723532111560589,1.0,0.0,34.19306969297976,32.88413498161202,0.07582206295965503,0.930328001292616,0.9467741935483871,0.5625,0.9301075268817204,0.930328001292616,0.9467741935483871,0.5625,0.9301075268817204,0.8424274304306809,F_scale,epara_priv,3,1.0,0.4,1.0,0.25,False,1.0,0.3,60
epara_priv,0.8,0.9350190523967595,0.0,3504.04,3504.04,0.9350190523967595,9.492067985020643,0.09805847004450896,0.7571966826415054,1.0,0.0,36.91768785782708,33.26058590223174,0.06520266189757959,0.9350783648408466,0.9467741935483871,0.6875,0.9301075268817204,0.9350783648408466,0.9467741935483871,0.6875,0.9301075268817204,0.8748650213177386,F_scale,tera,3,1.0,0.4,1.0,0.25,False,1.0,0.3,60
local,0.4,0.549009105516872,0.19442956614890197,533.0,436.88,0.45000206007169047,17.053692356716525,0.0075810638210209716,0.0,1.0,0.0,0.0,9.089618026129907,0.3955414456400718,0.5489657468681067,0.5029585798816568,0.5454545454545454,0.6875,0.45016023640071584,0.41420118343195267,0.45454545454545453,0.484375,0.4508204685945308,A_load,local,1,1.0,0.4,1.0,0.25,False,1.0,0.3,30
rr,0.4,0.9962094680894895,0.1846236249021466,967.16,788.8,0.8124922747311606,9.288018969074072,0.008116682460549626,0.276502822298216,1.0,0.0,0.36206139237905427,8.98300042612968,0.336456788022752,0.9962125941648978,1.0,0.9090909090909091,1.0,0.812960419528031,0.7692307692307693,0.7272727272727273,0.765625,0.768772229007882,A_load,rr,1,1.0,0.4,1.0,0.25,False,1.0,0.3,30
rr_g,0.4,0.9938197849285155,0.18532404927691484,964.84,786.0,0.8096081743644679,9.317038707070159,0.005520992130526143,0.2616703061266532,1.0,0.0,0.22030587523907155,8.989451626129572,0.3328441100880651,0.993881882881758,0.9881656804733728,0.9090909090909091,1.0,0.810296749490157,0.7337278106508875,0.7272727272727273,0.765625,0.7592305718534429,A_load,rr_g,1,1.0,0.4,1.0,0.25,False,1.0,0.3,30
rr,0.8,0.7506057880535422,0.17237183217819163,2837.44,2367.08,0.626178509073594,11.653234069090146,0.0305803925718216,1.14022538490027,1.0,0.0,1.350503161465347,33.065352476999145,0.05521386068791791,0.7497649673090894,0.8819969742813918,0.5945945945945946,0.7389162561576355,0.6255822400752105,0.7291981845688351,0.4864864864864865,0.5911330049261084,0.6080999790141601,F_scale,rr,5,1.0,0.4,1.0,0.25,False,1.0,0.3,60
epara_priv,0.8,0.8656930409160124,0.0,3502.04,3502.04,0.8656930409160124,10.502802121481762,0.04144995748215239,0.7897838511282061,1.0,0.0,36.95794196546306,36.78123314151399,0.04918363420877328,0.8652203877385911,0.9356643356643357,0.6964285714285714,0.8934426229508197,0.8652203877385911,0.9356643356643357,0.6964285714285714,0.8934426229508197,0.8476889794455795,F_scale,epara_priv,4,1.0,0.4,1.0,0.25,False,1.0,0.3,60
epara,0.4,0.9997115899633308,0.1856948621812039,970.56,790.28,0.8140167277821269,9.251297834373629,0.004243747682419348,0.21091013967286062,1.0,0.0,4.885713441945819,8.97893962612967,0.33308167451754916,0.9997086610896075,1.0,1.0,1.0,0.8144587339243351,0.7751479289940828,0.7272727272727273,0.765625,0.7706260975477863,A_load,epara,1,1.0,0.4,1.0,0.25,False,1.0,0.3,30
epara_priv,0.4,0.9925837419142186,0.0,963.64,963.64,0.9925837419142186,9.232361473026408,0.0,0.37670470932388445,1.0,0.0,13.70353886898394,8.896672809867168,0.3221815603116256,0.9927165272401881,0.9881656804733728,0.9090909090909091,0.96875,0.9927165272401881,0.9881656804733728,0.9090909090909091,0.96875,0.9646807792011175,A_load,epara_priv,1,1.0,0.4,1.0,0.25,False,1.0,0.3,30
epara_priv,0.4,0.9965390795599687,0.0,967.48,967.48,0.9965390795599687,9.280511458768833,0.007663466688640765,0.3621194017551811,1.0,0.0,14.822543449127323,8.978709226129672,0.32264139504071737,0.9965455529196321,0.9940828402366864,1.0,1.0,0.9965455529196321,0.9940828402366864,1.0,1.0,0.9976570982890796,A_load,tera,1,1.0,0.4,1.0,0.25,False,1.0,0.3,30
ours,0.4,0.9677804787606609,0.0,939.56,939.56,0.9677804787606609,9.465472091479693,0.0011124387128672079,0.39137241976020765,1.0,0.0,16.37787990760317,8.893378958270661,0.31634427354292893,0.9679111000124859,0.9467455621301775,1.0,0.96875,0.9679111000124859,0.9467455621301775,1.0,0.96875,0.9708516655356658,A_load,ours,1,1.0,0.4,1.0,0.25,False,1.0,0.3,30
local,0.6,0.39379291403460587,0.19733589673166713,573.52,462.6,0.31763251853886293,20.857539358250765,0.021093106289480912,0.0,1.0,0.0,0.0,11.96221597274398,0.30104194975742193,0.39326776561850674,0.47844827586206895,0.2631578947368421,0.421875,0.3171076326360992,0.39655172413793105,0.21052631578947367,0.359375,0.320890168140876,A_load,local,1,1.0,0.4,1.0,0.25,False,1.0,0.3,30
rr,0.6,0.9717385333699533,0.21603954957429278,1415.24,1109.36,0.7617138148860203,8.307995797703486,0.011672617412798682,0.47767096951386984,1.0,0.0,0.5767645185091156,11.757807972741881,0.18845391648973897,0.9717135337304336,0.978448275862069,0.8421052631578947,1.0,0.7614628064828923,0.7887931034482759,0.631578947368421,0.84375,0.7563962143248972,A_load,rr,1,1.0,0.4,1.0,0.25,False,1.0,0.3,30
epara_priv,0.8,0.8947436074910515,0.0,3619.56,3619.56,0.8947436074910515,10.186666479961167,0.05723100045484209,0.775416773785275,1.0,0.0,40.09551223964421,36.87125052420824,0.04349380238021217,0.8945854433224463,0.9244755244755245,0.7142857142857143,0.9139344262295082,0.8945854433224463,0.9244755244755245,0.7142857142857143,0.9139344262295082,0.8618202770782983,F_scale,tera,4,1.0,0.4,1.0,0.25,False,1.0,0.3,60
rr_g,0.6,0.9758857456742653,0.22883823125514968,1421.28,1093.88,0.7510848667948365,8.266478647938396,0.012112057127162868,0.47841252403185935,1.0,0.0,0.3381081061183921,11.74898077274188,0.16869507137368422,0.976090871311816,0.9612068965517241,0.8421052631578947,0.953125,0.7509904418894584,0.7586206896551724,0.7368421052631579,0.78125,0.7569258092019472,A_load,rr_g,1,1.0,0.4,1.0,0.25,False,1.0,0.3,30
epara,0.6,0.9994507003570448,0.21021697335896733,1455.6,1149.56,0.7893161219445207,8.064963982373031,0.018017028288931612,0.3560010985992859,1.0,0.0,7.2944909342176105,11.739361572742185,0.1729890519056372,0.999445906635268,1.0,1.0,1.0,0.7890566560465438,0.8103448275862069,0.7894736842105263,0.859375,0.8120625419608192,A_load,epara,1,1.0,0.4,1.0,0.25,False,1.0,0.3,30
epara_priv,0.6,0.9422960725075529,0.0,1372.36,1372.36,0.9422960725075529,8.338881111007069,0.0469925844548201,0.45844548201043667,1.0,0.0,17.21719070247388,11.443946881501661,0.22787693845420148,0.9423465853996399,0.9396551724137931,0.8947368421052632,0.9375,0.9423465853996399,0.9396551724137931,0.8947368421052632,0.9375,0.9285596499796741,A_load,epara_priv,1,1.0,0.4,1.0,0.25,False,1.0,0.3,30
epara_priv,0.8,0.9424792339029681,0.0,3562.76,3562.76,0.9424792339029681,9.253111766439192,0.04820908946616581,0.7748690545473784,1.0,0.0,34.02740868961386,32.966616476998894,0.030161595142933234,0.9424490406392889,0.9652042360060514,0.5945945945945946,0.9458128078817734,0.9424490406392889,0.9652042360060514,0.5945945945945946,0.9458128078817734,0.862015169780427,F_scale,epara_priv,5,1.0,0.4,1.0,0.25,False,1.0,0.3,60
epara_priv,0.6,0.9437517165613842,0.0,1374.48,1374.48,0.9437517165613842,8.297498167671675,0.028645976380115352,0.4697885196374622,1.0,0.0,19.702387921921165,11.404745281501365,0.20191588897670437,0.9437318188114697,0.9439655172413793,0.8947368421052632,0.96875,0.9437318188114697,0.9439655172413793,0.8947368421052632,0.96875,0.937796044539528,A_load,tera,1,1.0,0.4,1.0,0.25,False,1.0,0.3,30
ours,0.6,0.943202416918429,0.0,1373.68,1373.68,0.943202416918429,8.254109604493589,0.003131007964844823,0.49766547651744025,1.0,0.0,20.304670435576874,11.338505281500755,0.17619597504022314,0.9431500207785012,0.9482758620689655,0.8947368421052632,0.96875,0.9431500207785012,0.9482758620689655,0.8947368421052632,0.96875,0.9387281812381825,A_load,ours,1,1.0,0.4,1.0,0.25,False,1.0,0.3,30
local,0.8,0.2509067677850136,0.19699530129420492,487.0,375.24,0.1933270134366499,35.07760342579818,0.004760530871321408,0.0,1.0,0.0,0.0,17.08279286836371,0.2179409978125258,0.24997398922113323,0.375366568914956,0.3157894736842105,0.2616822429906542,0.19266704122188236,0.2903225806451613,0.3157894736842105,0.1588785046728972,0.23941440005603784,A_load,local,1,1.0,0.4,1.0,0.25,False,1.0,0.3,30
epara_priv,0.8,0.9574519866673721,0.0,3619.36,3619.36,0.9574519866673721,9.127865831803316,0.07656737738743982,0.7389027035606581,1.0,0.0,36.12970884905169,33.03703247699565,0.03530590305703232,0.9575445493782317,0.9757942511346445,0.5945945945945946,0.9211822660098522,0.9575445493782317,0.9757942511346445,0.5945945945945946,0.9211822660098522,0.8622789152793308,F_scale,tera,5,1.0,0.4,1.0,0.25,False,1.0,0.3,60
rr,0.8,0.7481658560712224,0.2034457175830517,1452.16,1165.44,0.6004451405490067,11.767907164750223,0.05236583958453549,1.1577569862336163,1.0,0.0,1.3916883787665792,17.088884068363683,0.06383300837258359,0.7472584639074432,0.8709677419354839,0.5789473684210527,0.794392523364486,0.5997669434213538,0.7008797653958945,0.47368421052631576,0.6074766355140186,0.5954518887143957,A_load,rr,1,1.0,0.4,1.0,0.25,False,1.0,0.3,30
rr_g,0.8,0.7038784931168082,0.2333278377709999,1366.2,1037.44,0.5344983925480175,12.516733178424925,0.05224218943203363,1.1562937927623445,1.0,0.0,0.8445159172813457,17.10036086836413,0.052784075159692016,0.7027696277337329,0.8592375366568915,0.5263157894736842,0.7383177570093458,0.5335122874919367,0.6862170087976539,0.5263157894736842,0.4953271028037383,0.5603430471417533,A_load,rr_g,1,1.0,0.4,1.0,0.25,False,1.0,0.3,30
epara,0.8,0.9818852526584783,0.20515621135932735,1905.8,1517.0,0.7815720056054736,8.988749747278668,0.08618415629379277,0.6285549418844283,1.0,0.0,13.407712227267146,17.130759268363683,0.06604157487448888,0.9820213496472938,0.9824046920821115,0.6842105263157895,0.9719626168224299,0.7820504817196247,0.750733137829912,0.5263157894736842,0.7102803738317757,0.6923449457137492,A_load,epara,1,1.0,0.4,1.0,0.25,False,1.0,0.3,30
local,0.9,0.15952943763399483,0.19680061568907703,348.24,283.52,0.1298810767229216,58.00593568655757,0.0,0.0,1.0,0.0,0.0,20.199987043486807,0.18002714403091413,0.1592545296392945,0.2,0.17391304347826086,0.15151515151515152,0.12966150315547906,0.15844155844155844,0.17391304347826086,0.12878787878787878,0.14770099596579428,A_load,local,1,1.0,0.4,1.0,0.25,False,1.0,0.3,30
epara_priv,0.8,0.8413774626988707,0.0,1633.08,1633.08,0.8413774626988707,10.067214631064962,0.09488088368642321,0.777738850877916,1.0,0.0,29.157382807950825,16.44056686969957,0.07208645706956746,0.8411469713049088,0.8944281524926686,0.5263157894736842,0.8317757009345794,0.8411469713049088,0.8944281524926686,0.5263157894736842,0.8317757009345794,0.7734166535514602,A_load,epara_priv,1,1.0,0.4,1.0,0.25,False,1.0,0.3,30
rr,0.9,0.4149487841973137,0.2180931962692174,905.8,714.68,0.32739633151924946,22.163915923476814,0.012991772488226779,1.611584483169333,1.0,0.0,1.7831057891737274,20.076075043485297,0.11014476970833488,0.4128403012973553,0.6987012987012987,0.391304347826087,0.45454545454545453,0.32576388503322046,0.5376623376623376,0.34782608695652173,0.3787878787878788,0.39751004710998966,A_load,rr,1,1.0,0.4,1.0,0.25,False,1.0,0.3,30
epara_priv,0.8,0.8584205753853763,0.0,1666.16,1666.16,0.8584205753853763,9.891363447071123,0.10532932157282994,0.7515456269062731,1.0,0.0,30.99406065036898,16.48059412097202,0.06061212331358767,0.8581684249953181,0.9090909090909091,0.7894736842105263,0.822429906542056,0.8581684249953181,0.9090909090909091,0.7894736842105263,0.822429906542056,0.8447907312097025,A_load,tera,1,1.0,0.4,1.0,0.25,False,1.0,0.3,30
ours,0.8,0.8228299398235924,0.0,1597.08,1597.08,0.8228299398235924,10.031853272482337,0.019248207072788723,0.8532478773390487,1.0,0.0,35.61303754468213,16.02167222441609,0.05739964123400388,0.8223359760284662,0.8914956011730205,0.7368421052631579,0.8411214953271028,0.8223359760284662,0.8914956011730205,0.7368421052631579,0.8411214953271028,0.8229487944479369,A_load,ours,1,1.0,0.4,1.0,0.25,False,1.0,0.3,30
rr_g,0.9,0.4729811445220164,0.21867956681875653,1032.48,822.96,0.37699961519432684,19.49780861952332,0.03406446411228996,1.4881901306506882,1.0,0.0,1.0158232361537336,20.131097443485437,0.07609478847465741,0.4711750226713305,0.7350649350649351,0.21739130434782608,0.49242424242424243,0.3754557400107342,0.5922077922077922,0.17391304347826086,0.4166666666666667,0.38956081059086345,A_load,rr_g,1,1.0,0.4,1.0,0.25,False,1.0,0.3,30
local,1.0,0.17919208573784007,0.19808738664468262,434.72,348.6,0.14369332234130255,53.4932729253639,0.0033140972794723825,0.0,1.0,0.0,0.0,23.254595606114194,0.18147637535847508,0.17867070592739318,0.24876847290640394,0.2631578947368421,0.17829457364341086,0.14334936831066797,0.19704433497536947,0.15789473684210525,0.13178294573643412,0.1575178464661442,A_load,local,1,1.0,0.4,1.0,0.25,False,1.0,0.3,30
epara,0.9,0.6087076026606564,0.2304069778095395,1328.76,1026.68,0.4703241529694171,15.43721352500685,0.0475326626720173,1.157513788869954,1.0,0.0,23.771136682280716,20.512351843488105,0.03460590398211253,0.606906890233746,0.8597402597402597,0.5652173913043478,0.6212121212121212,0.46904669368719115,0.6519480519480519,0.4782608695652174,0.4621212121212121,0.5153442068304182,A_load,epara,1,1.0,0.4,1.0,0.25,False,1.0,0.3,30
rr,1.0,0.2866281945589448,0.22455070074196207,695.36,525.08,0.21643858202802968,32.852411996825495,0.016521022258862324,1.7316075845012366,1.0,0.0,2.155682360358488,22.844253206112576,0.09355622341115233,0.2846680093879521,0.5862068965517241,0.2894736842105263,0.2558139534883721,0.2148243088037019,0.4605911330049261,0.15789473684210525,0.21705426356589147,0.2625911105541562,A_load,rr,1,1.0,0.4,1.0,0.25,False,1.0,0.3,30
rr_g,1.0,0.3499587798845837,0.23010717230008243,849.0,608.32,0.2507502061005771,27.08669635584623,0.0321681780708986,1.667502061005771,1.0,0.0,1.2501702904473777,22.99660520611345,0.09422649117448134,0.34861927193435094,0.5738916256157636,0.23684210526315788,0.3023255813953488,0.24962964195948534,0.43596059113300495,0.10526315789473684,0.23255813953488372,0.25585288263052774,A_load,rr_g,1,1.0,0.4,1.0,0.25,False,1.0,0.3,30
epara_priv,0.9,0.4962344016271783,0.0,1083.24,1083.24,0.4962344016271783,17.8687368657897,0.047257801476920824,1.0939475564839756,1.0,0.0,40.243136377441395,19.356130522498034,0.05330029862479101,0.49442007661984344,0.7480519480519481,0.4782608695652174,0.5075757575757576,0.49442007661984344,0.7480519480519481,0.4782608695652174,0.5075757575757576,0.5570771629531917,A_load,epara_priv,1,1.0,0.4,1.0,0.25,False,1.0,0.3,30
epara_priv,0.9,0.5165191578252982,0.0,1127.52,1127.52,0.5165191578252982,17.016726848647668,0.04146739230022172,1.1254466494420319,1.0,0.0,46.30911059514481,19.186699856387218,0.03581660206705135,0.5145744267392149,0.7896103896103897,0.4782608695652174,0.5227272727272727,0.5145744267392149,0.7896103896103897,0.4782608695652174,0.5227272727272727,0.5762932396605237,A_load,tera,1,1.0,0.4,1.0,0.25,False,1.0,0.3,30
ours,0.9,0.41423414509006284,0.0,904.24,904.24,0.41423414509006284,20.938056338885954,0.025763656020376377,1.16848991259414,1.0,0.0,47.289928794241334,18.933028063874236,0.07679518715362522,0.41189643366091094,0.7246753246753247,0.43478260869565216,0.4621212121212121,0.41189643366091094,0.7246753246753247,0.43478260869565216,0.4621212121212121,0.508368894788275,A_load,ours,1,1.0,0.4,1.0,0.25,False,1.0,0.3,30
epara,1.0,0.2561747732893652,0.22852431986809563,621.48,483.2,0.19917559769167353,37.14261763228892,0.010420445177246496,0.802242374278648,1.0,0.0,21.075443102553393,23.08339400611492,0.05111472795992603,0.2550726567571616,0.42610837438423643,0.21052631578947367,0.24806201550387597,0.19817900361203122,0.3497536945812808,0.18421052631578946,0.1937984496124031,0.23148541853037616,A_load,epara,1,1.0,0.4,1.0,0.25,False,1.0,0.3,30
epara_priv,0.8,0.8413774626988707,0.0,1633.08,1633.08,0.8413774626988707,10.067214631064962,0.09488088368642321,0.777738850877916,1.0,0.0,29.459089426141468,16.44056686969957,0.07208645706956746,0.8411469713049088,0.8944281524926686,0.5263157894736842,0.8317757009345794,0.8411469713049088,0.8944281524926686,0.5263157894736842,0.8317757009345794,0.7734166535514602,B_energy,epara_priv,1,1.0,0.4,1.0,0.25,False,1.0,0.3,30
energy,0.8,0.9655016074519825,0.2133789465007007,1874.0,1475.6,0.7602423542989036,9.08351892655409,0.044637705053169566,0.6994889127029923,1.0,0.0,16.97844598789825,17.022514468362367,0.04547958324217961,0.9654160684187527,0.9853372434017595,0.7894736842105263,0.9719626168224299,0.7603887050793849,0.7771260997067448,0.631578947368421,0.6635514018691588,0.7081612885059274,B_energy,energy,1,1.0,0.4,1.0,0.25,False,1.0,0.3,30
epara_priv,1.0,0.3543116240725474,0.0,859.56,859.56,0.3543116240725474,24.075583836550845,0.02789777411376752,1.0989117889530091,1.0,0.0,42.07230377372004,20.694408842545645,0.09509144404621644,0.3520315594986434,0.6625615763546798,0.2894736842105263,0.46511627906976744,0.3520315594986434,0.6625615763546798,0.2894736842105263,0.46511627906976744,0.44229577478340426,A_load,epara_priv,1,1.0,0.4,1.0,0.25,False,1.0,0.3,30
ours,0.8,0.8228299398235924,0.0,1597.08,1597.08,0.8228299398235924,10.031853272482337,0.019248207072788723,0.8532478773390487,1.0,0.0,35.8550162085793,16.02167222441609,0.05739964123400388,0.8223359760284662,0.8914956011730205,0.7368421052631579,0.8411214953271028,0.8223359760284662,0.8914956011730205,0.7368421052631579,0.8411214953271028,0.8229487944479369,B_energy,ours,1,1.0,0.4,1.0,0.25,False,1.0,0.3,30
epara_priv,1.0,0.3255070074196208,0.0,789.68,789.68,0.3255070074196208,26.203844830896514,0.01147568013190437,1.084138499587799,1.0,0.0,49.17828435302984,20.69265218606236,0.06117311530446649,0.3231686002962864,0.6527093596059114,0.39473684210526316,0.3643410852713178,0.3231686002962864,0.6527093596059114,0.39473684210526316,0.3643410852713178,0.4337389718196947,A_load,tera,1,1.0,0.4,1.0,0.25,False,1.0,0.3,30
ours,1.0,0.311277823577906,0.0,755.16,755.16,0.311277823577906,27.482957769159,0.015218466611706514,1.0849464138499587,1.0,0.0,48.765209947227284,20.754030388958114,0.055336564156058185,0.30890357374702465,0.6502463054187192,0.3157894736842105,0.3488372093023256,0.30890357374702465,0.6502463054187192,0.3157894736842105,0.3488372093023256,0.40594414053806993,A_load,ours,1,1.0,0.4,1.0,0.25,False,1.0,0.3,30
ours,0.8,0.8082804385458742,0.0,1568.84,1568.84,0.8082804385458742,10.097913381512287,0.024462121836616932,0.82066606215481,1.0,0.0,40.63476319224301,15.842010429451737,0.08314284896818674,0.8076450881245189,0.9002932551319648,0.631578947368421,0.8317757009345794,0.8076450881245189,0.9002932551319648,0.631578947368421,0.8317757009345794,0.7928232478898711,B_energy,ours_b,1,1.0,0.4,1.0,0.25,False,1.0,0.3,30
ours,0.8,0.8646649080867199,0.0,1678.28,1678.28,0.8646649080867199,9.600925837532767,0.08886324293133295,0.7168823674882532,1.0,0.0,31.831622213165573,16.11304181461449,0.08214366479535469,0.8646190981542752,0.8944281524926686,0.7368421052631579,0.8130841121495327,0.8646190981542752,0.8944281524926686,0.7368421052631579,0.8130841121495327,0.8272433670149086,B_energy,ours_c,1,1.0,0.4,1.0,0.0,False,1.0,0.3,30
energy,0.8,0.78000577034045,0.20060176407550903,1513.96,1206.08,0.6213832330393207,10.592584615817367,0.004286538620064298,0.9868106503998022,0.8666666666666666,40.800000000000004,29.43884834033064,16.036749404962862,0.04154477770080832,0.778721102024679,0.9501466275659824,0.6842105263157895,0.8317757009345794,0.6206796096302307,0.7360703812316716,0.5789473684210527,0.5794392523364486,0.6287841529048509,B_energy,energy,1,1.0,0.4,1.0,0.25,True,1.0,0.3,30
epara_priv,0.8,0.8010056879070151,0.0,1554.72,1554.72,0.8010056879070151,9.438916280368874,0.005543648503833155,0.9389786497403346,0.8599999999999999,40.800000000000004,44.113363491233144,14.674871919415095,0.058945403357321326,0.8008614769960671,0.8504398826979472,0.7368421052631579,0.719626168224299,0.8008614769960671,0.8504398826979472,0.7368421052631579,0.719626168224299,0.7769424082953679,B_energy,epara_priv,1,1.0,0.4,1.0,0.25,True,1.0,0.3,30
ours,0.8,0.8086513890033797,0.0,1569.56,1569.56,0.8086513890033797,9.909066301156296,0.0007625092737614376,0.916865880801253,0.8986666666666666,33.6,52.71963932920734,15.552874103642878,0.03674054691370985,0.8082277295711343,0.8797653958944281,0.6842105263157895,0.794392523364486,0.8082277295711343,0.8797653958944281,0.6842105263157895,0.794392523364486,0.7916490437864594,B_energy,ours,1,1.0,0.4,1.0,0.25,True,1.0,0.3,30
ours,0.8,0.7706907921853103,0.0,1495.88,1495.88,0.7706907921853103,10.249732169353198,0.008634902316379523,0.9362583463852939,0.8946666666666667,38.4,47.12914655792435,15.332369357492063,0.0668403541306403,0.7697942027176061,0.9002932551319648,0.6842105263157895,0.7757009345794392,0.7697942027176061,0.9002932551319648,0.6842105263157895,0.7757009345794392,0.7824997296861999,B_energy,ours_c,1,1.0,0.4,1.0,0.0,True,1.0,0.3,30
ours,0.8,0.8094757233533921,0.0,1571.16,1571.16,0.8094757233533921,9.796637216337968,0.0017723188525265849,0.9240788063638612,0.8893333333333334,38.4,58.0453938064089,15.392084528821563,0.06532408537243095,0.8089560313794036,0.8944281524926686,0.6842105263157895,0.794392523364486,0.8089560313794036,0.8944281524926686,0.6842105263157895,0.794392523364486,0.7954968083880869,B_energy,ours_b,1,1.0,0.4,1.0,0.25,True,1.0,0.3,30
energy,0.8,0.8319182260324788,0.21717088451075756,1614.72,1269.12,0.653862006429808,11.072265698305266,0.20478526090182178,0.9625752205094387,1.0,0.0,30.383032871761177,17.87860886836748,0.0024437002430850335,0.8308675114967643,0.9736070381231672,0.631578947368421,0.8878504672897196,0.6530370185404831,0.7859237536656891,0.47368421052631576,0.6355140186915887,0.6370397503560192,B_energy,energy,1,0.7,0.4,1.0,0.25,False,1.0,0.3,30
epara_priv,0.8,0.7936072871156541,0.0,1540.36,1540.36,0.7936072871156541,11.214997961049688,0.22545544472838183,0.8739798862418597,1.0,0.0,43.95689626435105,17.275134259282495,0.011806219552129397,0.7933079468131594,0.8826979472140762,0.3684210526315789,0.719626168224299,0.7933079468131594,0.8826979472140762,0.3684210526315789,0.719626168224299,0.6910132787207783,B_energy,epara_priv,1,0.7,0.4,1.0,0.25,False,1.0,0.3,30
ours,0.8,0.5435248536806528,0.0,1054.96,1054.96,0.5435248536806528,16.139652043959316,0.11600445140549007,1.2456928530211855,1.0,0.0,57.142189081225666,17.02668732029532,0.03416137838589401,0.5412739039057786,0.8504398826979472,0.631578947368421,0.5607476635514018,0.5412739039057786,0.8504398826979472,0.631578947368421,0.5607476635514018,0.6460100993808873,B_energy,ours,1,0.7,0.4,1.0,0.25,False,1.0,0.3,30
ours,0.8,0.7439205341686588,0.0,1443.92,1443.92,0.7439205341686588,11.57395384610033,0.13312999752699695,1.0147143681477206,1.0,0.0,55.34009514633252,16.71186343746119,0.009503137837201844,0.7429926961732942,0.9002932551319648,0.5263157894736842,0.7009345794392523,0.7429926961732942,0.9002932551319648,0.5263157894736842,0.7009345794392523,0.7176340800545489,B_energy,ours_b,1,0.7,0.4,1.0,0.25,False,1.0,0.3,30
ours,0.8,0.7532767290412992,0.0,1462.08,1462.08,0.7532767290412992,11.492843492563734,0.18228093314648422,0.9014302200972715,1.0,0.0,35.80971308001887,16.803456613607583,0.006461169601302038,0.7528143662733837,0.8563049853372434,0.5789473684210527,0.6635514018691588,0.7528143662733837,0.8563049853372434,0.5789473684210527,0.6635514018691588,0.7129045304752096,B_energy,ours_c,1,0.7,0.4,1.0,0.0,False,1.0,0.3,30
epara_priv,0.8,0.7335957464347539,0.0,1423.88,1423.88,0.7335957464347539,9.084445575330248,0.005049047893825736,1.1119033880141787,0.7146666666666667,86.39999999999999,40.606451832387314,12.935160365801233,0.01282532774936156,0.7332542605655784,0.7976539589442815,0.5789473684210527,0.7102803738317757,0.7332542605655784,0.7976539589442815,0.5789473684210527,0.7102803738317757,0.705033990440672,B_energy,epara_priv,1,0.7,0.4,1.0,0.25,True,1.0,0.3,30
energy,0.8,0.39320748495589813,0.1668452724425027,763.2,586.6,0.30222158107328334,17.316052453720374,0.007233533921358503,1.5676984584947655,0.624,112.8,35.65100102160993,13.21561123267939,0.016450960010998803,0.389766319162661,0.8123167155425219,0.42105263157894735,0.5981308411214953,0.2994777035603554,0.6392961876832844,0.3684210526315789,0.4485981308411215,0.4389482686790851,B_energy,energy,1,0.7,0.4,1.0,0.25,True,1.0,0.3,30
ours,0.8,0.47749567224466244,0.0,926.8,926.8,0.47749567224466244,14.532152289058182,0.003956804880059352,1.3877462698870662,0.6373333333333333,112.8,52.06616077443459,13.468398741499122,0.008806642414159958,0.47487358761470755,0.7947214076246334,0.7368421052631579,0.5981308411214953,0.47487358761470755,0.7947214076246334,0.7368421052631579,0.5981308411214953,0.6511419854059985,B_energy,ours,1,0.7,0.4,1.0,0.25,True,1.0,0.3,30
ours,0.8,0.584061495342511,0.0,1133.64,1133.64,0.584061495342511,12.092919428403958,0.00636798285384552,1.2811804467892176,0.6506666666666666,98.39999999999999,53.38647196904554,13.709017180815863,0.007600897804496552,0.5826622552385708,0.750733137829912,0.5789473684210527,0.6822429906542056,0.5826622552385708,0.750733137829912,0.5789473684210527,0.6822429906542056,0.6486464380359352,B_energy,ours_b,1,0.7,0.4,1.0,0.25,True,1.0,0.3,30
epara_priv,0.8,0.7008902810980133,0.0,1360.4,1360.4,0.7008902810980133,12.91797398147752,0.31806940895227104,0.9989489737037343,1.0,0.0,36.379239322479314,17.573611804402017,0.0,0.7001893584701501,0.8768328445747801,0.21052631578947367,0.5420560747663551,0.7001893584701501,0.8768328445747801,0.21052631578947367,0.5420560747663551,0.5824011484001896,B_energy,epara_priv,1,0.5,0.4,1.0,0.25,False,1.0,0.3,30
ours,0.8,0.4577116478443657,0.0,888.4,888.4,0.4577116478443657,15.341026081779944,0.012694748990190421,1.1482359244909734,0.6666666666666667,98.39999999999999,44.03571704014176,13.628967571053302,0.008036309539767531,0.4552718646607154,0.7917888563049853,0.42105263157894735,0.4953271028037383,0.4552718646607154,0.7917888563049853,0.42105263157894735,0.4953271028037383,0.5408601138370965,B_energy,ours_c,1,0.7,0.4,1.0,0.0,True,1.0,0.3,30
energy,0.8,0.39850383315472754,0.2154397823757316,773.48,606.44,0.31244332701343663,24.977228200309174,0.16977165938504657,1.39732915670596,1.0,0.0,34.533993269475275,19.31938646837514,0.0,0.3954470732671619,0.873900293255132,0.21052631578947367,0.2897196261682243,0.30990282373015376,0.7067448680351907,0.10526315789473684,0.2336448598130841,0.33888892736829135,B_energy,energy,1,0.5,0.4,1.0,0.25,False,1.0,0.3,30
ours,0.8,0.5194748990190421,0.0,1008.28,1008.28,0.5194748990190421,17.955530820954596,0.25300882037754513,1.1931003214903966,1.0,0.0,54.32776659961695,18.1042026161521,8.73166147718094e-05,0.5175728822023846,0.841642228739003,0.3157894736842105,0.38317757009345793,0.5175728822023846,0.841642228739003,0.3157894736842105,0.38317757009345793,0.5145455386797639,B_energy,ours,1,0.5,0.4,1.0,0.25,False,1.0,0.3,30
ours,0.8,0.5314895721704723,0.0,1031.6,1031.6,0.5314895721704723,17.40784066054532,0.2260736954908911,1.1732132552963481,1.0,0.0,55.03083688522242,17.957928425418554,0.0,0.5294754146118151,0.8533724340175953,0.47368421052631576,0.4205607476635514,0.5294754146118151,0.8533724340175953,0.47368421052631576,0.4205607476635514,0.5692732017048194,B_energy,ours_b,1,0.5,0.4,1.0,0.25,False,1.0,0.3,30
ours,0.8,0.561206825488418,0.0,1089.28,1089.28,0.561206825488418,16.320186363898785,0.23588327425603825,1.0278212843129173,1.0,0.0,39.45563403801052,17.77725260246767,0.0,0.559668726720353,0.8269794721407625,0.3157894736842105,0.4485981308411215,0.559668726720353,0.8269794721407625,0.3157894736842105,0.4485981308411215,0.5377589508466118,B_energy,ours_c,1,0.5,0.4,1.0,0.0,False,1.0,0.3,30
epara_priv,0.8,0.5752205094386283,0.0,1116.48,1116.48,0.5752205094386283,8.68153011241199,0.030005770340450086,1.3263539691698953,0.516,146.4,47.5905641096657,9.69275473990574,0.011036047902852043,0.5752335767942235,0.5982404692082112,0.3684210526315789,0.5327102803738317,0.5752335767942235,0.5982404692082112,0.3684210526315789,0.5327102803738317,0.5186513447519613,B_energy,epara_priv,1,0.5,0.4,1.0,0.25,True,1.0,0.3,30
energy,0.8,0.29906850218448605,0.1208474157118127,580.48,459.2,0.23658395845354876,16.724018975036994,0.009273761437639106,1.6945841233204189,0.3600000000000001,172.79999999999998,39.46700145226873,9.707958534629476,0.0,0.2967517739351187,0.592375366568915,0.2631578947368421,0.411214953271028,0.23492935472459786,0.44868035190615835,0.15789473684210525,0.3177570093457944,0.289815363204664,B_energy,energy,1,0.5,0.4,1.0,0.25,True,1.0,0.3,30
ours,0.8,0.4142280108812134,0.0,804.0,804.0,0.4142280108812134,12.739301184998668,0.010242354298903635,1.4291278542576868,0.4706666666666667,160.8,54.54589093541273,10.242398152738929,0.0,0.4124269097113844,0.6598240469208211,0.3684210526315789,0.4485981308411215,0.4124269097113844,0.6598240469208211,0.3684210526315789,0.4485981308411215,0.4723175350262265,B_energy,ours,1,0.5,0.4,1.0,0.25,True,1.0,0.3,30
ours,0.8,0.42986975517269804,0.0,834.36,834.36,0.42986975517269804,12.709487839044193,0.016177561618992663,1.4885623608935785,0.4120000000000001,172.79999999999998,60.51935054412734,10.604288273384913,0.0,0.42849116673949683,0.6011730205278593,0.3157894736842105,0.5233644859813084,0.42849116673949683,0.6011730205278593,0.3157894736842105,0.5233644859813084,0.4672045367332188,B_energy,ours_b,1,0.5,0.4,1.0,0.25,True,1.0,0.3,30
ours,0.8,0.3276935124886654,0.0,636.04,636.04,0.3276935124886654,16.87148374403975,0.0040804550325612065,1.1283694666556756,0.43200000000000005,160.8,43.834538246713585,10.730938520559043,0.0,0.3258422290197058,0.5659824046920822,0.42105263157894735,0.38317757009345793,0.3258422290197058,0.5659824046920822,0.42105263157894735,0.38317757009345793,0.4240137088460483,B_energy,ours_c,1,0.5,0.4,1.0,0.0,True,1.0,0.3,30
energy,0.8,0.31353557002720306,0.2294534663259418,608.56,478.92,0.24674387931745115,32.73756945638402,0.17442914846261642,1.346261643722694,1.0,0.0,31.697749614366035,19.922775268377062,0.0,0.31083921176935725,0.750733137829912,0.05263157894736842,0.17757009345794392,0.2446053644630335,0.592375366568915,0.05263157894736842,0.14018691588785046,0.25744980646679183,B_energy,energy,1,0.35,0.4,1.0,0.25,False,1.0,0.3,30
epara_priv,0.8,0.502534828126288,0.0,975.4,975.4,0.502534828126288,19.18166673168199,0.3349270464100239,1.1620229164949303,1.0,0.0,40.55548799860675,18.709797730082613,0.0,0.5009467923507501,0.8240469208211144,0.21052631578947367,0.24299065420560748,0.5009467923507501,0.8240469208211144,0.21052631578947367,0.24299065420560748,0.44462767079173643,B_energy,epara_priv,1,0.35,0.4,1.0,0.25,False,1.0,0.3,30
ours,0.8,0.324334350012365,0.0,629.52,629.52,0.324334350012365,29.979024846376447,0.21195696974692935,1.339605143846344,1.0,0.0,55.36947565001074,18.8723957212909,0.0,0.32143080092390286,0.8064516129032258,0.10526315789473684,0.1308411214953271,0.32143080092390286,0.8064516129032258,0.10526315789473684,0.1308411214953271,0.34099667330429817,B_energy,ours,1,0.35,0.4,1.0,0.25,False,1.0,0.3,30
ours,0.8,0.45074602258676116,0.0,874.88,874.88,0.45074602258676116,20.995775474437192,0.31289671090594345,0.9233162970900998,1.0,0.0,36.93921563980494,18.36878404707561,0.0,0.44927898120981336,0.7653958944281525,0.10526315789473684,0.16822429906542055,0.44927898120981336,0.7653958944281525,0.10526315789473684,0.16822429906542055,0.3720405831495308,B_energy,ours_c,1,0.35,0.4,1.0,0.0,False,1.0,0.3,30
ours,0.8,0.35423707855906356,0.0,687.56,687.56,0.35423707855906356,27.206176831457775,0.2104937762756574,1.2711029593603165,1.0,0.0,58.20159823235655,18.705878942237106,0.0,0.35179058201718794,0.7624633431085044,0.05263157894736842,0.205607476635514,0.35179058201718794,0.7624633431085044,0.05263157894736842,0.205607476635514,0.34312324517714365,B_energy,ours_b,1,0.35,0.4,1.0,0.25,False,1.0,0.3,30
epara_priv,0.8,0.46783035199076745,0.0,908.04,908.04,0.46783035199076745,8.050562989933955,0.017991097189019867,1.4741571181271123,0.3306666666666667,204.0,49.60568723554176,7.310233217379627,0.0,0.46819401960172297,0.436950146627566,0.42105263157894735,0.411214953271028,0.46819401960172297,0.436950146627566,0.42105263157894735,0.411214953271028,0.4343529377698161,B_energy,epara_priv,1,0.35,0.4,1.0,0.25,True,1.0,0.3,30
energy,0.8,0.20997856730689968,0.08904871816008574,407.56,318.68,0.1641867941637128,18.05158594264295,0.0058115571675871735,1.786188277965543,0.22266666666666665,213.6,40.59911780828594,7.357104366783561,0.0,0.2082943171650332,0.41055718475073316,0.42105263157894735,0.2897196261682243,0.16293151882139958,0.31671554252199413,0.3684210526315789,0.205607476635514,0.26341889765262166,B_energy,energy,1,0.35,0.4,1.0,0.25,True,1.0,0.3,30
ours,0.8,0.26030417937515454,0.0,505.24,505.24,0.26030417937515454,14.554141827326305,0.009005852773885088,1.684403594097766,0.21866666666666665,211.2,61.89820889083486,7.353334616838342,0.0,0.25858875918180496,0.4838709677419355,0.21052631578947367,0.32710280373831774,0.25858875918180496,0.4838709677419355,0.21052631578947367,0.32710280373831774,0.32002221161288297,B_energy,ours,1,0.35,0.4,1.0,0.25,True,1.0,0.3,30
epara,0.8,0.9818852526584783,0.0,1905.8,1905.8,0.9818852526584783,8.988749747278668,0.08618415629379277,0.6285549418844283,1.0,0.0,12.957573955316505,17.130759268363683,0.06604157487448888,0.9820213496472938,0.9824046920821115,0.6842105263157895,0.9719626168224299,0.9820213496472938,0.9824046920821115,0.6842105263157895,0.9719626168224299,0.9051497962169062,C_privacy,epara,1,1.0,0.0,1.0,0.25,False,1.0,0.3,30
ours,0.8,0.35234110955403514,0.0,683.88,683.88,0.35234110955403514,10.475605298237657,0.01368395021020526,1.6292556260819389,0.25466666666666665,211.2,65.78019180195125,7.164056951358768,0.0,0.35189462513265496,0.41055718475073316,0.21052631578947367,0.3925233644859813,0.35189462513265496,0.41055718475073316,0.21052631578947367,0.3925233644859813,0.3413753725397108,B_energy,ours_b,1,0.35,0.4,1.0,0.25,True,1.0,0.3,30
epara_priv,0.8,0.9818852526584783,0.0,1905.8,1905.8,0.9818852526584783,8.988749747278668,0.08618415629379277,0.6285549418844283,1.0,0.0,21.749576101247673,17.130759268363683,0.06604157487448888,0.9820213496472938,0.9824046920821115,0.6842105263157895,0.9719626168224299,0.9820213496472938,0.9824046920821115,0.6842105263157895,0.9719626168224299,0.9051497962169062,C_privacy,epara_priv,1,1.0,0.0,1.0,0.25,False,1.0,0.3,30
ours,0.8,0.2075879976918638,0.0,402.92,402.92,0.2075879976918638,19.214425845311066,0.010077487428901162,1.1492869507872394,0.23466666666666666,204.0,46.572393431492976,7.741876461592734,0.0,0.20602617724785152,0.4222873900293255,0.2631578947368421,0.21495327102803738,0.20602617724785152,0.4222873900293255,0.2631578947368421,0.21495327102803738,0.2766061832605141,B_energy,ours_c,1,0.35,0.4,1.0,0.0,True,1.0,0.3,30
epara,0.8,0.9818852526584783,0.10598878905283983,1905.8,1704.92,0.8783900750144259,8.988749747278668,0.08618415629379277,0.6285549418844283,1.0,0.0,14.057324331356195,17.130759268363683,0.06604157487448888,0.9820213496472938,0.9824046920821115,0.6842105263157895,0.9719626168224299,0.8786024928730466,0.8856304985337243,0.5789473684210527,0.8130841121495327,0.7890661179943391,C_privacy,epara,1,1.0,0.2,1.0,0.25,False,1.0,0.3,30
epara_priv,0.8,0.9351867117302778,0.0,1815.16,1815.16,0.9351867117302778,9.59040396899703,0.109533426757893,0.7766053911466491,1.0,0.0,29.877376605249705,17.40811766836465,0.05178692389951837,0.9349522442100007,0.9882697947214076,0.6842105263157895,0.9158878504672897,0.9349522442100007,0.9882697947214076,0.6842105263157895,0.9158878504672897,0.8808301039286218,C_privacy,tera,1,1.0,0.0,1.0,0.25,False,1.0,0.3,30
epara,0.8,0.9818852526584783,0.20925727475063885,1905.8,1509.16,0.777532767290413,8.988749747278668,0.08618415629379277,0.6285549418844283,1.0,0.0,13.482656763404178,17.130759268363683,0.06604157487448888,0.9820213496472938,0.9824046920821115,0.6842105263157895,0.9719626168224299,0.7780552260856899,0.7448680351906158,0.5263157894736842,0.6915887850467289,0.6852069589491797,C_privacy,epara,1,1.0,0.4,1.0,0.25,False,1.0,0.3,30
epara_priv,0.8,0.9310032149039651,0.0,1807.04,1807.04,0.9310032149039651,9.434285825669873,0.14098178221086471,0.7110502019619157,1.0,0.0,24.95597529037785,17.048131858418486,0.05076762079156826,0.9309986058222527,0.9560117302052786,0.7368421052631579,0.8878504672897196,0.9309986058222527,0.9560117302052786,0.7368421052631579,0.8878504672897196,0.8779257271451022,C_privacy,epara_priv,1,1.0,0.2,1.0,0.25,False,1.0,0.3,30
epara_priv,0.8,0.9325900585277388,0.0,1810.12,1810.12,0.9325900585277388,9.36320313479302,0.08678179869755173,0.7718860769928283,1.0,0.0,29.99462311009361,16.94852125835154,0.05385948522811532,0.9323511663233244,0.9765395894428153,0.631578947368421,0.9532710280373832,0.9323511663233244,0.9765395894428153,0.631578947368421,0.9532710280373832,0.873435182792986,C_privacy,tera,1,1.0,0.2,1.0,0.25,False,1.0,0.3,30
epara_priv,0.8,0.8180281922347704,0.0,1587.76,1587.76,0.8180281922347704,10.044047850310303,0.09675624433270134,0.7478155139724673,1.0,0.0,28.542990765706683,15.947537414808687,0.09834100898479231,0.8177996961941029,0.8768328445747801,0.631578947368421,0.7663551401869159,0.8177996961941029,0.8768328445747801,0.631578947368421,0.7663551401869159,0.773141657081055,C_privacy,epara_priv,1,1.0,0.4,1.0,0.25,False,1.0,0.3,30
epara,0.8,0.9818852526584783,0.3123815019371857,1905.8,1313.68,0.6768197180776523,8.988749747278668,0.08618415629379277,0.6285549418844283,1.0,0.0,13.818028746853825,17.130759268363683,0.06604157487448888,0.9820213496472938,0.9824046920821115,0.6842105263157895,0.9719626168224299,0.6777576627754541,0.5865102639296188,0.2631578947368421,0.616822429906542,0.5360620628371142,C_privacy,epara,1,1.0,0.6,1.0,0.25,False,1.0,0.3,30
epara_priv,0.8,0.8589357843541341,0.0,1667.16,1667.16,0.8589357843541341,9.638696744904545,0.09442749979391642,0.7186959030582805,1.0,0.0,30.897889046871825,16.069249665235063,0.0830683622522926,0.8589175354266808,0.8944281524926686,0.631578947368421,0.794392523364486,0.8589175354266808,0.8944281524926686,0.631578947368421,0.794392523364486,0.7948292896630642,C_privacy,tera,1,1.0,0.4,1.0,0.25,False,1.0,0.3,30
epara,0.8,0.9818852526584783,0.41758717335751383,1905.8,1113.92,0.5739015744786086,8.988749747278668,0.08618415629379277,0.6285549418844283,1.0,0.0,13.710176511298753,17.130759268363683,0.06604157487448888,0.9820213496472938,0.9824046920821115,0.6842105263157895,0.9719626168224299,0.5748382129554488,0.47214076246334313,0.21052631578947367,0.5420560747663551,0.4498903414936552,C_privacy,epara,1,1.0,0.8,1.0,0.25,False,1.0,0.3,30
epara_priv,0.8,0.6255255131481329,0.0,1214.12,1214.12,0.6255255131481329,12.206027931094374,0.03715687082680735,0.8175954167010139,1.0,0.0,33.12335276311612,14.819582631700303,0.11256663577460654,0.6247372911334457,0.7536656891495601,0.47368421052631576,0.5981308411214953,0.6247372911334457,0.7536656891495601,0.47368421052631576,0.5981308411214953,0.6125545079827043,C_privacy,epara_priv,1,1.0,0.6,1.0,0.25,False,1.0,0.3,30
epara_priv,0.8,0.707134613799357,0.0,1372.52,1372.52,0.707134613799357,11.308899313005597,0.06584370620723766,0.8126494106009398,1.0,0.0,36.54577789963195,15.521690485086442,0.06730725136394715,0.7063903281519862,0.8269794721407625,0.7368421052631579,0.6542056074766355,0.7063903281519862,0.8269794721407625,0.7368421052631579,0.6542056074766355,0.7311043782581356,C_privacy,tera,1,1.0,0.6,1.0,0.25,False,1.0,0.3,30
epara_priv,0.8,0.41426922759871404,0.0,804.08,804.08,0.41426922759871404,16.739655559441772,0.00828456021762427,0.7672079795565081,1.0,0.0,35.989095808552904,13.460022242235938,0.2057599097016207,0.41273903905778553,0.6480938416422287,0.3157894736842105,0.37383177570093457,0.41273903905778553,0.6480938416422287,0.3157894736842105,0.37383177570093457,0.43761353252128987,C_privacy,epara_priv,1,1.0,0.8,1.0,0.25,False,1.0,0.3,30
epara_priv,0.8,0.3536394361553046,0.0,686.4,686.4,0.3536394361553046,20.21866497391799,0.013148132882697222,0.7583257769351249,1.0,0.0,42.44718113827367,13.878091638097308,0.19174580964576704,0.35187381650956157,0.6099706744868035,0.3157894736842105,0.3364485981308411,0.35187381650956157,0.6099706744868035,0.3157894736842105,0.3364485981308411,0.4035206407028542,C_privacy,tera,1,1.0,0.8,1.0,0.25,False,1.0,0.3,30
ours,0.8,0.7008902810980133,0.0,1360.4,1360.4,0.7008902810980133,12.91797398147752,0.31806940895227104,0.9989489737037343,1.0,0.0,39.57702727924769,17.573611804402017,0.0,0.7001893584701501,0.8768328445747801,0.21052631578947367,0.5420560747663551,0.7001893584701501,0.8768328445747801,0.21052631578947367,0.5420560747663551,0.5824011484001896,D_ablate,ours,1,0.5,0.4,0.0,0.0,False,1.0,0.3,30
ours,0.8,0.5752205094386283,0.0,1116.48,1116.48,0.5752205094386283,8.68153011241199,0.030005770340450086,1.3263539691698953,0.516,146.4,49.11380125674477,9.69275473990574,0.011036047902852043,0.5752335767942235,0.5982404692082112,0.3684210526315789,0.5327102803738317,0.5752335767942235,0.5982404692082112,0.3684210526315789,0.5327102803738317,0.5186513447519613,D_ablate,ours,1,0.5,0.4,0.0,0.0,True,1.0,0.3,30
ours,0.8,0.6195284807517929,0.0,1202.48,1202.48,0.6195284807517929,14.717487472544864,0.24359080042865386,1.0876267414063143,1.0,0.0,48.47614311115057,17.69748433598575,2.8853917849135972e-05,0.6185571300747029,0.8093841642228738,0.42105263157894735,0.48598130841121495,0.6185571300747029,0.8093841642228738,0.42105263157894735,0.48598130841121495,0.5837438085719348,D_ablate,ours,1,0.5,0.4,0.0,0.25,False,1.0,0.3,30
ours,0.8,0.5802077322562031,0.0,1126.16,1126.16,0.5802077322562031,9.627653006879884,0.01203528151018053,1.3451487923501773,0.532,148.8,54.2733192643033,10.84227771022785,0.0,0.5796450048900265,0.6744868035190615,0.5263157894736842,0.5420560747663551,0.5796450048900265,0.6744868035190615,0.5263157894736842,0.5420560747663551,0.5806259181622818,D_ablate,ours,1,0.5,0.4,0.0,0.25,True,1.0,0.3,30
ours,0.8,0.4853474569285302,0.0,942.04,942.04,0.4853474569285302,19.21350208727534,0.2050737779243261,1.1697510510262963,1.0,0.0,45.219535075828446,18.099887506296863,0.0,0.48330107996753857,0.8181818181818182,0.3157894736842105,0.37383177570093457,0.48330107996753857,0.8181818181818182,0.3157894736842105,0.37383177570093457,0.4977760368836255,D_ablate,ours,1,0.5,0.4,0.5,0.0,False,1.0,0.3,30
ours,0.8,0.4773926304509109,0.0,926.6,926.6,0.4773926304509109,11.405956917274198,0.017022504327755338,1.4317863325364768,0.4426666666666667,163.20000000000002,51.127240234747326,10.568759679546272,0.004472898820367425,0.47635099985433965,0.6041055718475073,0.21052631578947367,0.5887850467289719,0.47635099985433965,0.6041055718475073,0.21052631578947367,0.5887850467289719,0.46994198355507316,D_ablate,ours,1,0.5,0.4,0.5,0.0,True,1.0,0.3,30
ours,0.8,0.48586266589728794,0.0,943.04,943.04,0.48586266589728794,18.798911700915593,0.18248701673398732,1.1599002555436484,1.0,0.0,45.509959607097834,17.72812569043144,0.0,0.4836964438063133,0.8299120234604106,0.3157894736842105,0.3925233644859813,0.4836964438063133,0.8299120234604106,0.3157894736842105,0.3925233644859813,0.5054803263592289,D_ablate,ours,1,0.5,0.4,1.0,0.0,False,1.0,0.3,30
ours,0.8,0.3603165443904047,0.0,699.36,699.36,0.3603165443904047,15.017680821123198,0.009768362047646525,1.521391476382821,0.4346666666666667,165.6,54.69641525131243,10.50276525906072,0.0,0.3584077241608923,0.6217008797653959,0.3157894736842105,0.3925233644859813,0.3584077241608923,0.6217008797653959,0.3157894736842105,0.3925233644859813,0.42210536052411995,D_ablate,ours,1,0.5,0.4,1.0,0.0,True,1.0,0.3,30
ours,0.8,0.5194748990190421,0.0,1008.28,1008.28,0.5194748990190421,17.955530820954596,0.25300882037754513,1.1931003214903966,1.0,0.0,51.789433543386316,18.1042026161521,8.73166147718094e-05,0.5175728822023846,0.841642228739003,0.3157894736842105,0.38317757009345793,0.5175728822023846,0.841642228739003,0.3157894736842105,0.38317757009345793,0.5145455386797639,D_ablate,ours,1,0.5,0.4,1.0,0.25,False,1.0,0.3,30
ours,0.8,0.4142280108812134,0.0,804.0,804.0,0.4142280108812134,12.739301184998668,0.010242354298903635,1.4291278542576868,0.4706666666666667,160.8,56.519861669218905,10.242398152738929,0.0,0.4124269097113844,0.6598240469208211,0.3684210526315789,0.4485981308411215,0.4124269097113844,0.6598240469208211,0.3684210526315789,0.4485981308411215,0.4723175350262265,D_ablate,ours,1,0.5,0.4,1.0,0.25,True,1.0,0.3,30
ours,0.8,0.4958577198911879,0.0,962.44,962.44,0.4958577198911879,18.627166459682655,0.213667463523205,1.2526378699200396,1.0,0.0,53.17854044945793,17.927530087456976,0.0,0.493476496660216,0.8651026392961877,0.5263157894736842,0.38317757009345793,0.493476496660216,0.8651026392961877,0.5263157894736842,0.38317757009345793,0.5670181238808865,D_ablate,ours,1,0.5,0.4,2.0,0.25,False,1.0,0.3,30
ours,0.8,0.3746393537218696,0.0,727.16,727.16,0.3746393537218696,14.103176357508731,0.0049047893825735715,1.5270381666804056,0.456,170.39999999999998,57.261120517483526,10.255265720126049,0.0,0.37230788438729007,0.6832844574780058,0.3684210526315789,0.4392523364485981,0.37230788438729007,0.6832844574780058,0.3684210526315789,0.4392523364485981,0.46581643273636825,D_ablate,ours,1,0.5,0.4,2.0,0.25,True,1.0,0.3,30
ours,0.8,0.5202167999340532,0.0,1009.72,1009.72,0.5202167999340532,17.784265519061968,0.22895886571593438,1.2251051026296267,1.0,0.0,53.31906769338668,17.957128579907252,0.0,0.5182179495182804,0.844574780058651,0.2631578947368421,0.42990654205607476,0.5182179495182804,0.844574780058651,0.2631578947368421,0.42990654205607476,0.5139642915924622,D_ablate,ours,1,0.5,0.4,1.0,0.4,False,1.0,0.3,30
epara_priv,0.8,0.6255255131481329,0.0,1214.12,1214.12,0.6255255131481329,12.206027931094374,0.03715687082680735,0.8175954167010139,1.0,0.0,38.023111648498556,14.819582631700303,0.11256663577460654,0.6247372911334457,0.7536656891495601,0.47368421052631576,0.5981308411214953,0.6247372911334457,0.7536656891495601,0.47368421052631576,0.5981308411214953,0.6125545079827043,D_gamma,tera,1,1.0,0.6,1.0,0.25,False,1.0,1.0,30
epara_priv,0.8,0.7021061742642816,0.0,1362.76,1362.76,0.7021061742642816,10.966065103289528,0.03385953342675789,0.7580166515538702,1.0,0.0,35.08442050173602,14.944114880158839,0.10483115419948051,0.7013962586095678,0.8181818181818182,0.631578947368421,0.6635514018691588,0.7013962586095678,0.8181818181818182,0.631578947368421,0.6635514018691588,0.7036771065072416,D_gamma,tera,1,1.0,0.6,1.0,0.25,False,1.0,0.5,30
ours,0.8,0.3638611820954579,0.0,706.24,706.24,0.3638611820954579,14.716391373088177,0.010324787733904871,1.5423707855906355,0.4213333333333334,165.6,61.914718690924566,10.393304243329794,0.0,0.3614665917556235,0.6715542521994134,0.42105263157894735,0.4485981308411215,0.3614665917556235,0.6715542521994134,0.42105263157894735,0.4485981308411215,0.4756679015937765,D_ablate,ours,1,0.5,0.4,1.0,0.4,True,1.0,0.3,30
rr,0.8,0.7481658560712224,0.2034457175830517,1452.16,1165.44,0.6004451405490067,11.767907164750223,0.05236583958453549,1.1577569862336163,1.0,0.0,1.4058408605059047,17.088884068363683,0.06383300837258361,0.7472584639074432,0.8709677419354839,0.5789473684210527,0.794392523364486,0.5997669434213538,0.7008797653958945,0.47368421052631576,0.6074766355140186,0.5954518887143957,E_stale,rr,1,1.0,0.4,1.0,0.25,False,0.1,0.3,30
epara_priv,0.8,0.6720385788475806,0.0,1304.4,1304.4,0.6720385788475806,11.503995851462859,0.048883026955733246,0.7625917071964389,1.0,0.0,34.50173809318254,15.005812188648154,0.10265773919124321,0.6712029465010301,0.7947214076246334,0.5789473684210527,0.6728971962616822,0.6712029465010301,0.7947214076246334,0.5789473684210527,0.6728971962616822,0.6794422297020996,D_gamma,tera,1,1.0,0.6,1.0,0.25,False,1.0,0.1,30
epara_priv,0.8,0.707134613799357,0.0,1372.52,1372.52,0.707134613799357,11.308899313005597,0.06584370620723766,0.8126494106009398,1.0,0.0,36.86351861717098,15.521690485086442,0.06730725136394715,0.7063903281519862,0.8269794721407625,0.7368421052631579,0.6542056074766355,0.7063903281519862,0.8269794721407625,0.7368421052631579,0.6542056074766355,0.7311043782581356,D_gamma,tera,1,1.0,0.6,1.0,0.25,False,1.0,0.3,30
epara,0.8,0.997671255461215,0.2133789465007007,1936.44,1523.36,0.7848487346467727,8.901744266987162,0.12165114170307477,0.6068749484791032,1.0,0.0,12.909957995074619,17.237693668364624,0.06436894886514133,0.9977526687059117,0.9970674486803519,0.7894736842105263,1.0,0.7851093493143558,0.7800586510263929,0.631578947368421,0.7102803738317757,0.7267568303852363,E_stale,epara,1,1.0,0.4,1.0,0.25,False,0.1,0.3,30
epara_priv,0.8,0.8554323633665815,0.0,1660.36,1660.36,0.8554323633665815,9.888528201325897,0.08533921358503009,0.7126576539444399,1.0,0.0,26.43495148298852,16.418516684353467,0.06705662512016715,0.8550679401544,0.9149560117302052,0.8947368421052632,0.822429906542056,0.8550679401544,0.9149560117302052,0.8947368421052632,0.822429906542056,0.8717976751329811,E_stale,epara_priv,1,1.0,0.4,1.0,0.25,False,0.1,0.3,30
rr,1.0,0.2866281945589448,0.22455070074196207,695.36,525.08,0.21643858202802968,32.852411996825495,0.016521022258862324,1.7316075845012366,1.0,0.0,2.0560339533820633,22.844253206112576,0.09355622341115231,0.2846680093879521,0.5862068965517241,0.2894736842105263,0.2558139534883721,0.2148243088037019,0.4605911330049261,0.15789473684210525,0.21705426356589147,0.2625911105541562,E_stale,rr,1,1.0,0.4,1.0,0.25,False,0.1,0.3,30
rr,0.8,0.7481658560712224,0.2034457175830517,1452.16,1165.44,0.6004451405490067,11.767907164750223,0.05236583958453549,1.1577569862336163,1.0,0.0,1.4376001271465328,17.088884068363683,0.06383300837258361,0.7472584639074432,0.8709677419354839,0.5789473684210527,0.794392523364486,0.5997669434213538,0.7008797653958945,0.47368421052631576,0.6074766355140186,0.5954518887143957,E_stale,rr,1,1.0,0.4,1.0,0.25,False,0.25,0.3,30
epara,0.8,0.9969293545462039,0.21154480257192318,1935.0,1526.12,0.786270711400544,8.892138123185713,0.10662764817409942,0.5539114664908087,1.0,0.0,11.7286252869996,17.206287268364356,0.04763909005690829,0.9970659841438292,0.9970674486803519,0.7894736842105263,0.9719626168224299,0.7867532305387352,0.7536656891495601,0.6842105263157895,0.6915887850467289,0.7290545577627034,E_stale,epara,1,1.0,0.4,1.0,0.25,False,0.25,0.3,30
epara,1.0,0.27792250618301734,0.21699917559769166,674.24,525.16,0.21647155812036273,34.42176377271256,0.028804616652926628,0.6251607584501236,1.0,0.0,18.059597444530638,23.20853000611372,0.04118924189016397,0.275829352331175,0.5985221674876847,0.2894736842105263,0.24031007751937986,0.21470779166736023,0.4802955665024631,0.23684210526315788,0.20155038759689922,0.2833489627574701,E_stale,epara,1,1.0,0.4,1.0,0.25,False,0.1,0.3,30
epara_priv,0.8,0.8588327425603824,0.0,1666.96,1666.96,0.8588327425603824,9.830504994904366,0.12727722364190916,0.7010757563267661,1.0,0.0,26.17575741725274,16.387058606305786,0.07523177528101882,0.8585845974571863,0.9178885630498533,0.7894736842105263,0.794392523364486,0.8585845974571863,0.9178885630498533,0.7894736842105263,0.794392523364486,0.8400848420205129,E_stale,epara_priv,1,1.0,0.4,1.0,0.25,False,0.25,0.3,30
epara_priv,1.0,0.2539159109645507,0.0,616.0,616.0,0.2539159109645507,32.952821362638865,0.012217642209398187,0.7776751854905194,1.0,0.0,36.36146686984,20.29893795938554,0.05444720104803363,0.25094462106962734,0.6970443349753694,0.2631578947368421,0.24031007751937986,0.25094462106962734,0.6970443349753694,0.2631578947368421,0.24031007751937986,0.36286423207530466,E_stale,epara_priv,1,1.0,0.4,1.0,0.25,False,0.1,0.3,30
rr,1.0,0.2866281945589448,0.22455070074196207,695.36,525.08,0.21643858202802968,32.852411996825495,0.016521022258862324,1.7316075845012366,1.0,0.0,2.107668603861705,22.844253206112576,0.09355622341115233,0.2846680093879521,0.5862068965517241,0.2894736842105263,0.2558139534883721,0.2148243088037019,0.4605911330049261,0.15789473684210525,0.21705426356589147,0.2625911105541562,E_stale,rr,1,1.0,0.4,1.0,0.25,False,0.25,0.3,30
rr,0.8,0.7481658560712224,0.2034457175830517,1452.16,1165.44,0.6004451405490067,11.767907164750223,0.05236583958453549,1.1577569862336163,1.0,0.0,1.4353125209540192,17.088884068363683,0.06383300837258356,0.7472584639074432,0.8709677419354839,0.5789473684210527,0.794392523364486,0.5997669434213538,0.7008797653958945,0.47368421052631576,0.6074766355140186,0.5954518887143957,E_stale,rr,1,1.0,0.4,1.0,0.25,False,0.5,0.3,30
epara,0.8,0.99266342428489,0.20583628719808755,1926.72,1530.68,0.7886200642980793,8.91068057027684,0.09238727227763581,0.5954167010139313,1.0,0.0,13.151682697027319,17.168386468363792,0.06828420510431334,0.9928002164096802,0.9970674486803519,0.6842105263157895,0.9719626168224299,0.789125413571384,0.7653958944281525,0.5789473684210527,0.6728971962616822,0.7015914681705678,E_stale,epara,1,1.0,0.4,1.0,0.25,False,0.5,0.3,30
epara,1.0,0.271558120362737,0.2156636438582028,658.8,525.48,0.21660346248969498,35.31791197042564,0.02720527617477329,0.7318549051937345,1.0,0.0,19.8143681140515,23.26744040611641,0.045498407414952924,0.26940426452719013,0.603448275862069,0.23684210526315788,0.24031007751937986,0.21492418063485194,0.4729064039408867,0.18421052631578946,0.20155038759689922,0.26839787462210685,E_stale,epara,1,1.0,0.4,1.0,0.25,False,0.25,0.3,30
epara_priv,0.8,0.8540722116890611,0.0,1657.72,1657.72,0.8540722116890611,9.907279707425728,0.08478278789877174,0.746867529469953,1.0,0.0,27.776600772663024,16.423495716593777,0.07844098961977294,0.8536945710302349,0.9208211143695014,0.6842105263157895,0.8411214953271028,0.8536945710302349,0.9208211143695014,0.6842105263157895,0.8411214953271028,0.8249619267606572,E_stale,epara_priv,1,1.0,0.4,1.0,0.25,False,0.5,0.3,30
rr,1.0,0.2866281945589448,0.22455070074196207,695.36,525.08,0.21643858202802968,32.852411996825495,0.016521022258862324,1.7316075845012366,1.0,0.0,2.0252669707977353,22.844253206112576,0.09355622341115233,0.2846680093879521,0.5862068965517241,0.2894736842105263,0.2558139534883721,0.2148243088037019,0.4605911330049261,0.15789473684210525,0.21705426356589147,0.2625911105541562,E_stale,rr,1,1.0,0.4,1.0,0.25,False,0.5,0.3,30
epara_priv,1.0,0.26161582852431986,0.0,634.68,634.68,0.26161582852431986,31.55253477535499,0.005589447650453421,0.8310634789777411,1.0,0.0,38.720684319993026,20.025762771222304,0.06802709830787908,0.25891772225643755,0.6625615763546798,0.2894736842105263,0.24806201550387597,0.25891772225643755,0.6625615763546798,0.2894736842105263,0.24806201550387597,0.3647537495813799,E_stale,epara_priv,1,1.0,0.4,1.0,0.25,False,0.25,0.3,30
rr,0.8,0.7481658560712224,0.2034457175830517,1452.16,1165.44,0.6004451405490067,11.767907164750223,0.05236583958453549,1.1577569862336163,1.0,0.0,1.4259929361672563,17.088884068363683,0.06383300837258359,0.7472584639074432,0.8709677419354839,0.5789473684210527,0.794392523364486,0.5997669434213538,0.7008797653958945,0.47368421052631576,0.6074766355140186,0.5954518887143957,E_stale,rr,1,1.0,0.4,1.0,0.25,False,1.0,0.3,30
epara,0.8,0.9818852526584783,0.20515621135932735,1905.8,1517.0,0.7815720056054736,8.988749747278668,0.08618415629379277,0.6285549418844283,1.0,0.0,13.709306652377585,17.130759268363683,0.06604157487448888,0.9820213496472938,0.9824046920821115,0.6842105263157895,0.9719626168224299,0.7820504817196247,0.750733137829912,0.5263157894736842,0.7102803738317757,0.6923449457137492,E_stale,epara,1,1.0,0.4,1.0,0.25,False,1.0,0.3,30
epara,1.0,0.3152679307502061,0.23455894476504535,764.84,586.04,0.24156636438582027,30.14430888305264,0.021022258862324814,0.8734047815333883,1.0,0.0,21.94634095261264,23.05557320611398,0.05932364066083669,0.3131481265709007,0.6477832512315271,0.21052631578947367,0.2868217054263566,0.23979226659120795,0.5123152709359606,0.13157894736842105,0.24806201550387597,0.2829371250998664,E_stale,epara,1,1.0,0.4,1.0,0.25,False,0.5,0.3,30
epara_priv,1.0,0.2694476504534213,0.0,653.68,653.68,0.2694476504534213,31.91605325549738,0.01658697444352844,0.9779225061830173,1.0,0.0,41.128323586459075,20.862885692053528,0.07092201663569767,0.26665778917056443,0.6699507389162561,0.34210526315789475,0.2868217054263566,0.26665778917056443,0.6699507389162561,0.34210526315789475,0.2868217054263566,0.391383874167768,E_stale,epara_priv,1,1.0,0.4,1.0,0.25,False,0.5,0.3,30
rr,1.0,0.2866281945589448,0.22455070074196207,695.36,525.08,0.21643858202802968,32.852411996825495,0.016521022258862324,1.7316075845012366,1.0,0.0,2.005547367016956,22.844253206112576,0.09355622341115233,0.2846680093879521,0.5862068965517241,0.2894736842105263,0.2558139534883721,0.2148243088037019,0.4605911330049261,0.15789473684210525,0.21705426356589147,0.2625911105541562,E_stale,rr,1,1.0,0.4,1.0,0.25,False,1.0,0.3,30
rr,0.8,0.7481658560712224,0.2034457175830517,1452.16,1165.44,0.6004451405490067,11.767907164750223,0.05236583958453549,1.1577569862336163,1.0,0.0,1.37441441711994,17.088884068363683,0.06383300837258359,0.7472584639074432,0.8709677419354839,0.5789473684210527,0.794392523364486,0.5997669434213538,0.7008797653958945,0.47368421052631576,0.6074766355140186,0.5954518887143957,E_stale,rr,1,1.0,0.4,1.0,0.25,False,2.0,0.3,30
epara_priv,0.8,0.8413774626988707,0.0,1633.08,1633.08,0.8413774626988707,10.067214631064962,0.09488088368642321,0.777738850877916,1.0,0.0,27.88642828698754,16.44056686969957,0.07208645706956746,0.8411469713049088,0.8944281524926686,0.5263157894736842,0.8317757009345794,0.8411469713049088,0.8944281524926686,0.5263157894736842,0.8317757009345794,0.7734166535514602,E_stale,epara_priv,1,1.0,0.4,1.0,0.25,False,1.0,0.3,30
epara,0.8,0.9494270876267414,0.19957134613799357,1842.8,1479.0,0.76199406479268,9.316584799416379,0.1115530459154233,0.7273101970159096,1.0,0.0,15.842018570315217,17.168602468364504,0.07871400950256768,0.9495390889984809,0.9706744868035191,0.631578947368421,0.8878504672897196,0.7624071415194457,0.7448680351906158,0.631578947368421,0.6542056074766355,0.6982649328887796,E_stale,epara,1,1.0,0.4,1.0,0.25,False,2.0,0.3,30
epara,1.0,0.2561747732893652,0.22852431986809563,621.48,483.2,0.19917559769167353,37.14261763228892,0.010420445177246496,0.802242374278648,1.0,0.0,21.31120043801501,23.08339400611492,0.05111472795992603,0.2550726567571616,0.42610837438423643,0.21052631578947367,0.24806201550387597,0.19817900361203122,0.3497536945812808,0.18421052631578946,0.1937984496124031,0.23148541853037616,E_stale,epara,1,1.0,0.4,1.0,0.25,False,1.0,0.3,30
local,0.4,0.4765509989484753,0.1104521556256572,453.2,390.08,0.41017875920084124,18.76754242169394,0.00012618296529968455,0.0,1.0,0.0,0.0,8.505450225511693,0.4180510077428725,0.47578625695004456,0.6038961038961039,0.42857142857142855,0.45652173913043476,0.4090658291244005,0.5714285714285714,0.42857142857142855,0.43478260869565216,0.46096210945501315,A_load,local,2,1.0,0.4,1.0,0.25,False,1.0,0.3,30
rr,0.4,0.9948685594111462,0.13106203995793902,946.12,822.48,0.8648580441640379,8.764321466105374,0.01779179810725552,0.39276550998948473,1.0,0.0,0.5190019365353559,8.292099825511617,0.3302962027443547,0.9949068375705615,0.987012987012987,1.0,1.0,0.8645643223971817,0.9025974025974026,0.9285714285714286,0.8695652173913043,0.8913245927393294,A_load,rr,2,1.0,0.4,1.0,0.25,False,1.0,0.3,30
epara_priv,1.0,0.3543116240725474,0.0,859.56,859.56,0.3543116240725474,24.075583836550845,0.02789777411376752,1.0989117889530091,1.0,0.0,43.01760672767593,20.694408842545645,0.09509144404621644,0.3520315594986434,0.6625615763546798,0.2894736842105263,0.46511627906976744,0.3520315594986434,0.6625615763546798,0.2894736842105263,0.46511627906976744,0.44229577478340426,E_stale,epara_priv,1,1.0,0.4,1.0,0.25,False,1.0,0.3,30
rr_g,0.4,0.99465825446898,0.1303049421661409,945.92,822.64,0.8650262881177707,8.791292948147753,0.04,0.356130389064143,1.0,0.0,0.29783731068902647,8.315859825511923,0.34212616960750036,0.9947370654895802,1.0,0.8571428571428571,0.9782608695652174,0.8649038665591443,0.8896103896103896,0.7142857142857143,0.8913043478260869,0.8400260795703338,A_load,rr_g,2,1.0,0.4,1.0,0.25,False,1.0,0.3,30
rr,1.0,0.2866281945589448,0.22455070074196207,695.36,525.08,0.21643858202802968,32.852411996825495,0.016521022258862324,1.7316075845012366,1.0,0.0,2.140930249525702,22.844253206112576,0.09355622341115233,0.2846680093879521,0.5862068965517241,0.2894736842105263,0.2558139534883721,0.2148243088037019,0.4605911330049261,0.15789473684210525,0.21705426356589147,0.2625911105541562,E_stale,rr,1,1.0,0.4,1.0,0.25,False,2.0,0.3,30
epara,0.4,0.9997476340694006,0.1265615141955836,950.76,830.4,0.873186119873817,8.740450824090043,0.035709779179810726,0.3163827549947424,1.0,0.0,7.02651049138745,8.31007102551185,0.33964735915525185,0.999745341878528,1.0,1.0,1.0,0.8728407113450193,0.922077922077922,0.9285714285714286,0.8695652173913043,0.8982638198464186,A_load,epara,2,1.0,0.4,1.0,0.25,False,1.0,0.3,30
epara_priv,0.8,0.738933311351084,0.0,1434.24,1434.24,0.738933311351084,11.310782631310005,0.04523534745692853,0.8866540268732999,1.0,0.0,34.22028843426301,16.22237688113006,0.08782400861235169,0.7381234783694363,0.8651026392961877,0.6842105263157895,0.7102803738317757,0.7381234783694363,0.8651026392961877,0.6842105263157895,0.7102803738317757,0.7494292544532972,E_stale,epara_priv,1,1.0,0.4,1.0,0.25,False,2.0,0.3,30
epara_priv,0.4,0.9904942166140904,0.0,941.96,941.96,0.9904942166140904,8.816510919266184,0.028980021030494216,0.3769926393270242,1.0,0.0,13.270839923713895,8.304800625511975,0.32173574248892084,0.9904078774245575,1.0,1.0,1.0,0.9904078774245575,1.0,1.0,1.0,0.9976019693561393,A_load,epara_priv,2,1.0,0.4,1.0,0.25,False,1.0,0.3,30
epara_priv,0.4,0.9910410094637224,0.0,942.48,942.48,0.9910410094637224,8.81166181299547,0.029232386961093586,0.3731230283911672,1.0,0.0,15.738304228636709,8.304815025511969,0.3237571609091363,0.9909596366877467,1.0,1.0,1.0,0.9909596366877467,1.0,1.0,1.0,0.9977399091719367,A_load,tera,2,1.0,0.4,1.0,0.25,False,1.0,0.3,30
ours,0.4,0.9912092534174554,0.0,942.64,942.64,0.9912092534174554,8.75214697605831,0.00277602523659306,0.38410094637223974,1.0,0.0,15.46346704426861,8.250123825511604,0.3244719156429902,0.991129408768728,1.0,1.0,1.0,0.991129408768728,1.0,1.0,1.0,0.997782352192182,A_load,ours,2,1.0,0.4,1.0,0.25,False,1.0,0.3,30
epara,1.0,0.2944929925803792,0.2248474855729596,714.44,561.96,0.23164056059356966,32.2015771878871,0.018796372629843364,1.1015498763396538,1.0,0.0,26.5763649846273,23.00609480611406,0.06288937322418675,0.29260781996437907,0.5738916256157636,0.2631578947368421,0.3023255813953488,0.2302212161059973,0.43842364532019706,0.18421052631578946,0.2558139534883721,0.27716733530758897,E_stale,epara,1,1.0,0.4,1.0,0.25,False,2.0,0.3,30
local,0.6,0.2583387101298847,0.11086486941397593,368.36,310.88,0.21802676242040003,34.53135135950205,0.0009257441018879569,0.0,1.0,0.0,0.0,12.719968586786177,0.32625544280456337,0.25728444003964324,0.4050632911392405,0.26666666666666666,0.2875,0.21693331445561376,0.37130801687763715,0.2,0.25,0.2595603328333127,A_load,local,2,1.0,0.4,1.0,0.25,False,1.0,0.3,30
rr,0.6,0.9428282884955256,0.14520155973854743,1344.36,1151.32,0.807445226807305,9.190804090261617,0.032765730636519205,0.7182091059556204,1.0,0.0,0.9452152220947979,12.355749386784105,0.16033792645935327,0.9427155599603568,0.9620253164556962,0.8666666666666667,0.95,0.8069658785218745,0.8776371308016878,0.7333333333333333,0.825,0.8107340856642238,A_load,rr,2,1.0,0.4,1.0,0.25,False,1.0,0.3,30
rr_g,0.6,0.9487474401772941,0.14778242208320475,1352.8,1153.04,0.8086514994249165,9.235662172371827,0.06230538334221673,0.6699582012511571,1.0,0.0,0.6147776277639606,12.494003786784607,0.19166876335305977,0.9485204587285856,0.9915611814345991,0.7333333333333333,0.9625,0.8080985416961631,0.8987341772151899,0.6,0.825,0.7829581797278382,A_load,rr_g,2,1.0,0.4,1.0,0.25,False,1.0,0.3,30
epara_priv,1.0,0.3692497938994229,0.0,895.8,895.8,0.3692497938994229,23.432958808836815,0.010107172300082441,1.1371475680131904,1.0,0.0,46.66030621757607,20.991244500956018,0.0665129147844585,0.36756162924247215,0.6157635467980296,0.2894736842105263,0.40310077519379844,0.36756162924247215,0.6157635467980296,0.2894736842105263,0.40310077519379844,0.41897490886120664,E_stale,epara_priv,1,1.0,0.4,1.0,0.25,False,2.0,0.3,30
epara,0.6,0.9974752433584874,0.14643588520773138,1422.28,1214.16,0.8515162566274862,8.795100111640474,0.03422447891828204,0.469885263837069,1.0,0.0,13.643217208233189,12.509094986784014,0.13290113940404893,0.9974515078578507,1.0,1.0,1.0,0.851168058898485,0.9113924050632911,0.8666666666666667,0.825,0.8635567826571107,A_load,epara,2,1.0,0.4,1.0,0.25,False,1.0,0.3,30
epara_priv,0.6,0.9697870788565658,0.0,1382.8,1382.8,0.9697870788565658,8.791639786595281,0.009453810979886106,0.5484613010912559,1.0,0.0,23.781083456645057,12.157079496903954,0.14965514071157215,0.9697578932464959,0.9789029535864979,0.9333333333333333,0.9625,0.9697578932464959,0.9789029535864979,0.9333333333333333,0.9625,0.9611235450415817,A_load,epara_priv,2,1.0,0.4,1.0,0.25,False,1.0,0.3,30
epara_priv,0.6,0.9658035739332903,0.0,1377.12,1377.12,0.9658035739332903,8.813983601214417,0.03683339411451174,0.510758268578001,1.0,0.0,22.784015618049498,12.137913096904398,0.12603398218822884,0.9657086223984143,0.9789029535864979,1.0,0.9625,0.9657086223984143,0.9789029535864979,1.0,0.9625,0.976777893996228,A_load,tera,2,1.0,0.4,1.0,0.25,False,1.0,0.3,30
local,0.8,0.20975701955184073,0.11052775269336582,399.52,333.96,0.17533653947119726,43.93271429986583,0.0,0.0,1.0,0.0,0.0,17.551998017082397,0.21608682770514198,0.2094922877813846,0.2231404958677686,0.19047619047619047,0.29,0.175121464791123,0.18181818181818182,0.14285714285714285,0.26,0.18994919736661192,A_load,local,2,1.0,0.4,1.0,0.25,False,1.0,0.3,30
ours,0.6,0.9659999438942969,0.0,1377.4,1377.4,0.9659999438942969,8.712410250629658,0.00014026425786181165,0.5796560720397228,1.0,0.0,23.521222210291263,12.00047387921729,0.08635417669287389,0.9660484213507008,0.9662447257383966,0.9333333333333333,0.95,0.9660484213507008,0.9662447257383966,0.9333333333333333,0.95,0.9539066201056077,A_load,ours,2,1.0,0.4,1.0,0.25,False,1.0,0.3,30
rr,0.8,0.6080601465863033,0.16053090282882163,1158.16,978.56,0.5137660919419536,15.239607322894592,0.0851166600163807,1.3675368040825755,1.0,0.0,1.7543043108612468,17.649903617083602,0.07100718238034608,0.6061782615152865,0.8705234159779615,0.2857142857142857,0.61,0.5120616128826937,0.7382920110192838,0.19047619047619047,0.57,0.5027074535945419,A_load,rr,2,1.0,0.4,1.0,0.25,False,1.0,0.3,30
rr_g,0.8,0.6773421257114056,0.1622949786840834,1290.12,1084.08,0.5691664741583888,13.53303042901569,0.05105319528739736,1.2581851019593842,1.0,0.0,0.9415672499144452,17.459233217081724,0.046505881874687606,0.6766596652027242,0.768595041322314,0.5238095238095238,0.7,0.5683703562259987,0.650137741046832,0.47619047619047616,0.67,0.5911746433658267,A_load,rr_g,2,1.0,0.4,1.0,0.25,False,1.0,0.3,30
local,0.9,0.18565613563372918,0.1115281200985884,397.72,332.64,0.15527671969527224,56.06257650090741,0.0044439465232653675,0.0,1.0,0.0,0.0,22.297207925940896,0.2026793744696105,0.18541934022797615,0.23195876288659795,0.08108108108108109,0.17482517482517482,0.15501623008983165,0.19845360824742267,0.08108108108108109,0.15384615384615385,0.1470992683161223,A_load,local,2,1.0,0.4,1.0,0.25,False,1.0,0.3,30
epara,0.8,0.6304261083226579,0.1549656635235315,1200.76,1013.12,0.5319108721675032,14.693583078286865,0.059327551084696645,1.1720603985971396,1.0,0.0,25.68776470713005,17.643466817083734,0.010674363214175774,0.6282434812127384,0.8870523415977961,0.5714285714285714,0.74,0.5298835210998664,0.7658402203856749,0.47619047619047616,0.65,0.6054785544190043,A_load,epara,2,1.0,0.4,1.0,0.25,False,1.0,0.3,30
epara_priv,0.8,0.7954302034987505,0.0,1515.04,1515.04,0.7954302034987505,11.072348151541913,0.1439401894281454,0.9057479471617279,1.0,0.0,33.19726261073337,16.77505034351206,0.016639837926948484,0.794772240256296,0.8842975206611571,0.6190476190476191,0.82,0.794772240256296,0.8842975206611571,0.6190476190476191,0.82,0.779529344991268,A_load,epara_priv,2,1.0,0.4,1.0,0.25,False,1.0,0.3,30
rr,0.9,0.1968033460303234,0.1670027634625439,421.6,348.84,0.16283889760250952,52.47922942585507,0.012304877137949062,1.8385241616252148,1.0,0.0,2.1947080783856165,22.125243125940496,0.04627651872784132,0.19457235600513323,0.4742268041237113,0.21621621621621623,0.26573426573426573,0.16084773911074204,0.41237113402061853,0.1891891891891892,0.21678321678321677,0.24479781977594162,A_load,rr,2,1.0,0.4,1.0,0.25,False,1.0,0.3,30
rr_g,0.9,0.24904772574501458,0.16829113451340652,533.52,445.4,0.2079132123384868,42.04750923291006,0.028064082455747257,1.7752072596907909,1.0,0.0,1.2698606483445207,22.433187125942176,0.029966911143685684,0.24715029818072015,0.4793814432989691,0.21621621621621623,0.3356643356643357,0.20615988525703932,0.4252577319587629,0.16216216216216217,0.27972027972027974,0.26832501477456105,A_load,rr_g,2,1.0,0.4,1.0,0.25,False,1.0,0.3,30
epara_priv,0.8,0.6937018291786546,0.0,1321.28,1321.28,0.6937018291786546,12.732977070349822,0.0902408803578554,1.0108784677741143,1.0,0.0,42.04842146613943,16.823827943511812,0.02083331996223354,0.6922326183353489,0.8622589531680441,0.5714285714285714,0.8,0.6922326183353489,0.8622589531680441,0.5714285714285714,0.8,0.7314800357329911,A_load,tera,2,1.0,0.4,1.0,0.25,False,1.0,0.3,30
ours,0.8,0.6980910179137703,0.0,1329.64,1329.64,0.6980910179137703,12.110067407110378,0.011025474095386102,1.0328664132557699,1.0,0.0,42.817354072131764,16.102030027190246,0.013177865491438049,0.6967305285044448,0.8429752066115702,0.47619047619047616,0.86,0.6967305285044448,0.8429752066115702,0.47619047619047616,0.86,0.7189740528266229,A_load,ours,2,1.0,0.4,1.0,0.25,False,1.0,0.3,30
local,1.0,0.15858089694849106,0.11057093833058575,377.08,318.56,0.13397032601016048,62.83556197061849,0.0,0.0,1.0,0.0,0.0,23.69403370788082,0.17377328464559974,0.15829735151123653,0.2058165548098434,0.1111111111111111,0.1386861313868613,0.13373338319790568,0.174496644295302,0.1111111111111111,0.10948905109489052,0.13220754742480234,A_load,local,2,1.0,0.4,1.0,0.25,False,1.0,0.3,30
epara,0.9,0.20111658824408096,0.15761072522219732,430.84,356.12,0.16623720964971245,51.32021150761471,0.011763387855702443,0.9998692956904922,1.0,0.0,26.898039553468138,22.110799925940725,0.024711113100107967,0.19855438967313355,0.5335051546391752,0.16216216216216217,0.25874125874125875,0.16388616290480865,0.4690721649484536,0.16216216216216217,0.21678321678321677,0.2529759266996603,A_load,epara,2,1.0,0.4,1.0,0.25,False,1.0,0.3,30
rr,1.0,0.2092655519294822,0.16436766140699122,497.6,420.64,0.17690004373717325,47.847501824523796,0.01345759176395384,1.8088180870033308,1.0,0.0,2.172894167954998,23.80891690788304,0.05213091078816214,0.20717029884744842,0.4742729306487696,0.19444444444444445,0.24817518248175183,0.17509264610886344,0.40492170022371365,0.16666666666666666,0.2116788321167883,0.239589961279008,A_load,rr,2,1.0,0.4,1.0,0.25,False,1.0,0.3,30
rr_g,1.0,0.32365508192308984,0.16613397032601016,769.6,638.36,0.26846213370117417,30.931933612116445,0.012969754062510514,1.7131682535410289,1.0,0.0,1.2565864210839377,23.805216107884817,0.030684016029952296,0.3225784517050284,0.4899328859060403,0.1388888888888889,0.291970802919708,0.26736477067963144,0.43847874720357943,0.1111111111111111,0.22627737226277372,0.2608080003142739,A_load,rr_g,2,1.0,0.4,1.0,0.25,False,1.0,0.3,30
epara_priv,0.9,0.21172230935842856,0.0,453.56,453.56,0.21172230935842856,45.481823224980104,0.009989543655239375,0.8884532078571962,1.0,0.0,42.057816329145425,20.62873574192198,0.03177843908355396,0.20948139201328603,0.5051546391752577,0.1891891891891892,0.2517482517482518,0.20948139201328603,0.5051546391752577,0.1891891891891892,0.2517482517482518,0.2888933680314962,A_load,epara_priv,2,1.0,0.4,1.0,0.25,False,1.0,0.3,30
epara_priv,0.9,0.2341661065053402,0.0,501.64,501.64,0.2341661065053402,41.2360813173797,0.00718873702292927,1.0139666890731198,1.0,0.0,51.45174772589369,20.685667832050353,0.038460412389424804,0.23165622405072847,0.5412371134020618,0.16216216216216217,0.34965034965034963,0.23165622405072847,0.5412371134020618,0.16216216216216217,0.34965034965034963,0.3211764623163256,A_load,tera,2,1.0,0.4,1.0,0.25,False,1.0,0.3,30
ours,0.9,0.19488012547613712,0.0,417.48,417.48,0.19488012547613712,49.05153451448731,0.009914855478377773,1.0375681529613863,1.0,0.0,51.202681543690915,20.478034629108162,0.01296720909445581,0.19243979769004302,0.5,0.1891891891891892,0.2727272727272727,0.19243979769004302,0.5,0.1891891891891892,0.2727272727272727,0.2885890649016262,A_load,ours,2,1.0,0.4,1.0,0.25,False,1.0,0.3,30
epara,1.0,0.21195707028227298,0.1413720014803351,504.0,426.32,0.17928876627527504,47.744485928337284,0.006880193789321401,1.0451333983783602,1.0,0.0,27.340063887798966,24.06322090788199,0.01903322358751513,0.2091082174548669,0.5637583892617449,0.19444444444444445,0.291970802919708,0.17687757114201202,0.4809843400447427,0.1388888888888889,0.24087591240875914,0.2594066781211007,A_load,epara,2,1.0,0.4,1.0,0.25,False,1.0,0.3,30
epara_priv,0.8,0.7954302034987505,0.0,1515.04,1515.04,0.7954302034987505,11.072348151541913,0.1439401894281454,0.9057479471617279,1.0,0.0,34.37777141778739,16.77505034351206,0.016639837926948484,0.794772240256296,0.8842975206611571,0.6190476190476191,0.82,0.794772240256296,0.8842975206611571,0.6190476190476191,0.82,0.779529344991268,B_energy,epara_priv,2,1.0,0.4,1.0,0.25,False,1.0,0.3,30
epara_priv,1.0,0.27991790869023986,0.0,665.6,665.6,0.27991790869023986,33.7339893638107,0.005652188540860613,0.980772465767251,1.0,0.0,44.56111077090295,22.453343320552403,0.015254821281738929,0.2771733587189338,0.6308724832214765,0.3055555555555556,0.30656934306569344,0.2771733587189338,0.6308724832214765,0.3055555555555556,0.30656934306569344,0.38004268514041484,A_load,epara_priv,2,1.0,0.4,1.0,0.25,False,1.0,0.3,30
energy,0.8,0.7195119390133776,0.16510909969128673,1370.44,1149.44,0.6034819497238382,12.77380317057471,0.06440976962009366,1.0960581304996115,1.0,0.0,28.10126923774818,17.50573081708241,0.01424005513136018,0.7175015382004116,0.9449035812672176,0.6190476190476191,0.87,0.601595485116585,0.8071625344352618,0.5238095238095238,0.77,0.6756418858403426,B_energy,energy,2,1.0,0.4,1.0,0.25,False,1.0,0.3,30
ours,1.0,0.2501934528816068,0.0,594.92,594.92,0.2501934528816068,38.03019358628161,0.004491471251219594,0.9982168690912762,1.0,0.0,51.00382751264111,22.624922768350658,0.02035429895796705,0.24774759460102674,0.5525727069351231,0.19444444444444445,0.3284671532846715,0.24774759460102674,0.5525727069351231,0.19444444444444445,0.3284671532846715,0.3308079748163164,A_load,ours,2,1.0,0.4,1.0,0.25,False,1.0,0.3,30
epara_priv,1.0,0.1929482219156882,0.0,458.8,458.8,0.1929482219156882,48.90801411996783,0.0019345288160683646,1.0476735188238064,1.0,0.0,54.69997162988765,22.43899687824124,0.030453443882874135,0.19008601638731173,0.5458612975391499,0.2222222222222222,0.26277372262773724,0.19008601638731173,0.5458612975391499,0.2222222222222222,0.26277372262773724,0.30523581469410527,A_load,tera,2,1.0,0.4,1.0,0.25,False,1.0,0.3,30
ours,0.8,0.6980910179137703,0.0,1329.64,1329.64,0.6980910179137703,12.110067407110378,0.011025474095386102,1.0328664132557699,1.0,0.0,45.030728476074145,16.102030027190246,0.013177865491438049,0.6967305285044448,0.8429752066115702,0.47619047619047616,0.86,0.6967305285044448,0.8429752066115702,0.47619047619047616,0.86,0.7189740528266229,B_energy,ours,2,1.0,0.4,1.0,0.25,False,1.0,0.3,30
ours,0.8,0.6698868051326207,0.0,1275.92,1275.92,0.6698868051326207,12.708590462967441,0.030220299472877334,1.0632337190499193,1.0,0.0,49.552746881817754,16.215144743509416,0.011747193383702786,0.6683639912587783,0.8402203856749312,0.5714285714285714,0.79,0.6683639912587783,0.8402203856749312,0.5714285714285714,0.79,0.7175032370905703,B_energy,ours_b,2,1.0,0.4,1.0,0.25,False,1.0,0.3,30
ours,0.8,0.6970409727618287,0.0,1327.64,1327.64,0.6970409727618287,12.675537904485719,0.08240754352437155,1.0070143016149695,1.0,0.0,39.266763136545805,16.82855114351142,0.014280517623002805,0.6956272675195723,0.8539944903581267,0.6190476190476191,0.81,0.6956272675195723,0.8539944903581267,0.6190476190476191,0.81,0.7446673442313295,B_energy,ours_c,2,1.0,0.4,1.0,0.0,False,1.0,0.3,30
epara_priv,0.8,0.7857067853917719,0.0,1496.52,1496.52,0.7857067853917719,9.786359593740737,0.004578196862465086,0.978054056324422,0.8599999999999999,40.800000000000004,38.25803240371333,14.64548285922489,0.01634588318303261,0.7853520887700761,0.8292011019283747,0.5714285714285714,0.84,0.7853520887700761,0.8292011019283747,0.5714285714285714,0.84,0.7564954405317554,B_energy,epara_priv,2,1.0,0.4,1.0,0.25,True,1.0,0.3,30
energy,0.8,0.6005418232984018,0.14459121742234915,1143.84,957.0,0.5024466052040237,13.235334935516228,0.00501921582628053,1.2932776109372703,0.8093333333333333,50.4,31.13537920125698,15.139105512640882,0.004818926488677333,0.5982644856045658,0.8539944903581267,0.6190476190476191,0.75,0.5003925063119258,0.71900826446281,0.5238095238095238,0.68,0.6058025736460649,B_energy,energy,2,1.0,0.4,1.0,0.25,True,1.0,0.3,30
ours,0.8,0.7382657454270534,0.0,1406.16,1406.16,0.7382657454270534,11.06365630148087,0.007161307936241259,1.0086943738580758,0.8026666666666666,57.599999999999994,36.48137008092076,15.557270944890341,0.010860921134694867,0.7369783378948932,0.8650137741046832,0.7142857142857143,0.89,0.7369783378948932,0.8650137741046832,0.7142857142857143,0.89,0.8015694565713227,B_energy,ours_c,2,1.0,0.4,1.0,0.0,True,1.0,0.3,30
ours,0.8,0.6442657034252472,0.0,1227.12,1227.12,0.6442657034252472,12.596437953567628,0.003549152613562383,1.1083436587773274,0.8760000000000001,40.800000000000004,42.93424624315583,15.457340941581908,0.010302548450400921,0.6426495236882863,0.8292011019283747,0.42857142857142855,0.78,0.6426495236882863,0.8292011019283747,0.42857142857142855,0.78,0.6701055135470223,B_energy,ours,2,1.0,0.4,1.0,0.25,True,1.0,0.3,30
ours,0.8,0.6759350652078039,0.0,1287.44,1287.44,0.6759350652078039,11.838508547720533,0.0019110821765335908,1.1494844278303966,0.8453333333333333,43.199999999999996,46.37683774295091,15.241369444677323,0.021419698494848278,0.6745380094625846,0.8264462809917356,0.47619047619047616,0.83,0.6745380094625846,0.8264462809917356,0.47619047619047616,0.83,0.7017936916611991,B_energy,ours_b,2,1.0,0.4,1.0,0.25,True,1.0,0.3,30
energy,0.8,0.5232795010185438,0.14757334565386312,996.68,854.96,0.44887330155196675,18.598720168045908,0.11542096310141337,1.1916122393262911,1.0,0.0,27.951918863185504,18.536972417087995,0.0,0.5211422994504912,0.7961432506887053,0.47619047619047616,0.55,0.4471177306770203,0.6666666666666666,0.42857142857142855,0.49,0.5080889564787788,B_energy,energy,2,0.7,0.4,1.0,0.25,False,1.0,0.3,30
epara_priv,0.8,0.668983766301951,0.0,1274.2,1274.2,0.668983766301951,13.998089792227185,0.2409643614675431,1.042778839490098,1.0,0.0,36.188683660637786,17.83636601325588,0.0,0.6679184435533491,0.8429752066115702,0.38095238095238093,0.6,0.6679184435533491,0.8429752066115702,0.38095238095238093,0.6,0.622961507779325,B_energy,epara_priv,2,0.7,0.4,1.0,0.25,False,1.0,0.3,30
ours,0.8,0.5465485015855682,0.0,1041.0,1041.0,0.5465485015855682,16.602990612102104,0.13287271352668165,1.1495474305395132,1.0,0.0,47.84221266043105,17.283713227198287,0.0009606019087197331,0.5446078119364351,0.7988980716253443,0.3333333333333333,0.59,0.5446078119364351,0.7988980716253443,0.3333333333333333,0.59,0.5667098042237783,B_energy,ours,2,0.7,0.4,1.0,0.25,False,1.0,0.3,30
ours,0.8,0.5570279522019447,0.0,1060.96,1060.96,0.5570279522019447,16.302343243664293,0.11126278429972489,1.1230022890984313,1.0,0.0,50.12308699306019,17.296134087798066,0.0,0.555152440964929,0.8044077134986226,0.19047619047619047,0.62,0.555152440964929,0.8044077134986226,0.19047619047619047,0.62,0.5425090862349355,B_energy,ours_b,2,0.7,0.4,1.0,0.25,False,1.0,0.3,30
ours,0.8,0.6402335300417918,0.0,1219.44,1219.44,0.6402335300417918,14.373090685272153,0.20771993195707417,1.0009660415397863,1.0,0.0,36.92803525845263,17.527121705248273,0.0,0.6384486453228099,0.8677685950413223,0.42857142857142855,0.7,0.6384486453228099,0.8677685950413223,0.42857142857142855,0.7,0.65869716723389,B_energy,ours_c,2,0.7,0.4,1.0,0.0,False,1.0,0.3,30
energy,0.8,0.36205556838944075,0.11682802360501501,689.6,576.24,0.3025390091773946,18.898143739997426,0.0069512989058529515,1.6375454144528214,0.556,122.4,36.23378255806652,13.032159923102224,0.0023905381674291,0.3583688710669807,0.7741046831955923,0.3333333333333333,0.61,0.2993868414910997,0.6528925619834711,0.19047619047619047,0.54,0.4206888984876903,B_energy,energy,2,0.7,0.4,1.0,0.25,True,1.0,0.3,30
epara_priv,0.8,0.6344372808030745,0.0,1208.4,1208.4,0.6344372808030745,10.320120284419461,0.024088035785538777,1.2893714429720478,0.6106666666666666,108.0,44.06849927666649,12.470833351692479,0.0015257711382642995,0.6337173530222986,0.7134986225895317,0.5238095238095238,0.71,0.6337173530222986,0.7134986225895317,0.5238095238095238,0.71,0.6452563748553385,B_energy,epara_priv,2,0.7,0.4,1.0,0.25,True,1.0,0.3,30
ours,0.8,0.4278723985131361,0.0,814.96,814.96,0.4278723985131361,16.041832836469876,0.01064745784068715,1.4493983241279376,0.564,127.2,53.80362415778495,13.07345208840949,0.0,0.4248403454055545,0.7520661157024794,0.2857142857142857,0.71,0.4248403454055545,0.7520661157024794,0.2857142857142857,0.71,0.5431551867055798,B_energy,ours,2,0.7,0.4,1.0,0.25,True,1.0,0.3,30
ours,0.8,0.4575466745070038,0.0,871.48,871.48,0.4575466745070038,14.963169651930512,0.00970241720393977,1.406808492765189,0.5613333333333334,120.0,57.08294391247993,13.040103088264402,0.0036907049707753195,0.45505272314514245,0.7245179063360881,0.38095238095238093,0.68,0.45505272314514245,0.7245179063360881,0.38095238095238093,0.68,0.560130752608403,B_energy,ours_b,2,0.7,0.4,1.0,0.25,True,1.0,0.3,30
ours,0.8,0.38101938383350487,0.0,725.72,725.72,0.38101938383350487,18.868564355425704,0.011865510216939329,1.2298968855660792,0.5786666666666667,117.6,45.73307350119449,13.693294524019542,0.005109608691966212,0.37837608469649714,0.6721763085399449,0.3333333333333333,0.58,0.37837608469649714,0.6721763085399449,0.3333333333333333,0.58,0.4909714316424438,B_energy,ours_c,2,0.7,0.4,1.0,0.0,True,1.0,0.3,30
epara_priv,0.8,0.5311338387550665,0.0,1011.64,1011.64,0.5311338387550665,18.522468647320277,0.258836129953588,1.1232332990318583,1.0,0.0,39.71115929331791,18.738070182375086,0.0,0.5295016230666412,0.7961432506887053,0.2857142857142857,0.39,0.5295016230666412,0.7961432506887053,0.2857142857142857,0.39,0.500339789867408,B_energy,epara_priv,2,0.5,0.4,1.0,0.25,False,1.0,0.3,30
energy,0.8,0.37616817523153495,0.1524875569649495,716.48,606.0,0.31816368103828463,27.74835364154566,0.1880420858096898,1.3848835499926497,1.0,0.0,33.578743245792545,19.881140417094635,0.002493086596403223,0.37294464600173977,0.8071625344352618,0.23809523809523808,0.36,0.3152992595421467,0.696969696969697,0.14285714285714285,0.33,0.37128152484224664,B_energy,energy,2,0.5,0.4,1.0,0.25,False,1.0,0.3,30
ours,0.8,0.3786672826931558,0.0,721.24,721.24,0.3786672826931558,25.74347950275489,0.2217905369930907,1.2299808891782347,1.0,0.0,52.579127873667346,18.567227156566936,0.0,0.3762756455137589,0.7024793388429752,0.14285714285714285,0.38,0.3762756455137589,0.7024793388429752,0.14285714285714285,0.38,0.40040303180346926,B_energy,ours,2,0.5,0.4,1.0,0.25,False,1.0,0.3,30
ours,0.8,0.495222294558666,0.0,943.24,943.24,0.495222294558666,19.63856083107183,0.2799420375076128,1.1806287670369826,1.0,0.0,56.67695581502417,18.52387611830019,0.0,0.49334860925466234,0.7768595041322314,0.14285714285714285,0.43,0.49334860925466234,0.7768595041322314,0.14285714285714285,0.43,0.4607663140610091,B_energy,ours_b,2,0.5,0.4,1.0,0.25,False,1.0,0.3,30
ours,0.8,0.48400781233593043,0.0,921.88,921.88,0.48400781233593043,20.015432406824136,0.24774765314908542,0.9973328853140685,1.0,0.0,38.961902656701106,18.451826827203035,0.0,0.48214626694672524,0.7548209366391184,0.19047619047619047,0.44,0.48214626694672524,0.7548209366391184,0.19047619047619047,0.44,0.4668608485155085,B_energy,ours_c,2,0.5,0.4,1.0,0.0,False,1.0,0.3,30
epara_priv,0.8,0.47071424071235063,0.0,896.56,896.56,0.47071424071235063,10.519515425815824,0.02160992922695676,1.511729004347187,0.4013333333333333,170.39999999999998,50.17467837582321,9.431376750169434,0.0,0.46979823053911274,0.5867768595041323,0.2857142857142857,0.52,0.46979823053911274,0.5867768595041323,0.2857142857142857,0.52,0.4655723439393826,B_energy,epara_priv,2,0.5,0.4,1.0,0.25,True,1.0,0.3,30
energy,0.8,0.237751223302602,0.08135749837243002,452.84,384.24,0.2017346745910074,20.123546281387483,0.010437448810298842,1.767709011487494,0.30400000000000005,187.20000000000002,39.18572369391614,9.112746698063507,0.0,0.23486729043345428,0.5895316804407713,0.09523809523809523,0.35,0.1992234739991089,0.5041322314049587,0.09523809523809523,0.31,0.2771484501605407,B_energy,energy,2,0.5,0.4,1.0,0.25,True,1.0,0.3,30
ours,0.8,0.24980574164689082,0.0,475.8,475.8,0.24980574164689082,20.306063126333157,0.011340487640968561,1.6694457861688052,0.35600000000000004,175.2,60.20720702418163,9.661624835509317,0.0,0.24702437782445422,0.5509641873278237,0.19047619047619047,0.48,0.24702437782445422,0.5509641873278237,0.19047619047619047,0.48,0.3671161889071171,B_energy,ours,2,0.5,0.4,1.0,0.25,True,1.0,0.3,30
ours,0.8,0.3338933574143688,0.0,635.96,635.96,0.3338933574143688,15.083093180913872,0.01003843165256106,1.5983157275762858,0.3400000000000001,192.0,64.57297968043527,9.592243939333986,0.0,0.33206033988924955,0.5206611570247934,0.38095238095238093,0.51,0.33206033988924955,0.5206611570247934,0.38095238095238093,0.51,0.43591846946660595,B_energy,ours_b,2,0.5,0.4,1.0,0.25,True,1.0,0.3,30
ours,0.8,0.23880126845454355,0.0,454.84,454.84,0.23880126845454355,21.11618641832528,0.005775248335678434,1.1667471701283154,0.2733333333333333,177.6,46.67640438115129,9.60448623051107,0.0,0.23601298453312966,0.5619834710743802,0.14285714285714285,0.4,0.23601298453312966,0.5619834710743802,0.14285714285714285,0.4,0.33521339961616314,B_energy,ours_c,2,0.5,0.4,1.0,0.0,True,1.0,0.3,30
epara_priv,0.8,0.4352227145767268,0.0,828.96,828.96,0.4352227145767268,23.440229422862938,0.30879727828296616,1.1848919503538653,1.0,0.0,43.22745748739754,19.43101258237646,0.0,0.4333057518087115,0.7410468319559229,0.19047619047619047,0.28,0.4333057518087115,0.7410468319559229,0.19047619047619047,0.28,0.41120719356020624,B_energy,epara_priv,2,0.35,0.4,1.0,0.25,False,1.0,0.3,30
energy,0.8,0.2570090513892097,0.16189596152634564,489.52,413.2,0.21693932839112082,42.281666156840075,0.19478337568515447,1.372955037066594,1.0,0.0,33.62634031363223,20.69772121709635,0.0,0.2539409755373093,0.6776859504132231,0.09523809523809523,0.21,0.2143296628689029,0.5702479338842975,0.09523809523809523,0.19,0.2674539229978239,B_energy,energy,2,0.35,0.4,1.0,0.25,False,1.0,0.3,30
ours,0.8,0.2601381859419955,0.0,495.48,495.48,0.2601381859419955,38.64971751385679,0.19488838020034863,1.293571623579814,1.0,0.0,53.826321151152484,19.150162033765763,0.0,0.25752657373814525,0.650137741046832,0.0,0.13,0.25752657373814525,0.650137741046832,0.0,0.13,0.2594160786962443,B_energy,ours,2,0.35,0.4,1.0,0.25,False,1.0,0.3,30
ours,0.8,0.373186047000021,0.0,710.8,710.8,0.373186047000021,27.35902187980569,0.2723817124136338,1.2265997437889828,1.0,0.0,57.37474464907058,19.446792752165887,0.0,0.37133218763923365,0.6749311294765841,0.14285714285714285,0.2,0.37133218763923365,0.6749311294765841,0.14285714285714285,0.2,0.34728011499324013,B_energy,ours_b,2,0.35,0.4,1.0,0.25,False,1.0,0.3,30
ours,0.8,0.34865699225066676,0.0,664.08,664.08,0.34865699225066676,28.61918903172892,0.2698196022428964,0.8376420186068001,1.0,0.0,37.29542660859662,19.00543105219054,0.0,0.34703922941463516,0.6033057851239669,0.14285714285714285,0.23,0.34703922941463516,0.6033057851239669,0.14285714285714285,0.23,0.3308005393489362,B_energy,ours_c,2,0.35,0.4,1.0,0.0,False,1.0,0.3,30
epara_priv,0.8,0.4172879433815654,0.0,794.8,794.8,0.4172879433815654,8.396219434577182,0.022491967154587646,1.5663733540542244,0.2773333333333333,201.6,51.91498289374062,6.673315206601944,0.0,0.41790253113529796,0.349862258953168,0.09523809523809523,0.44,0.41790253113529796,0.349862258953168,0.09523809523809523,0.44,0.3257507213316403,B_energy,epara_priv,2,0.35,0.4,1.0,0.25,True,1.0,0.3,30
energy,0.8,0.2026797152277548,0.058340508641871604,386.04,319.44,0.16771321166810174,17.753205284651084,0.003948169771300166,1.796501249553731,0.17733333333333332,213.6,41.65596747046747,6.853447368086704,0.0,0.2008571489190164,0.39669421487603307,0.2857142857142857,0.34,0.16599834510852268,0.349862258953168,0.23809523809523808,0.3,0.2634889605392322,B_energy,energy,2,0.35,0.4,1.0,0.25,True,1.0,0.3,30
ours,0.8,0.17061133628746036,0.0,324.96,324.96,0.17061133628746036,20.19674051452118,0.005292227565785328,1.7473381355398283,0.19066666666666665,213.6,63.97219442312395,6.5631327975988025,0.0,0.16869284789849998,0.3691460055096419,0.19047619047619047,0.35,0.16869284789849998,0.3691460055096419,0.19047619047619047,0.35,0.2695787609710831,B_energy,ours,2,0.35,0.4,1.0,0.25,True,1.0,0.3,30
epara,0.8,0.6304261083226579,0.0,1200.76,1200.76,0.6304261083226579,14.693583078286865,0.059327551084696645,1.1720603985971396,1.0,0.0,25.239000121377646,17.643466817083734,0.010674363214175774,0.6282434812127384,0.8870523415977961,0.5714285714285714,0.74,0.6282434812127384,0.8870523415977961,0.5714285714285714,0.74,0.7066810985597765,C_privacy,epara,2,1.0,0.0,1.0,0.25,False,1.0,0.3,30
ours,0.8,0.286116303001029,0.0,544.96,544.96,0.286116303001029,12.852044483488285,0.009975428943444569,1.6707478421572128,0.17733333333333334,228.0,68.41666871917549,7.003850161721776,0.0,0.2852353977043685,0.3608815426997245,0.14285714285714285,0.46,0.2852353977043685,0.3608815426997245,0.14285714285714285,0.46,0.31224352081530893,B_energy,ours_b,2,0.35,0.4,1.0,0.25,True,1.0,0.3,30
ours,0.8,0.17409748619190626,0.0,331.6,331.6,0.17409748619190626,21.090087665864196,0.002478106558582019,1.0266081441501984,0.1733333333333333,216.0,44.680606236810505,6.993473070000567,0.0,0.17244817855854708,0.3333333333333333,0.14285714285714285,0.38,0.17244817855854708,0.3333333333333333,0.14285714285714285,0.38,0.2571596636872558,B_energy,ours_c,2,0.35,0.4,1.0,0.0,True,1.0,0.3,30
epara_priv,0.8,0.6304261083226579,0.0,1200.76,1200.76,0.6304261083226579,14.693583078286865,0.059327551084696645,1.1720603985971396,1.0,0.0,38.455739993677476,17.643466817083734,0.010674363214175774,0.6282434812127384,0.8870523415977961,0.5714285714285714,0.74,0.6282434812127384,0.8870523415977961,0.5714285714285714,0.74,0.7066810985597765,C_privacy,epara_priv,2,1.0,0.0,1.0,0.25,False,1.0,0.3,30
epara,0.8,0.6304261083226579,0.08043345863872146,1200.76,1104.84,0.5800659428355419,14.693583078286865,0.059327551084696645,1.1720603985971396,1.0,0.0,23.81148787253095,17.643466817083734,0.010674363214175774,0.6282434812127384,0.8870523415977961,0.5714285714285714,0.74,0.5778965904992256,0.8347107438016529,0.47619047619047616,0.7,0.6471994526228386,C_privacy,epara,2,1.0,0.2,1.0,0.25,False,1.0,0.3,30
epara_priv,0.8,0.6115462964907491,0.0,1164.8,1164.8,0.6115462964907491,15.1751342866459,0.056030409307600226,1.0948190772203206,1.0,0.0,42.262623369255415,17.675996417085145,0.03837501399283363,0.6092122292236861,0.8842975206611571,0.5238095238095238,0.74,0.6092122292236861,0.8842975206611571,0.5238095238095238,0.74,0.6893298184235916,C_privacy,tera,2,1.0,0.0,1.0,0.25,False,1.0,0.3,30
epara_priv,0.8,0.7068903962870403,0.0,1346.4,1346.4,0.7068903962870403,12.658496500143876,0.051221202511708,1.0570384526534642,1.0,0.0,35.45218008406482,17.043399687793716,0.007081577773116532,0.7054505335964186,0.8842975206611571,0.47619047619047616,0.79,0.7054505335964186,0.8842975206611571,0.47619047619047616,0.79,0.713984632612013,C_privacy,epara_priv,2,1.0,0.2,1.0,0.25,False,1.0,0.3,30
epara,0.8,0.6304261083226579,0.16168595249595732,1200.76,1005.24,0.5277736942688536,14.693583078286865,0.059327551084696645,1.1720603985971396,1.0,0.0,23.598854616185477,17.643466817083734,0.010674363214175774,0.6282434812127384,0.8870523415977961,0.5714285714285714,0.74,0.5257250758491927,0.7630853994490359,0.47619047619047616,0.65,0.6037502378721762,C_privacy,epara,2,1.0,0.4,1.0,0.25,False,1.0,0.3,30
epara_priv,0.8,0.7486191906251969,0.0,1425.88,1425.88,0.7486191906251969,11.769098211303373,0.09742318919713548,0.9420585085158661,1.0,0.0,32.68616385750723,16.781321757533252,0.02197957959975501,0.747735132497401,0.8484848484848485,0.6190476190476191,0.83,0.747735132497401,0.8484848484848485,0.6190476190476191,0.83,0.7613169000074671,C_privacy,epara_priv,2,1.0,0.4,1.0,0.25,False,1.0,0.3,30
epara_priv,0.8,0.6974399899195666,0.0,1328.4,1328.4,0.6974399899195666,13.003149362579169,0.0680639267488502,1.073293151605519,1.0,0.0,39.73490416111018,17.273383613250168,0.02518804704957257,0.695775783421382,0.8980716253443526,0.5238095238095238,0.79,0.695775783421382,0.8980716253443526,0.5238095238095238,0.79,0.7269142331438145,C_privacy,tera,2,1.0,0.2,1.0,0.25,False,1.0,0.3,30
epara_priv,0.8,0.7983493290211479,0.0,1520.6,1520.6,0.7983493290211479,11.13511483180934,0.09513409076590293,0.8632421194111347,1.0,0.0,33.458047233480976,16.932055613249283,0.012388369266003157,0.7974243099314705,0.9035812672176309,0.6666666666666666,0.88,0.7974243099314705,0.9035812672176309,0.6666666666666666,0.88,0.8119180609539419,C_privacy,tera,2,1.0,0.4,1.0,0.25,False,1.0,0.3,30
epara,0.8,0.6304261083226579,0.24134237772224207,1200.76,910.0,0.47777054413339776,14.693583078286865,0.059327551084696645,1.1720603985971396,1.0,0.0,23.418918536726203,17.643466817083734,0.010674363214175774,0.6282434812127384,0.8870523415977961,0.5714285714285714,0.74,0.4758449493985106,0.7024793388429752,0.38095238095238093,0.59,0.5373191672984666,C_privacy,epara,2,1.0,0.6,1.0,0.25,False,1.0,0.3,30
epara_priv,0.8,0.719595942625533,0.0,1370.6,1370.6,0.719595942625533,11.551805255113042,0.10901568767457001,0.8747716151794527,1.0,0.0,32.33665154654981,15.832904282657935,0.030962014406075187,0.7189230475463051,0.8044077134986226,0.5714285714285714,0.76,0.7189230475463051,0.8044077134986226,0.5714285714285714,0.76,0.7136898331183748,C_privacy,epara_priv,2,1.0,0.6,1.0,0.25,False,1.0,0.3,30
epara,0.8,0.6304261083226579,0.3247789654955163,1200.76,809.32,0.42491127118466093,14.693583078286865,0.059327551084696645,1.1720603985971396,1.0,0.0,23.861352371763722,17.643466817083734,0.010674363214175774,0.6282434812127384,0.8870523415977961,0.5714285714285714,0.74,0.4230793711412386,0.6336088154269972,0.38095238095238093,0.54,0.4944101418801542,C_privacy,epara,2,1.0,0.8,1.0,0.25,False,1.0,0.3,30
epara_priv,0.8,0.7537224100636327,0.0,1435.6,1435.6,0.7537224100636327,11.3181640983609,0.09704517294243653,0.8197702501207552,1.0,0.0,34.24350946509349,16.248356379606907,0.024266921656342887,0.7528483228311375,0.8484848484848485,0.5238095238095238,0.87,0.7528483228311375,0.8484848484848485,0.5238095238095238,0.87,0.7487856737813774,C_privacy,tera,2,1.0,0.6,1.0,0.25,False,1.0,0.3,30
epara_priv,0.8,0.7190079173404457,0.0,1369.48,1369.48,0.7190079173404457,11.055290721216782,0.07142407123506311,0.7379087300753933,1.0,0.0,29.559482871226013,15.13999953689196,0.045463407040897706,0.7183502004964675,0.7933884297520661,0.5714285714285714,0.79,0.7183502004964675,0.7933884297520661,0.5714285714285714,0.79,0.7182918004192762,C_privacy,epara_priv,2,1.0,0.8,1.0,0.25,False,1.0,0.3,30
epara_priv,0.8,0.7517693260810215,0.0,1431.88,1431.88,0.7517693260810215,10.687204678959676,0.0748472184303925,0.7153537602116891,1.0,0.0,32.47324205245497,15.30279463570878,0.041519340243831304,0.7511297816816244,0.8292011019283747,0.5714285714285714,0.81,0.7511297816816244,0.8292011019283747,0.5714285714285714,0.81,0.7404398637596425,C_privacy,tera,2,1.0,0.8,1.0,0.25,False,1.0,0.3,30
ours,0.8,0.5311338387550665,0.0,1011.64,1011.64,0.5311338387550665,18.522468647320277,0.258836129953588,1.1232332990318583,1.0,0.0,43.97728475058236,18.738070182375086,0.0,0.5295016230666412,0.7961432506887053,0.2857142857142857,0.39,0.5295016230666412,0.7961432506887053,0.2857142857142857,0.39,0.500339789867408,D_ablate,ours,2,0.5,0.4,0.0,0.0,False,1.0,0.3,30
ours,0.8,0.47071424071235063,0.0,896.56,896.56,0.47071424071235063,10.519515425815824,0.02160992922695676,1.511729004347187,0.4013333333333333,170.39999999999998,54.18806963784673,9.431376750169434,0.0,0.46979823053911274,0.5867768595041323,0.2857142857142857,0.52,0.46979823053911274,0.5867768595041323,0.2857142857142857,0.52,0.4655723439393826,D_ablate,ours,2,0.5,0.4,0.0,0.0,True,1.0,0.3,30
ours,0.8,0.5092088959825273,0.0,969.88,969.88,0.5092088959825273,18.950668415596468,0.22851082596551653,1.1302476006468278,1.0,0.0,50.784678882290414,18.3798742829187,0.0,0.5077334351728089,0.7327823691460055,0.23809523809523808,0.45,0.5077334351728089,0.7327823691460055,0.23809523809523808,0.45,0.48215276060351314,D_ablate,ours,2,0.5,0.4,0.0,0.25,False,1.0,0.3,30
ours,0.8,0.46367893819434236,0.0,883.16,883.16,0.46367893819434236,21.361262320574472,0.2506247768654052,1.2244366507759834,1.0,0.0,47.9992366071049,18.86541243103855,0.0,0.4619056711857934,0.743801652892562,0.14285714285714285,0.35,0.4619056711857934,0.743801652892562,0.14285714285714285,0.35,0.4246411167338745,D_ablate,ours,2,0.5,0.4,0.5,0.0,False,1.0,0.3,30
ours,0.8,0.4768045025936115,0.0,908.16,908.16,0.4768045025936115,10.198418732489541,0.01570867547304534,1.4782535649032909,0.3906666666666666,180.0,61.40724210974383,9.261795956097702,0.0,0.47616319775953153,0.5234159779614325,0.3333333333333333,0.64,0.47616319775953153,0.5234159779614325,0.3333333333333333,0.64,0.4932281272635743,D_ablate,ours,2,0.5,0.4,0.0,0.25,True,1.0,0.3,30
ours,0.8,0.3645546758510616,0.0,694.36,694.36,0.3645546758510616,26.467086276864464,0.1729004347186929,1.2420354075225235,1.0,0.0,49.3750099362137,18.37768602720361,0.0,0.3619544692678166,0.7162534435261708,0.047619047619047616,0.38,0.3619544692678166,0.7162534435261708,0.047619047619047616,0.38,0.37645674010325875,D_ablate,ours,2,0.5,0.4,1.0,0.0,False,1.0,0.3,30
ours,0.8,0.36087951781926625,0.0,687.36,687.36,0.36087951781926625,14.168227005602068,0.012159522859482958,1.5937375307138206,0.3213333333333333,192.0,56.7128988965802,9.738672514570638,0.0,0.3590690174612267,0.5454545454545454,0.19047619047619047,0.58,0.3590690174612267,0.5454545454545454,0.19047619047619047,0.58,0.4187499383479906,D_ablate,ours,2,0.5,0.4,0.5,0.0,True,1.0,0.3,30
ours,0.8,0.25310288342398723,0.0,482.08,482.08,0.25310288342398723,20.354342402269335,0.004452191444232102,1.6520990402587312,0.316,194.4,60.627958435774914,9.812421385286001,0.0,0.2504190270086776,0.5261707988980716,0.19047619047619047,0.54,0.2504190270086776,0.5261707988980716,0.19047619047619047,0.54,0.3767665040957349,D_ablate,ours,2,0.5,0.4,1.0,0.0,True,1.0,0.3,30
ours,0.8,0.3786672826931558,0.0,721.24,721.24,0.3786672826931558,25.74347950275489,0.2217905369930907,1.2299808891782347,1.0,0.0,55.35274649494497,18.567227156566936,0.0,0.3762756455137589,0.7024793388429752,0.14285714285714285,0.38,0.3762756455137589,0.7024793388429752,0.14285714285714285,0.38,0.40040303180346926,D_ablate,ours,2,0.5,0.4,1.0,0.25,False,1.0,0.3,30
ours,0.8,0.24980574164689082,0.0,475.8,475.8,0.24980574164689082,20.306063126333157,0.011340487640968561,1.6694457861688052,0.35600000000000004,175.2,64.05338936614086,9.661624835509317,0.0,0.24702437782445422,0.5509641873278237,0.19047619047619047,0.48,0.24702437782445422,0.5509641873278237,0.19047619047619047,0.48,0.3671161889071171,D_ablate,ours,2,0.5,0.4,1.0,0.25,True,1.0,0.3,30
ours,0.8,0.37356406325471997,0.0,711.52,711.52,0.37356406325471997,25.75226842141213,0.16842724237142198,1.2265577419829052,1.0,0.0,54.80614318715692,18.32325402720316,0.0,0.37088663993380433,0.7327823691460055,0.19047619047619047,0.37,0.37088663993380433,0.7327823691460055,0.19047619047619047,0.37,0.4160362998890001,D_ablate,ours,2,0.5,0.4,2.0,0.25,False,1.0,0.3,30
ours,0.8,0.2628263015309658,0.0,500.6,500.6,0.2628263015309658,19.405774731731135,0.007980343154755655,1.6673456958649222,0.29333333333333333,187.20000000000002,63.6346156375879,9.714530830704605,0.0,0.26015742685591836,0.5426997245179064,0.23809523809523808,0.51,0.26015742685591836,0.5426997245179064,0.23809523809523808,0.51,0.3877380973672657,D_ablate,ours,2,0.5,0.4,2.0,0.25,True,1.0,0.3,30
ours,0.8,0.34267173488460007,0.0,652.68,652.68,0.34267173488460007,28.544609659769517,0.17684860448999307,1.3027280173047442,1.0,0.0,59.15943882617278,18.63049583273837,0.0,0.33954978465194235,0.7575757575757576,0.047619047619047616,0.37,0.33954978465194235,0.7575757575757576,0.047619047619047616,0.37,0.3786861474616869,D_ablate,ours,2,0.5,0.4,1.0,0.4,False,1.0,0.3,30
ours,0.8,0.24967973622865783,0.0,475.56,475.56,0.24967973622865783,20.801310980325454,0.0028981246193586323,1.661654451141399,0.30933333333333335,184.8,64.51278781391255,9.892271449803573,0.0,0.24702437782445422,0.5151515151515151,0.42857142857142855,0.5,0.24702437782445422,0.5151515151515151,0.42857142857142855,0.5,0.42268683038684945,D_ablate,ours,2,0.5,0.4,1.0,0.4,True,1.0,0.3,30
epara_priv,0.8,0.719595942625533,0.0,1370.6,1370.6,0.719595942625533,11.551805255113042,0.10901568767457001,0.8747716151794527,1.0,0.0,37.935024543157084,15.832904282657935,0.030962014406075187,0.7189230475463051,0.8044077134986226,0.5714285714285714,0.76,0.7189230475463051,0.8044077134986226,0.5714285714285714,0.76,0.7136898331183748,D_gamma,tera,2,1.0,0.6,1.0,0.25,False,1.0,1.0,30
epara_priv,0.8,0.8188882121931244,0.0,1559.72,1559.72,0.8188882121931244,10.42670028076299,0.13780792574080686,0.7847197429489468,1.0,0.0,34.4348305304306,16.26273296191165,0.023186727792635867,0.8187257335624721,0.8484848484848485,0.5714285714285714,0.84,0.8187257335624721,0.8484848484848485,0.5714285714285714,0.84,0.7696597883689731,D_gamma,tera,2,1.0,0.6,1.0,0.25,False,1.0,0.5,30
rr,0.8,0.6080601465863033,0.16053090282882163,1158.16,978.56,0.5137660919419536,15.239607322894592,0.0851166600163807,1.3675368040825755,1.0,0.0,1.6773103270233531,17.649903617083602,0.07100718238034617,0.6061782615152865,0.8705234159779615,0.2857142857142857,0.61,0.5120616128826937,0.7382920110192838,0.19047619047619047,0.57,0.5027074535945419,E_stale,rr,2,1.0,0.4,1.0,0.25,False,0.1,0.3,30
epara_priv,0.8,0.7537224100636327,0.0,1435.6,1435.6,0.7537224100636327,11.3181640983609,0.09704517294243653,0.8197702501207552,1.0,0.0,35.9069963277281,16.248356379606907,0.024266921656342887,0.7528483228311375,0.8484848484848485,0.5238095238095238,0.87,0.7528483228311375,0.8484848484848485,0.5238095238095238,0.87,0.7487856737813774,D_gamma,tera,2,1.0,0.6,1.0,0.25,False,1.0,0.3,30
epara_priv,0.8,0.8148980406157464,0.0,1552.12,1552.12,0.8148980406157464,10.31528002251882,0.11684902450805384,0.766469958208203,1.0,0.0,33.120260486156745,16.01055242855191,0.015761621751440327,0.8146733710988056,0.8429752066115702,0.6666666666666666,0.85,0.8146733710988056,0.8429752066115702,0.6666666666666666,0.85,0.7935788110942605,D_gamma,tera,2,1.0,0.6,1.0,0.25,False,1.0,0.1,30
epara,0.8,0.7477161517945272,0.15101749375223134,1424.16,1211.96,0.6363063611735305,12.387975239498036,0.0901778776487389,0.9490728101308357,1.0,0.0,21.187920640961117,17.642458817083522,0.02380116087589796,0.7460165913478879,0.9559228650137741,0.5238095238095238,0.84,0.6347781808923684,0.8071625344352618,0.42857142857142855,0.78,0.6626280359747646,E_stale,epara,2,1.0,0.4,1.0,0.25,False,0.1,0.3,30
rr,1.0,0.2092655519294822,0.16436766140699122,497.6,420.64,0.17690004373717325,47.847501824523796,0.01345759176395384,1.8088180870033308,1.0,0.0,2.355845820015695,23.80891690788304,0.05213091078816214,0.20717029884744842,0.4742729306487696,0.19444444444444445,0.24817518248175183,0.17509264610886344,0.40492170022371365,0.16666666666666666,0.2116788321167883,0.239589961279008,E_stale,rr,2,1.0,0.4,1.0,0.25,False,0.1,0.3,30
epara_priv,0.8,0.6713778692483777,0.0,1278.76,1278.76,0.6713778692483777,13.351585797235874,0.08389860764012852,0.9557090954911062,1.0,0.0,38.22823814757354,17.07347385407335,0.01879986462169057,0.6696369847028621,0.8705234159779615,0.5714285714285714,0.79,0.6696369847028621,0.8705234159779615,0.5714285714285714,0.79,0.7253972430273488,E_stale,epara_priv,2,1.0,0.4,1.0,0.25,False,0.1,0.3,30
epara,1.0,0.14302055647141945,0.1372842579820341,340.08,284.96,0.11983985465800895,70.17933694390636,0.0021532146822326147,0.5581199744305756,1.0,0.0,19.72736913413457,23.866588907883674,0.016847008367746254,0.14009111617312073,0.5234899328859061,0.19444444444444445,0.145985401459854,0.1171760786046986,0.46756152125279643,0.16666666666666666,0.11678832116788321,0.21704814692301122,E_stale,epara,2,1.0,0.4,1.0,0.25,False,0.1,0.3,30
rr,0.8,0.6080601465863033,0.16053090282882163,1158.16,978.56,0.5137660919419536,15.239607322894592,0.0851166600163807,1.3675368040825755,1.0,0.0,1.932949868202566,17.649903617083602,0.07100718238034606,0.6061782615152865,0.8705234159779615,0.2857142857142857,0.61,0.5120616128826937,0.7382920110192838,0.19047619047619047,0.57,0.5027074535945419,E_stale,rr,2,1.0,0.4,1.0,0.25,False,0.25,0.3,30
epara,0.8,0.6061490644097696,0.156519730348405,1154.52,978.36,0.5136610874267593,15.293255393656521,0.06119663145515257,1.005712245626562,1.0,0.0,25.2830469398906,17.65636921708433,0.020591911837874087,0.6039505229881399,0.8815426997245179,0.5714285714285714,0.65,0.5118070141938769,0.7493112947658402,0.47619047619047616,0.54,0.5693271962875484,E_stale,epara,2,1.0,0.4,1.0,0.25,False,0.25,0.3,30
rr,0.8,0.6080601465863033,0.16053090282882163,1158.16,978.56,0.5137660919419536,15.239607322894592,0.0851166600163807,1.3675368040825755,1.0,0.0,1.8584268807539817,17.649903617083602,0.07100718238034609,0.6061782615152865,0.8705234159779615,0.2857142857142857,0.61,0.5120616128826937,0.7382920110192838,0.19047619047619047,0.57,0.5027074535945419,E_stale,rr,2,1.0,0.4,1.0,0.25,False,0.5,0.3,30
rr,1.0,0.2092655519294822,0.16436766140699122,497.6,420.64,0.17690004373717325,47.847501824523796,0.01345759176395384,1.8088180870033308,1.0,0.0,2.3867570582689144,23.80891690788304,0.05213091078816213,0.20717029884744842,0.4742729306487696,0.19444444444444445,0.24817518248175183,0.17509264610886344,0.40492170022371365,0.16666666666666666,0.2116788321167883,0.239589961279008,E_stale,rr,2,1.0,0.4,1.0,0.25,False,0.25,0.3,30
epara_priv,0.8,0.7505512737047693,0.0,1429.56,1429.56,0.7505512737047693,11.795008512722552,0.10128735535628032,0.9498288426402335,1.0,0.0,36.432625819321316,16.86167236944765,0.019501994140877492,0.7492627246303015,0.8953168044077136,0.5714285714285714,0.87,0.7492627246303015,0.8953168044077136,0.5714285714285714,0.87,0.7715020251166467,E_stale,epara_priv,2,1.0,0.4,1.0,0.25,False,0.25,0.3,30
epara_priv,1.0,0.14840359317700097,0.0,352.88,352.88,0.14840359317700097,62.254828142540845,0.0010261413720014803,0.7255155939844565,1.0,0.0,42.74624923459358,21.968483754939815,0.007797485512997628,0.14479991840342707,0.5973154362416108,0.25,0.20437956204379562,0.14479991840342707,0.5973154362416108,0.25,0.20437956204379562,0.29912372917220836,E_stale,epara_priv,2,1.0,0.4,1.0,0.25,False,0.1,0.3,30
epara,1.0,0.17479729502405544,0.13746929986878847,415.64,349.52,0.14699054604178582,57.83396041739567,0.006695151902567036,0.7051105204723614,1.0,0.0,22.05193545667907,24.03810730788634,0.032355955307666405,0.17208377248155576,0.5212527964205816,0.2222222222222222,0.19708029197080293,0.1445959269710672,0.4563758389261745,0.19444444444444445,0.15328467153284672,0.23717522046863324,E_stale,epara,2,1.0,0.4,1.0,0.25,False,0.25,0.3,30
epara,0.8,0.658567318394691,0.1559947077724342,1254.36,1065.24,0.5592750488270996,14.226167621005237,0.07285213264170359,1.0792994098746247,1.0,0.0,24.95188563476839,17.84473561708413,0.016329466046907968,0.656503935671398,0.9008264462809917,0.6666666666666666,0.75,0.5574438291642798,0.7658402203856749,0.5714285714285714,0.67,0.6411781552446316,E_stale,epara,2,1.0,0.4,1.0,0.25,False,0.5,0.3,30
epara_priv,1.0,0.13341520034989737,0.0,317.24,317.24,0.13341520034989737,69.95482018540795,0.0013289371866904418,0.7368031490764728,1.0,0.0,41.80752486676627,22.192467155618818,0.02450962454015064,0.13029952741984838,0.5369127516778524,0.19444444444444445,0.1386861313868613,0.13029952741984838,0.5369127516778524,0.19444444444444445,0.1386861313868613,0.25008571373225164,E_stale,epara_priv,2,1.0,0.4,1.0,0.25,False,0.25,0.3,30
rr,1.0,0.2092655519294822,0.16436766140699122,497.6,420.64,0.17690004373717325,47.847501824523796,0.01345759176395384,1.8088180870033308,1.0,0.0,2.2180279884572105,23.80891690788304,0.05213091078816214,0.20717029884744842,0.4742729306487696,0.19444444444444445,0.24817518248175183,0.17509264610886344,0.40492170022371365,0.16666666666666666,0.2116788321167883,0.239589961279008,E_stale,rr,2,1.0,0.4,1.0,0.25,False,0.5,0.3,30
epara_priv,0.8,0.7843837285003256,0.0,1494.0,1494.0,0.7843837285003256,11.108832990491525,0.11926412835751937,0.8898922653674108,1.0,0.0,33.52165205365896,16.596596487794336,0.022085142427990912,0.7834001654891477,0.8925619834710744,0.6190476190476191,0.89,0.7834001654891477,0.8925619834710744,0.6190476190476191,0.89,0.7962524420019603,E_stale,epara_priv,2,1.0,0.4,1.0,0.25,False,0.5,0.3,30
rr,0.8,0.6080601465863033,0.16053090282882163,1158.16,978.56,0.5137660919419536,15.239607322894592,0.0851166600163807,1.3675368040825755,1.0,0.0,1.6568517600047488,17.649903617083602,0.07100718238034608,0.6061782615152865,0.8705234159779615,0.2857142857142857,0.61,0.5120616128826937,0.7382920110192838,0.19047619047619047,0.57,0.5027074535945419,E_stale,rr,2,1.0,0.4,1.0,0.25,False,1.0,0.3,30
epara,1.0,0.15859771893819602,0.15397167176933688,377.12,312.08,0.13124516367795983,63.759749967877475,0.004895199004138209,0.8905729569693503,1.0,0.0,24.161720725260437,24.045076907885957,0.01098757593422987,0.15556046646040866,0.5436241610738255,0.2222222222222222,0.1897810218978102,0.12861659810287968,0.465324384787472,0.16666666666666666,0.16058394160583941,0.23029789779071444,E_stale,epara,2,1.0,0.4,1.0,0.25,False,0.5,0.3,30
epara_priv,1.0,0.1723581065168388,0.0,409.84,409.84,0.1723581065168388,53.99334575952304,0.000841099485247115,0.7680920499276654,1.0,0.0,40.175510325359184,22.12863282608292,0.015652002237154926,0.16983986672559753,0.47651006711409394,0.25,0.24087591240875914,0.16983986672559753,0.47651006711409394,0.25,0.24087591240875914,0.28430646156211264,E_stale,epara_priv,2,1.0,0.4,1.0,0.25,False,0.5,0.3,30
epara,0.8,0.6304261083226579,0.1549656635235315,1200.76,1013.12,0.5319108721675032,14.693583078286865,0.059327551084696645,1.1720603985971396,1.0,0.0,25.96470118038902,17.643466817083734,0.010674363214175774,0.6282434812127384,0.8870523415977961,0.5714285714285714,0.74,0.5298835210998664,0.7658402203856749,0.47619047619047616,0.65,0.6054785544190043,E_stale,epara,2,1.0,0.4,1.0,0.25,False,1.0,0.3,30
rr,1.0,0.2092655519294822,0.16436766140699122,497.6,420.64,0.17690004373717325,47.847501824523796,0.01345759176395384,1.8088180870033308,1.0,0.0,2.272611006840908,23.80891690788304,0.05213091078816214,0.20717029884744842,0.4742729306487696,0.19444444444444445,0.24817518248175183,0.17509264610886344,0.40492170022371365,0.16666666666666666,0.2116788321167883,0.239589961279008,E_stale,rr,2,1.0,0.4,1.0,0.25,False,1.0,0.3,30
epara_priv,0.8,0.7954302034987505,0.0,1515.04,1515.04,0.7954302034987505,11.072348151541913,0.1439401894281454,0.9057479471617279,1.0,0.0,34.93190419775635,16.77505034351206,0.016639837926948484,0.794772240256296,0.8842975206611571,0.6190476190476191,0.82,0.794772240256296,0.8842975206611571,0.6190476190476191,0.82,0.779529344991268,E_stale,epara_priv,2,1.0,0.4,1.0,0.25,False,1.0,0.3,30
rr,0.8,0.6080601465863033,0.16053090282882163,1158.16,978.56,0.5137660919419536,15.239607322894592,0.0851166600163807,1.3675368040825755,1.0,0.0,1.7375877070200572,17.649903617083602,0.07100718238034609,0.6061782615152865,0.8705234159779615,0.2857142857142857,0.61,0.5120616128826937,0.7382920110192838,0.19047619047619047,0.57,0.5027074535945419,E_stale,rr,2,1.0,0.4,1.0,0.25,False,2.0,0.3,30
epara,1.0,0.21195707028227298,0.1413720014803351,504.0,426.32,0.17928876627527504,47.744485928337284,0.006880193789321401,1.0451333983783602,1.0,0.0,27.155867386169785,24.06322090788199,0.01903322358751513,0.2091082174548669,0.5637583892617449,0.19444444444444445,0.291970802919708,0.17687757114201202,0.4809843400447427,0.1388888888888889,0.24087591240875914,0.2594066781211007,E_stale,epara,2,1.0,0.4,1.0,0.25,False,1.0,0.3,30
epara,0.8,0.6351723124094336,0.15752777369426885,1209.8,1015.6,0.5332129281559107,14.387987119426917,0.029779280509061888,1.023563013209568,1.0,0.0,24.1238096739375,17.406586817082683,0.0247399725619899,0.6343750663017419,0.7300275482093664,0.38095238095238093,0.72,0.5324295079880339,0.6253443526170799,0.23809523809523808,0.63,0.506467274675088,E_stale,epara,2,1.0,0.4,1.0,0.25,False,2.0,0.3,30
local,0.4,0.47376099739157346,0.15036031654803483,428.64,373.08,0.4123524470577833,22.04907706389717,0.0,0.0,1.0,0.0,0.0,9.451116392668883,0.3871929931879154,0.47404164060405685,0.4431137724550898,0.35294117647058826,0.49056603773584906,0.41247430971316235,0.40119760479041916,0.29411764705882354,0.4339622641509434,0.38543795642833717,A_load,local,3,1.0,0.4,1.0,0.25,False,1.0,0.3,30
epara_priv,1.0,0.27991790869023986,0.0,665.6,665.6,0.27991790869023986,33.7339893638107,0.005652188540860613,0.980772465767251,1.0,0.0,43.0764215989681,22.453343320552403,0.015254821281738929,0.2771733587189338,0.6308724832214765,0.3055555555555556,0.30656934306569344,0.2771733587189338,0.6308724832214765,0.3055555555555556,0.30656934306569344,0.38004268514041484,E_stale,epara_priv,2,1.0,0.4,1.0,0.25,False,1.0,0.3,30
rr,1.0,0.2092655519294822,0.16436766140699122,497.6,420.64,0.17690004373717325,47.847501824523796,0.01345759176395384,1.8088180870033308,1.0,0.0,2.1734857480692793,23.80891690788304,0.05213091078816214,0.20717029884744842,0.4742729306487696,0.19444444444444445,0.24817518248175183,0.17509264610886344,0.40492170022371365,0.16666666666666666,0.2116788321167883,0.239589961279008,E_stale,rr,2,1.0,0.4,1.0,0.25,False,2.0,0.3,30
rr,0.4,0.9783810071179098,0.16764666872982892,885.2,738.08,0.8157743489986294,10.699345224433944,0.007736858393386091,0.46668729828904904,1.0,0.0,0.575078075269593,9.471060392668928,0.28322168551227067,0.9785988740952551,0.9760479041916168,0.7058823529411765,0.9811320754716981,0.8160575462425164,0.7904191616766467,0.5882352941176471,0.8490566037735849,0.7609421514525988,A_load,rr,3,1.0,0.4,1.0,0.25,False,1.0,0.3,30
rr_g,0.4,0.9732083646491887,0.17312878553428535,880.52,727.96,0.8045890622927627,10.76805296037449,0.009018966355718644,0.4520977938900924,1.0,0.0,0.32928411118893963,9.481485992668945,0.27627407516751923,0.9731927441694218,0.9700598802395209,0.9411764705882353,1.0,0.8043963899562148,0.8023952095808383,0.8235294117647058,0.8867924528301887,0.829278366032987,A_load,rr_g,3,1.0,0.4,1.0,0.25,False,1.0,0.3,30
epara_priv,0.8,0.6932188084087616,0.0,1320.36,1320.36,0.6932188084087616,12.685691371038113,0.06980700170107315,1.016380704370288,1.0,0.0,36.98368356005706,16.74967945866388,0.024281248704741604,0.6921477521057433,0.8099173553719008,0.38095238095238093,0.84,0.6921477521057433,0.8099173553719008,0.38095238095238093,0.84,0.6807543721075062,E_stale,epara_priv,2,1.0,0.4,1.0,0.25,False,2.0,0.3,30
epara,0.4,0.9991599982315752,0.1710508864229188,904.0,749.48,0.8283743755250011,10.526201319324109,0.0253326849109156,0.33029753746849994,1.0,0.0,6.9932128296373515,9.515685992668995,0.28359335969478916,0.9991511035653651,1.0,1.0,1.0,0.8281208113662765,0.8502994011976048,0.8235294117647058,0.8679245283018868,0.8424685381576185,A_load,epara,3,1.0,0.4,1.0,0.25,False,1.0,0.3,30
epara_priv,0.4,0.9871789203766744,0.0,893.16,893.16,0.9871789203766744,10.508517368639383,0.009416861930235642,0.40607453910429286,1.0,0.0,14.310721343010432,9.385787372973951,0.2707824831934823,0.987311232240193,0.9880239520958084,0.9411764705882353,0.9433962264150944,0.987311232240193,0.9880239520958084,0.9411764705882353,0.9433962264150944,0.9649769703348328,A_load,epara_priv,3,1.0,0.4,1.0,0.25,False,1.0,0.3,30
epara,1.0,0.22363153113750295,0.15597348854422502,531.76,437.16,0.1838475254853144,45.00040640116605,0.01513979073444807,1.0176294452107795,1.0,0.0,24.5135219902626,23.92941610788406,0.027586680741577666,0.22121170910821744,0.5257270693512305,0.19444444444444445,0.2846715328467153,0.18162037194437833,0.46756152125279643,0.19444444444444445,0.2116788321167883,0.2638262924396019,E_stale,epara,2,1.0,0.4,1.0,0.25,False,2.0,0.3,30
epara_priv,0.4,0.9885936601971793,0.0,894.44,894.44,0.9885936601971793,10.530411176796735,0.023785313232238384,0.44303461691498297,1.0,0.0,16.955370620139597,9.418820972974071,0.2751720941011425,0.9886069162720043,0.9880239520958084,1.0,0.9811320754716981,0.9886069162720043,0.9880239520958084,1.0,0.9811320754716981,0.9894407359598777,A_load,tera,3,1.0,0.4,1.0,0.25,False,1.0,0.3,30
ours,0.4,0.9838189133029753,0.0,890.12,890.12,0.9838189133029753,10.449961997229414,0.00022105309695388833,0.4383040806401698,1.0,0.0,16.192145763934214,9.301720172973845,0.26305485166997344,0.984049682780806,0.9640718562874252,0.9411764705882353,0.9622641509433962,0.984049682780806,0.9640718562874252,0.9411764705882353,0.9622641509433962,0.9628905401499657,A_load,ours,3,1.0,0.4,1.0,0.25,False,1.0,0.3,30
local,0.6,0.25231214726826817,0.15152321011730638,341.56,292.76,0.21626333362881542,37.04496825475979,0.0009159944449369146,0.0,1.0,0.0,0.0,12.653079357095754,0.31561699344799743,0.25158922016295104,0.3474576271186441,0.0,0.3375,0.21562658548959918,0.2966101694915254,0.0,0.3,0.20305918874528117,A_load,local,3,1.0,0.4,1.0,0.25,False,1.0,0.3,30
rr,0.6,0.8940401264663298,0.17790975977306978,1210.28,997.88,0.7371391425110068,10.41427715660449,0.025559199834530037,0.8062228525839907,1.0,0.0,0.9577881710696944,12.604191357095281,0.1730833154980666,0.8938132330557794,0.940677966101695,0.6,0.925,0.7365923538365118,0.7923728813559322,0.55,0.85,0.7322413087981111,A_load,rr,3,1.0,0.4,1.0,0.25,False,1.0,0.3,30
rr_g,0.6,0.9000384126702715,0.195756877345389,1218.4,979.48,0.7235469668764589,10.318432827556675,0.015867387642939455,0.8121029459563277,1.0,0.0,0.5581243730577352,12.571978557095054,0.14860532155606876,0.9001701137075835,0.902542372881356,0.55,0.925,0.7230727907601396,0.7711864406779662,0.45,0.85,0.6985648078595265,A_load,rr_g,3,1.0,0.4,1.0,0.25,False,1.0,0.3,30
epara_priv,1.0,0.22455674057127478,0.0,533.96,533.96,0.22455674057127478,42.2424426748099,0.006291424149648421,1.0835043568953335,1.0,0.0,42.50668115149386,22.555774690641496,0.03205255872711454,0.22163669125896712,0.5861297539149888,0.16666666666666666,0.31386861313868614,0.22163669125896712,0.5861297539149888,0.16666666666666666,0.31386861313868614,0.3220754312448272,E_stale,epara_priv,2,1.0,0.4,1.0,0.25,False,2.0,0.3,30
epara,0.6,0.9936471353012439,0.18074638773158408,1345.12,1102.12,0.8141417723015099,9.477106694641236,0.062198977632006616,0.4952870608397601,1.0,0.0,10.207207163126528,12.747845757095817,0.15879385751314173,0.9936431193481959,0.9957627118644068,0.95,1.0,0.8137105679410273,0.8516949152542372,0.75,0.9,0.8288513707988161,A_load,epara,3,1.0,0.4,1.0,0.25,False,1.0,0.3,30
epara_priv,0.6,0.9503885589339006,0.0,1286.56,1286.56,0.9503885589339006,9.639685626543951,0.04181071418018497,0.5381024140885855,1.0,0.0,19.12500708913018,12.402033939686385,0.13941340597592958,0.9506073357805832,0.9279661016949152,0.75,0.975,0.9506073357805832,0.9279661016949152,0.75,0.975,0.9008933593688746,A_load,epara_priv,3,1.0,0.4,1.0,0.25,False,1.0,0.3,30
epara_priv,0.6,0.946104068788228,0.0,1280.76,1280.76,0.946104068788228,9.684422639437969,0.0478090003841267,0.5359749431196998,1.0,0.0,21.338022225992805,12.403421139686573,0.1511929419913002,0.9461306592652282,0.9364406779661016,0.95,0.9625,0.9461306592652282,0.9364406779661016,0.95,0.9625,0.9487678343078324,A_load,tera,3,1.0,0.4,1.0,0.25,False,1.0,0.3,30
local,0.8,0.26155653060319994,0.14953685236892258,472.12,405.44,0.22461552098568452,31.31142749467759,0.0010193679918450561,0.0,1.0,0.0,0.0,14.782751148787186,0.3046964363108409,0.2616013948497854,0.2805755395683453,0.15789473684210525,0.20430107526881722,0.22465128755364808,0.24100719424460432,0.05263157894736842,0.1935483870967742,0.17795961196059873,A_load,local,3,1.0,0.4,1.0,0.25,False,1.0,0.3,30
ours,0.6,0.950743137428715,0.0,1287.04,1287.04,0.950743137428715,9.514356387043618,0.0022456638004905004,0.5924415684188754,1.0,0.0,22.20631022688825,12.245357244380616,0.1371701863659219,0.9509057808816068,0.9322033898305084,0.85,0.9625,0.9509057808816068,0.9322033898305084,0.85,0.9625,0.9239022926780288,A_load,ours,3,1.0,0.4,1.0,0.25,False,1.0,0.3,30
rr,0.8,0.7747196738022426,0.19292647254354475,1398.4,1139.28,0.6311660683419758,10.599909002279379,0.0562868412888357,1.091011833532775,1.0,0.0,1.3105174354779268,14.822912748787482,0.10127610988497586,0.7744098712446352,0.8381294964028777,0.631578947368421,0.7634408602150538,0.6309236409155937,0.6906474820143885,0.5263157894736842,0.5913978494623656,0.609821190466508,A_load,rr,3,1.0,0.4,1.0,0.25,False,1.0,0.3,30
rr_g,0.8,0.7990072242166378,0.19186278420422817,1442.24,1167.4,0.6467446704782166,10.287796170392964,0.07536675087532686,0.9884102291361965,1.0,0.0,0.7625933238446472,14.83747114878755,0.09403592731006234,0.7987973891273248,0.8525179856115108,0.42105263157894735,0.8172043010752689,0.6464145207439199,0.7050359712230215,0.3684210526315789,0.6881720430107527,0.6020108969023182,A_load,rr_g,3,1.0,0.4,1.0,0.25,False,1.0,0.3,30
epara,0.8,0.9869033373221646,0.1996631653592164,1781.4,1425.52,0.7897442715950893,8.36009921903417,0.06701236537694455,0.6375481983778752,1.0,0.0,13.321176971033825,14.89268074878747,0.09254881260482455,0.987079756795422,0.9820143884892086,0.7368421052631579,0.967741935483871,0.7894983905579399,0.8489208633093526,0.5263157894736842,0.7849462365591398,0.7374203199750291,A_load,epara,3,1.0,0.4,1.0,0.25,False,1.0,0.3,30
local,0.9,0.22264202924218274,0.15063856583426807,452.56,378.4,0.1861581754137395,43.893307495918805,0.0011413503355176418,0.0,1.0,0.0,0.0,19.864355240353014,0.26940645138885866,0.22245623795426095,0.23964497041420119,0.21212121212121213,0.2564102564102564,0.18601601462377557,0.1952662721893491,0.21212121212121213,0.21367521367521367,0.20176967815238764,A_load,local,3,1.0,0.4,1.0,0.25,False,1.0,0.3,30
epara_priv,0.8,0.9238133226964499,0.0,1667.52,1667.52,0.9238133226964499,8.457142344266014,0.06936134379293533,0.6616806275761202,1.0,0.0,23.96536688039078,14.102454001910463,0.09516981901519654,0.9239762160228898,0.9388489208633094,0.631578947368421,0.8602150537634409,0.9239762160228898,0.9388489208633094,0.631578947368421,0.8602150537634409,0.8386547845045154,A_load,epara_priv,3,1.0,0.4,1.0,0.25,False,1.0,0.3,30
rr,0.9,0.3948088238188008,0.20024794852116418,802.52,653.6,0.32154593935100456,25.229554952343502,0.02629041462502706,1.5586319538737037,1.0,0.0,1.9073656565803023,20.247222440354708,0.18072673011573814,0.39283514474756104,0.6715976331360947,0.24242424242424243,0.48717948717948717,0.31985535178525304,0.5562130177514792,0.21212121212121213,0.4017094017094017,0.37247474584183654,A_load,rr,3,1.0,0.4,1.0,0.25,False,1.0,0.3,30
epara_priv,0.8,0.942339227939547,0.0,1700.96,1700.96,0.942339227939547,8.356308324042988,0.08449674245446084,0.6214155918982405,1.0,0.0,25.308800715303644,14.213746206864164,0.10448325884816966,0.9426189198855508,0.935251798561151,0.8947368421052632,0.8387096774193549,0.9426189198855508,0.935251798561151,0.8947368421052632,0.8387096774193549,0.90282930949283,A_load,tera,3,1.0,0.4,1.0,0.25,False,1.0,0.3,30
rr_g,0.9,0.5171694511679162,0.20524627585256902,1051.24,830.08,0.40836727866658795,19.082248050258823,0.034378259243953796,1.4089773107424681,1.0,0.0,1.3907419247409434,20.060022440354086,0.08301813884377261,0.5160046891454231,0.7071005917159763,0.2727272727272727,0.5384615384615384,0.40724035844145523,0.5798816568047337,0.24242424242424243,0.4444444444444444,0.4184976755287189,A_load,rr_g,3,1.0,0.4,1.0,0.25,False,1.0,0.3,30
ours,0.8,0.9208438594158578,0.0,1662.16,1662.16,0.9208438594158578,8.249644599711312,0.022758498426627666,0.7347205602091921,1.0,0.0,28.90153284784958,13.712229267856152,0.08071174185496352,0.9210032188841202,0.935251798561151,0.631578947368421,0.8602150537634409,0.9210032188841202,0.935251798561151,0.631578947368421,0.8602150537634409,0.8370122546442833,A_load,ours,3,1.0,0.4,1.0,0.25,False,1.0,0.3,30
epara,0.9,0.30525217938878724,0.18779148710077337,620.48,504.88,0.24838144715351163,32.459553958798274,0.01155125253360096,1.0670838498927524,1.0,0.0,23.082008739900783,20.140504040355154,0.10183425191214898,0.30278765721552187,0.6479289940828402,0.36363636363636365,0.358974358974359,0.24610065767251485,0.5739644970414202,0.24242424242424243,0.2905982905982906,0.33827192193411704,A_load,epara,3,1.0,0.4,1.0,0.25,False,1.0,0.3,30
local,1.0,0.1741703432023955,0.1516327362284945,393.2,330.24,0.1462818263966406,49.676459829494114,8.859122238168642e-05,0.0,1.0,0.0,0.0,19.532784004957087,0.24340137800293407,0.17370841609849502,0.24759615384615385,0.0,0.15748031496062992,0.14591721694314705,0.20673076923076922,0.0,0.12598425196850394,0.11965805953560504,A_load,local,3,1.0,0.4,1.0,0.25,False,1.0,0.3,30
rr_g,1.0,0.36864579457467356,0.20902213008735093,832.24,652.8,0.2891617498538245,23.802293575121716,0.04505749570332571,1.671202537252609,1.0,0.0,1.22388653549125,19.8092208049593,0.11189379323397795,0.3669941482793794,0.5889423076923077,0.26666666666666666,0.3858267716535433,0.2875216978937385,0.5024038461538461,0.2,0.3228346456692913,0.328190047429219,A_load,rr_g,3,1.0,0.4,1.0,0.25,False,1.0,0.3,30
rr,1.0,0.1984974928684066,0.20117294778433353,448.12,381.76,0.16910292528216303,44.122006616439386,0.03215861372455217,1.8270167791775191,1.0,0.0,2.0942293595555053,19.77195360495882,0.15063178003141298,0.19622054007623344,0.5192307692307693,0.2,0.14960629921259844,0.16730194520498917,0.4254807692307692,0.2,0.11811023622047244,0.22772323766405772,A_load,rr,3,1.0,0.4,1.0,0.25,False,1.0,0.3,30
epara_priv,0.9,0.4389082393687152,0.0,892.16,892.16,0.4389082393687152,21.21229562195638,0.015782120156640496,1.1453844186000748,1.0,0.0,40.58406014246979,18.924761662084606,0.0636929950083993,0.43622960917165055,0.8076923076923077,0.3939393939393939,0.5384615384615384,0.43622960917165055,0.8076923076923077,0.3939393939393939,0.5384615384615384,0.5440807123162227,A_load,epara_priv,3,1.0,0.4,1.0,0.25,False,1.0,0.3,30
ours,0.9,0.3660979593443139,0.0,744.16,744.16,0.3660979593443139,24.86633580965533,0.006552925202196115,1.1739575338961372,1.0,0.0,46.07392345467224,18.504532456113107,0.08551089501982548,0.36326968546960997,0.7337278106508875,0.3333333333333333,0.5299145299145299,0.36326968546960997,0.7337278106508875,0.3333333333333333,0.5299145299145299,0.49006133984209016,A_load,ours,3,1.0,0.4,1.0,0.25,False,1.0,0.3,30
epara_priv,0.9,0.3403782198870457,0.0,691.88,691.88,0.3403782198870457,27.228466315679224,0.012751638231300549,1.1367849341755711,1.0,0.0,47.68640348785197,18.838831274492144,0.10153512128215844,0.33749925490273996,0.7337278106508875,0.3333333333333333,0.4444444444444444,0.33749925490273996,0.7337278106508875,0.3333333333333333,0.4444444444444444,0.4622512108328513,A_load,tera,3,1.0,0.4,1.0,0.25,False,1.0,0.3,30
epara_priv,0.8,0.9238133226964499,0.0,1667.52,1667.52,0.9238133226964499,8.457142344266014,0.06936134379293533,0.6616806275761202,1.0,0.0,23.315609775713355,14.102454001910463,0.09516981901519654,0.9239762160228898,0.9388489208633094,0.631578947368421,0.8602150537634409,0.9239762160228898,0.9388489208633094,0.631578947368421,0.8602150537634409,0.8386547845045154,B_energy,epara_priv,3,1.0,0.4,1.0,0.25,False,1.0,0.3,30
epara,1.0,0.15708995552720637,0.18765392724888819,354.64,286.76,0.127022094650862,56.755641791565644,0.010772692641613069,1.181753751838268,1.0,0.0,27.092283624481848,20.127820804960837,0.05959777984300401,0.15373740627404664,0.5769230769230769,0.4,0.2283464566929134,0.12403142391868435,0.5024038461538461,0.4,0.18110236220472442,0.3018844080693137,A_load,epara,3,1.0,0.4,1.0,0.25,False,1.0,0.3,30
energy,0.8,0.9479457518946949,0.19164118246687054,1711.08,1384.44,0.7669857731684616,8.628554099625346,0.048641581349997784,0.7473075388911049,1.0,0.0,16.958960647393674,14.764146348786936,0.07776698178614433,0.9478496065808297,0.9676258992805755,0.7368421052631579,0.978494623655914,0.7667650214592274,0.8093525179856115,0.631578947368421,0.7741935483870968,0.7454725088000893,B_energy,energy,3,1.0,0.4,1.0,0.25,False,1.0,0.3,30
epara_priv,1.0,0.2005350909831854,0.0,452.72,452.72,0.2005350909831854,40.812952904817685,0.0060419213664310144,1.0445082301245592,1.0,0.0,44.03479236459812,18.476840039069064,0.07368419677293388,0.19761636334353358,0.5769230769230769,0.13333333333333333,0.25984251968503935,0.19761636334353358,0.5769230769230769,0.13333333333333333,0.25984251968503935,0.2919288233212458,A_load,epara_priv,3,1.0,0.4,1.0,0.25,False,1.0,0.3,30
ours,0.8,0.9208438594158578,0.0,1662.16,1662.16,0.9208438594158578,8.249644599711312,0.022758498426627666,0.7347205602091921,1.0,0.0,28.720999095683347,13.712229267856152,0.08071174185496352,0.9210032188841202,0.935251798561151,0.631578947368421,0.8602150537634409,0.9210032188841202,0.935251798561151,0.631578947368421,0.8602150537634409,0.8370122546442833,B_energy,ours,3,1.0,0.4,1.0,0.25,False,1.0,0.3,30
epara_priv,1.0,0.2395152288311274,0.0,540.72,540.72,0.2395152288311274,34.77095211165164,0.023937348287531673,1.1809564308368328,1.0,0.0,50.67916375264359,18.801349225812274,0.07652440109299966,0.23623414040550456,0.6634615384615384,0.26666666666666666,0.29133858267716534,0.23623414040550456,0.6634615384615384,0.26666666666666666,0.29133858267716534,0.3644252320527187,A_load,tera,3,1.0,0.4,1.0,0.25,False,1.0,0.3,30
ours,1.0,0.20251953436453515,0.0,457.2,457.2,0.20251953436453515,40.49155595325472,0.025868636935452435,1.1803008557912082,1.0,0.0,51.257541714023155,18.51273938182806,0.07441739986248178,0.1993164045024248,0.6033653846153846,0.26666666666666666,0.29133858267716534,0.1993164045024248,0.6033653846153846,0.26666666666666666,0.29133858267716534,0.34017175961541035,A_load,ours,3,1.0,0.4,1.0,0.25,False,1.0,0.3,30
ours,0.8,0.9394805655276337,0.0,1695.8,1695.8,0.9394805655276337,8.425107700787722,0.07592075521872091,0.6562735451845942,1.0,0.0,23.353231386713354,14.287297638995819,0.11050985182023992,0.9396906294706724,0.9388489208633094,0.6842105263157895,0.8924731182795699,0.9396906294706724,0.9388489208633094,0.6842105263157895,0.8924731182795699,0.8638057987323353,B_energy,ours_c,3,1.0,0.4,1.0,0.0,False,1.0,0.3,30
ours,0.8,0.9126445951336258,0.0,1647.36,1647.36,0.9126445951336258,8.496058421904964,0.029982715064486104,0.7613570890395781,1.0,0.0,31.622292527558198,13.996066801909363,0.07822122694515657,0.912643061516452,0.9388489208633094,0.8421052631578947,0.8494623655913979,0.912643061516452,0.9388489208633094,0.8421052631578947,0.8494623655913979,0.8857649027822635,B_energy,ours_b,3,1.0,0.4,1.0,0.25,False,1.0,0.3,30
energy,0.8,0.979878562247928,0.20374063732659664,1768.72,1407.56,0.7797943535877321,8.168371422101972,0.005229801001639853,0.7110978150068696,0.8973333333333333,31.200000000000003,16.081355632074395,14.4475619017002,0.05065685633757301,0.9799713876967096,0.9856115107913669,0.6842105263157895,0.978494623655914,0.7796629113018598,0.8309352517985612,0.5263157894736842,0.7419354838709677,0.7197123591112682,B_energy,energy,3,1.0,0.4,1.0,0.25,True,1.0,0.3,30
epara_priv,0.8,0.8934982050259274,0.0,1612.8,1612.8,0.8934982050259274,8.190676040446801,0.005983246908655764,0.7929131764393033,0.8959999999999999,36.0,27.08330887267456,13.2099223180326,0.10357645804905667,0.8936203505007153,0.9064748201438849,0.631578947368421,0.8494623655913979,0.8936203505007153,0.9064748201438849,0.631578947368421,0.8494623655913979,0.8202841209011047,B_energy,epara_priv,3,1.0,0.4,1.0,0.25,True,1.0,0.3,30
ours,0.8,0.9213978637592519,0.0,1663.16,1663.16,0.9213978637592519,8.029897833779376,0.0,0.6984000354562779,0.9546666666666667,16.8,27.252809597458846,13.355004881228508,0.07562661510530969,0.921562052932761,0.920863309352518,0.7368421052631579,0.8817204301075269,0.921562052932761,0.920863309352518,0.7368421052631579,0.8817204301075269,0.865246974413991,B_energy,ours,3,1.0,0.4,1.0,0.25,True,1.0,0.3,30
ours,0.8,0.9195807295129194,0.0,1659.88,1659.88,0.9195807295129194,8.130925885362029,0.0029473031068563576,0.6933253556707885,0.8853333333333334,33.6,24.79774167655683,13.496361258594725,0.10376665468968604,0.9196396638054364,0.9460431654676259,0.7894736842105263,0.8387096774193549,0.9196396638054364,0.9460431654676259,0.7894736842105263,0.8387096774193549,0.873466547725736,B_energy,ours_c,3,1.0,0.4,1.0,0.0,True,1.0,0.3,30
ours,0.8,0.9175863138767008,0.0,1656.28,1656.28,0.9175863138767008,8.156133522680262,0.0015733723352391084,0.8216549217745868,0.9133333333333333,28.799999999999997,33.45807382105373,13.508840830944864,0.08313206825349215,0.9178290414878397,0.9136690647482014,0.7368421052631579,0.8494623655913979,0.9178290414878397,0.9136690647482014,0.7368421052631579,0.8494623655913979,0.8544506442726493,B_energy,ours_b,3,1.0,0.4,1.0,0.25,True,1.0,0.3,30
epara_priv,0.8,0.9094756902894119,0.0,1641.64,1641.64,0.9094756902894119,9.07646112363139,0.20292071089837344,0.6825998315826796,1.0,0.0,23.9502484294931,14.900281638998234,0.022475413946271672,0.9098488912732475,0.920863309352518,0.3157894736842105,0.8172043010752689,0.9098488912732475,0.920863309352518,0.3157894736842105,0.8172043010752689,0.7409264938463113,B_energy,epara_priv,3,0.7,0.4,1.0,0.25,False,1.0,0.3,30
energy,0.8,0.8123033284580952,0.19574081460798654,1466.24,1176.88,0.6519966316535921,10.741623164551061,0.22262110534946594,0.983978194389044,1.0,0.0,21.277663511545065,15.749797548791348,0.004296085663604354,0.8112929184549357,0.9640287769784173,0.5789473684210527,0.8924731182795699,0.6509522532188842,0.8201438848920863,0.47368421052631576,0.6881720430107527,0.6582380979120097,B_energy,energy,3,0.7,0.4,1.0,0.25,False,1.0,0.3,30
ours,0.8,0.8943402916278863,0.0,1614.32,1614.32,0.8943402916278863,8.837790525986597,0.09240792447812791,0.8049683109515579,1.0,0.0,33.697025571723124,14.267022001910682,0.0007732810656219354,0.8942238912732475,0.9388489208633094,0.7368421052631579,0.8494623655913979,0.8942238912732475,0.9388489208633094,0.7368421052631579,0.8494623655913979,0.8548443207477782,B_energy,ours,3,0.7,0.4,1.0,0.25,False,1.0,0.3,30
ours,0.8,0.8913708283472942,0.0,1608.96,1608.96,0.8913708283472942,8.853222711266344,0.07270753002703541,0.8636262908301201,1.0,0.0,39.24461908287681,14.244481213519096,0.015989960052354882,0.891362660944206,0.9244604316546763,0.7368421052631579,0.8279569892473119,0.891362660944206,0.9244604316546763,0.7368421052631579,0.8279569892473119,0.8451555467773381,B_energy,ours_b,3,0.7,0.4,1.0,0.25,False,1.0,0.3,30
ours,0.8,0.8911049062624651,0.0,1608.48,1608.48,0.8911049062624651,9.286747624139986,0.24471479856402073,0.7407702876390551,1.0,0.0,26.205911079130523,14.937547818476682,0.014081612946628989,0.8912508941344778,0.9244604316546763,0.5263157894736842,0.7956989247311828,0.8912508941344778,0.9244604316546763,0.5263157894736842,0.7956989247311828,0.7844315099985053,B_energy,ours_c,3,0.7,0.4,1.0,0.0,False,1.0,0.3,30
epara_priv,0.8,0.8107742764703275,0.0,1463.48,1463.48,0.8107742764703275,7.903471973130903,0.011456809821389,0.9701059256304569,0.7373333333333332,79.2,32.72622899172917,11.566573163237614,0.015389007150213165,0.8107340844062947,0.8309352517985612,0.5789473684210527,0.8172043010752689,0.8107340844062947,0.8309352517985612,0.5789473684210527,0.8172043010752689,0.7594552514252944,B_energy,epara_priv,3,0.7,0.4,1.0,0.25,True,1.0,0.3,30
energy,0.8,0.5174622169037806,0.16660018614545938,934.04,731.12,0.40504365554225946,13.451412081682793,0.008199264282231973,1.3763240703807118,0.7293333333333334,79.2,29.174024160844112,12.564156940774996,0.010989489626107312,0.5155802932761088,0.7877697841726619,0.5263157894736842,0.6129032258064516,0.40345582975679545,0.6330935251798561,0.42105263157894735,0.4838709677419355,0.4853682385643836,B_energy,energy,3,0.7,0.4,1.0,0.25,True,1.0,0.3,30
ours,0.8,0.731374373975092,0.0,1320.16,1320.16,0.731374373975092,9.696872424179235,0.006758852989407437,1.1124185613615212,0.7426666666666667,76.8,41.331274000294414,12.801423099504456,0.004156887466259019,0.7307984620886981,0.8309352517985612,0.47368421052631576,0.7634408602150538,0.7307984620886981,0.8309352517985612,0.47368421052631576,0.7634408602150538,0.6997146961571572,B_energy,ours,3,0.7,0.4,1.0,0.25,True,1.0,0.3,30
ours,0.8,0.752603820413952,0.0,1358.48,1358.48,0.752603820413952,8.934246787391388,0.008952710189247884,1.126689713247352,0.7199999999999999,84.0,45.08496055644328,12.136995575735453,0.01619558948599977,0.7523023962804005,0.8129496402877698,0.47368421052631576,0.7741935483870968,0.7523023962804005,0.8129496402877698,0.47368421052631576,0.7741935483870968,0.7032824488703957,B_energy,ours_b,3,0.7,0.4,1.0,0.25,True,1.0,0.3,30
ours,0.8,0.5950006648052121,0.0,1074.0,1074.0,0.5950006648052121,11.537099637293537,0.010526082524486991,1.0332181004299075,0.672,96.0,37.0625943627877,12.390845010453258,0.023266092077795952,0.5937276466380543,0.7949640287769785,0.5263157894736842,0.6236559139784946,0.5937276466380543,0.7949640287769785,0.5263157894736842,0.6236559139784946,0.6346658447168029,B_energy,ours_c,3,0.7,0.4,1.0,0.0,True,1.0,0.3,30
epara_priv,0.8,0.7823427735673447,0.0,1412.16,1412.16,0.7823427735673447,11.050754488554762,0.3326906882949962,0.9383060763196384,1.0,0.0,31.43061599764014,15.605433458557492,0.008604466216278419,0.7821217811158798,0.8992805755395683,0.3684210526315789,0.6236559139784946,0.7821217811158798,0.8992805755395683,0.3684210526315789,0.6236559139784946,0.6683698308163804,B_energy,epara_priv,3,0.5,0.4,1.0,0.25,False,1.0,0.3,30
energy,0.8,0.547600053184417,0.19567433408677923,988.44,795.92,0.440943136994194,16.710039201972645,0.21794530869122014,1.2755839205779373,1.0,0.0,28.106367816007868,16.51687114879784,0.0,0.5456679184549357,0.8848920863309353,0.21052631578947367,0.5376344086021505,0.4393776824034335,0.7230215827338129,0.10526315789473684,0.41935483870967744,0.4217543154354152,B_energy,energy,3,0.5,0.4,1.0,0.25,False,1.0,0.3,30
ours,0.8,0.7674732969906484,0.0,1385.32,1385.32,0.7674732969906484,11.183440704186644,0.2883038603022648,0.9898949607764925,1.0,0.0,44.455371400801646,15.492644076323844,0.0,0.7670332618025751,0.8992805755395683,0.42105263157894735,0.6559139784946236,0.7670332618025751,0.8992805755395683,0.42105263157894735,0.6559139784946236,0.6858201118539285,B_energy,ours,3,0.5,0.4,1.0,0.25,False,1.0,0.3,30
ours,0.8,0.8711607499002793,0.0,1572.48,1572.48,0.8711607499002793,9.741008018907083,0.34157691796303685,0.8300314674467048,1.0,0.0,43.70266126101994,15.317540289571012,0.0,0.8714011087267525,0.9388489208633094,0.15789473684210525,0.6989247311827957,0.8714011087267525,0.9388489208633094,0.15789473684210525,0.6989247311827957,0.6667673744037408,B_energy,ours_b,3,0.5,0.4,1.0,0.25,False,1.0,0.3,30
ours,0.8,0.725413287240172,0.0,1309.4,1309.4,0.725413287240172,11.621884993535417,0.2671630545583477,0.8980853609892302,1.0,0.0,31.334606669558106,15.217696210535275,0.0061129122510221396,0.7249418812589413,0.8561151079136691,0.3684210526315789,0.6344086021505376,0.7249418812589413,0.8561151079136691,0.3684210526315789,0.6344086021505376,0.6459716609886816,B_energy,ours_c,3,0.5,0.4,1.0,0.0,False,1.0,0.3,30
epara_priv,0.8,0.6942560829676905,0.0,1253.16,1253.16,0.6942560829676905,7.317736362684059,0.025173957363825734,1.1614811860124983,0.5546666666666666,134.4,38.17514098407624,9.170294500261155,0.0003647390699621303,0.6947871959942775,0.6294964028776978,0.3684210526315789,0.6989247311827957,0.6947871959942775,0.6294964028776978,0.3684210526315789,0.6989247311827957,0.5979073456715875,B_energy,epara_priv,3,0.5,0.4,1.0,0.25,True,1.0,0.3,30
energy,0.8,0.4322341887160395,0.13278376102468642,780.2,621.04,0.3440588574214422,12.227854392706009,0.006603731773257102,1.5163320480432567,0.4733333333333334,148.8,33.40292146390901,9.540171997189228,0.0,0.43068222460658084,0.6654676258992805,0.3157894736842105,0.5053763440860215,0.3429005722460658,0.5251798561151079,0.15789473684210525,0.3978494623655914,0.3559561568922176,B_energy,energy,3,0.5,0.4,1.0,0.25,True,1.0,0.3,30
ours,0.8,0.4793023977307982,0.0,865.16,865.16,0.4793023977307982,11.513357963493045,0.006803173336878961,1.4351814918228958,0.43866666666666676,160.8,52.461007182769926,9.960896775695643,0.0,0.4781160586552217,0.6402877697841727,0.47368421052631576,0.5698924731182796,0.4781160586552217,0.6402877697841727,0.47368421052631576,0.5698924731182796,0.5404951280209975,B_energy,ours,3,0.5,0.4,1.0,0.25,True,1.0,0.3,30
ours,0.8,0.5900146257146656,0.0,1065.0,1065.0,0.5900146257146656,9.037177846011327,0.00848734654079688,1.3465629570535833,0.46266666666666667,156.0,54.292600992473396,9.624594406002062,0.0,0.5899275751072961,0.60431654676259,0.15789473684210525,0.6774193548387096,0.5899275751072961,0.60431654676259,0.15789473684210525,0.6774193548387096,0.5073895533876752,B_energy,ours_b,3,0.5,0.4,1.0,0.25,True,1.0,0.3,30
epara_priv,0.8,0.7292469972964588,0.0,1316.32,1316.32,0.7292469972964588,12.455079744886019,0.4387492797943536,0.9983601471435536,1.0,0.0,33.624904088002566,16.394870569788363,0.0,0.7293454935622318,0.8489208633093526,0.10526315789473684,0.45161290322580644,0.7293454935622318,0.8489208633093526,0.10526315789473684,0.45161290322580644,0.5337856044980319,B_energy,epara_priv,3,0.35,0.4,1.0,0.25,False,1.0,0.3,30
ours,0.8,0.4884323893099322,0.0,881.64,881.64,0.4884323893099322,11.29967102144734,0.010526082524486991,1.0749457075743474,0.44933333333333336,163.20000000000002,39.80394690239395,9.962241959348834,0.0006980218323625585,0.48763859084406297,0.6402877697841727,0.3684210526315789,0.44086021505376344,0.48763859084406297,0.6402877697841727,0.3684210526315789,0.44086021505376344,0.48430190707839454,B_energy,ours_c,3,0.5,0.4,1.0,0.0,True,1.0,0.3,30
energy,0.8,0.39219075477551746,0.18590169746930815,707.92,570.68,0.3161591986881177,24.334090785400644,0.1789877232637504,1.2631520631121749,1.0,0.0,29.618561157637327,17.226589548800824,0.0,0.39006616595135907,0.762589928057554,0.21052631578947367,0.34408602150537637,0.31428826895565093,0.6402877697841727,0.10526315789473684,0.2903225806451613,0.33754044431993047,B_energy,energy,3,0.35,0.4,1.0,0.25,False,1.0,0.3,30
ours,0.8,0.5825909675131853,0.0,1051.6,1051.6,0.5825909675131853,15.649119449914997,0.409741612374241,1.2392412356512874,1.0,0.0,53.13881645301244,16.456614013530608,0.0,0.5817015379113019,0.8489208633093526,0.10526315789473684,0.3118279569892473,0.5817015379113019,0.8489208633093526,0.10526315789473684,0.3118279569892473,0.4619283790261597,B_energy,ours,3,0.35,0.4,1.0,0.25,False,1.0,0.3,30
ours,0.8,0.6535478438150956,0.0,1179.68,1179.68,0.6535478438150956,13.908056119178504,0.4406550547356291,1.1438638478925676,1.0,0.0,54.57823847290586,16.4070556426725,0.0,0.6530758226037195,0.8597122302158273,0.05263157894736842,0.3870967741935484,0.6530758226037195,0.8597122302158273,0.05263157894736842,0.3870967741935484,0.48812910149011596,B_energy,ours_b,3,0.35,0.4,1.0,0.25,False,1.0,0.3,30
ours,0.8,0.5845189026281966,0.0,1055.08,1055.08,0.5845189026281966,15.12236391487132,0.37140451181137263,0.901830430350574,1.0,0.0,33.216573685578346,15.955303719302433,0.0,0.5838921673819742,0.8057553956834532,0.05263157894736842,0.3333333333333333,0.5838921673819742,0.8057553956834532,0.05263157894736842,0.3333333333333333,0.4439031188365323,B_energy,ours_c,3,0.35,0.4,1.0,0.0,False,1.0,0.3,30
epara_priv,0.8,0.4991800735717768,0.0,901.04,901.04,0.4991800735717768,7.3413347919756315,0.017262775340158666,1.448854319017861,0.3600000000000001,182.4,47.85399834122814,6.6148363009617235,0.0,0.49941881258941345,0.4784172661870504,0.2631578947368421,0.4946236559139785,0.49941881258941345,0.4784172661870504,0.2631578947368421,0.4946236559139785,0.4339044073568211,B_energy,epara_priv,3,0.35,0.4,1.0,0.25,True,1.0,0.3,30
energy,0.8,0.24562336568718698,0.08513938749279794,443.36,362.0,0.2005495723086469,15.287589867224955,0.010215840092186323,1.7470859371537473,0.2253333333333333,211.2,37.673083006518745,6.777905843532856,0.0,0.24405400572246067,0.4784172661870504,0.2631578947368421,0.3010752688172043,0.19919080829756797,0.4136690647482014,0.15789473684210525,0.22580645161290322,0.24914026537519446,B_energy,energy,3,0.35,0.4,1.0,0.25,True,1.0,0.3,30
ours,0.8,0.2784869033373222,0.0,502.68,502.68,0.2784869033373222,13.402373433302667,0.01072552408810885,1.6749988919913132,0.22400000000000003,211.2,58.778146769431736,6.737105077452585,0.0,0.2769358011444921,0.5143884892086331,0.21052631578947367,0.3333333333333333,0.2769358011444921,0.5143884892086331,0.21052631578947367,0.3333333333333333,0.33379598486898304,B_energy,ours,3,0.35,0.4,1.0,0.25,True,1.0,0.3,30
epara,0.8,0.9869033373221646,0.0,1781.4,1781.4,0.9869033373221646,8.36009921903417,0.06701236537694455,0.6375481983778752,1.0,0.0,13.242265432614692,14.89268074878747,0.09254881260482455,0.987079756795422,0.9820143884892086,0.7368421052631579,0.967741935483871,0.987079756795422,0.9820143884892086,0.7368421052631579,0.967741935483871,0.9184195465079149,C_privacy,epara,3,1.0,0.0,1.0,0.25,False,1.0,0.3,30
ours,0.8,0.423436599742942,0.0,764.32,764.32,0.423436599742942,9.013926546116078,0.013761467889908258,1.5329078579976068,0.272,204.0,61.176976309608634,6.889524337727441,0.0,0.42368562231759654,0.3345323741007194,0.2631578947368421,0.6021505376344086,0.42368562231759654,0.3345323741007194,0.2631578947368421,0.6021505376344086,0.40588160719739164,B_energy,ours_b,3,0.35,0.4,1.0,0.25,True,1.0,0.3,30
epara_priv,0.8,0.9869033373221646,0.0,1781.4,1781.4,0.9869033373221646,8.36009921903417,0.06701236537694455,0.6375481983778752,1.0,0.0,20.541658933844843,14.89268074878747,0.09254881260482455,0.987079756795422,0.9820143884892086,0.7368421052631579,0.967741935483871,0.987079756795422,0.9820143884892086,0.7368421052631579,0.967741935483871,0.9184195465079149,C_privacy,epara_priv,3,1.0,0.0,1.0,0.25,False,1.0,0.3,30
ours,0.8,0.32276293046137483,0.0,582.6,582.6,0.32276293046137483,12.255970679480013,0.005961086734920002,1.1108008686788104,0.27466666666666667,194.4,43.07328375164394,7.140328517865056,0.0,0.32224606580829757,0.4136690647482014,0.21052631578947367,0.3225806451612903,0.32224606580829757,0.4136690647482014,0.21052631578947367,0.3225806451612903,0.31725552287681574,B_energy,ours_c,3,0.35,0.4,1.0,0.0,True,1.0,0.3,30
epara,0.8,0.9869033373221646,0.10302264769755795,1781.4,1597.96,0.8852767805699596,8.36009921903417,0.06701236537694455,0.6375481983778752,1.0,0.0,12.937229287810277,14.89268074878747,0.09254881260482455,0.987079756795422,0.9820143884892086,0.7368421052631579,0.967741935483871,0.8853719599427754,0.9064748201438849,0.5789473684210527,0.8387096774193549,0.802375956481767,C_privacy,epara,3,1.0,0.2,1.0,0.25,False,1.0,0.3,30
epara_priv,0.8,0.9368435048530781,0.0,1691.04,1691.04,0.9368435048530781,8.879003186671262,0.08841909320569073,0.779151708549395,1.0,0.0,27.87280464856066,15.01474954878857,0.08826900921984066,0.9366952789699571,0.9784172661870504,0.6842105263157895,0.9354838709677419,0.9366952789699571,0.9784172661870504,0.6842105263157895,0.9354838709677419,0.8837017356101347,C_privacy,tera,3,1.0,0.0,1.0,0.25,False,1.0,0.3,30
epara,0.8,0.9869033373221646,0.20396223906395425,1781.4,1417.96,0.7855559987590303,8.36009921903417,0.06701236537694455,0.6375481983778752,1.0,0.0,12.896812562856262,14.89268074878747,0.09254881260482455,0.987079756795422,0.9820143884892086,0.7368421052631579,0.967741935483871,0.7853406652360515,0.8381294964028777,0.5263157894736842,0.7849462365591398,0.7336830469179383,C_privacy,epara,3,1.0,0.4,1.0,0.25,False,1.0,0.3,30
epara_priv,0.8,0.9550813278376102,0.0,1723.96,1723.96,0.9550813278376102,8.235096074905377,0.0613172007268537,0.6243407348313611,1.0,0.0,21.15315938771074,14.196976229293874,0.10062182173589833,0.9551815092989986,0.960431654676259,0.8421052631578947,0.9139784946236559,0.9551815092989986,0.960431654676259,0.8421052631578947,0.9139784946236559,0.917924230439202,C_privacy,epara_priv,3,1.0,0.2,1.0,0.25,False,1.0,0.3,30
epara_priv,0.8,0.9734742720382927,0.0,1757.16,1757.16,0.9734742720382927,8.268886921298572,0.09282896777910739,0.6042857776004964,1.0,0.0,23.34220092903788,14.529757342628997,0.12022432467552227,0.9737124463519313,0.9676258992805755,0.8421052631578947,0.9032258064516129,0.9737124463519313,0.9676258992805755,0.8421052631578947,0.9032258064516129,0.9216673538105036,C_privacy,tera,3,1.0,0.2,1.0,0.25,False,1.0,0.3,30
epara_priv,0.8,0.926694145282099,0.0,1672.72,1672.72,0.926694145282099,8.182734107147256,0.056951646500908566,0.6244072153525684,1.0,0.0,22.017600723375004,13.687422995707356,0.09308541716945169,0.9270609799713877,0.9136690647482014,0.631578947368421,0.8494623655913979,0.9270609799713877,0.9136690647482014,0.631578947368421,0.8494623655913979,0.830442839419852,C_privacy,epara_priv,3,1.0,0.4,1.0,0.25,False,1.0,0.3,30
epara,0.8,0.9869033373221646,0.30858041927048707,1781.4,1231.52,0.6822674289766432,8.36009921903417,0.06701236537694455,0.6375481983778752,1.0,0.0,13.368661415069512,14.89268074878747,0.09254881260482455,0.987079756795422,0.9820143884892086,0.7368421052631579,0.967741935483871,0.6818222460658083,0.7697841726618705,0.5263157894736842,0.6666666666666666,0.6611472187170073,C_privacy,epara,3,1.0,0.6,1.0,0.25,False,1.0,0.3,30
epara_priv,0.8,0.9311926605504587,0.0,1680.84,1680.84,0.9311926605504587,8.511181653090176,0.1428001595532509,0.6394096529716793,1.0,0.0,25.914766236991507,14.305934569780092,0.10412511490066163,0.9314869456366237,0.9280575539568345,0.6842105263157895,0.8494623655913979,0.9314869456366237,0.9280575539568345,0.6842105263157895,0.8494623655913979,0.8483043478751614,C_privacy,tera,3,1.0,0.4,1.0,0.25,False,1.0,0.3,30
epara_priv,0.8,0.8579089660062935,0.0,1548.56,1548.56,0.8579089660062935,8.60456377227961,0.07000398883127244,0.6597083721136374,1.0,0.0,25.855241496745233,13.324683275201313,0.10697278905205672,0.8578102646638054,0.8992805755395683,0.6842105263157895,0.8172043010752689,0.8578102646638054,0.8992805755395683,0.6842105263157895,0.8172043010752689,0.814626416898608,C_privacy,epara_priv,3,1.0,0.6,1.0,0.25,False,1.0,0.3,30
epara,0.8,0.9869033373221646,0.41160306696804505,1781.4,1047.44,0.5802863094446661,8.36009921903417,0.06701236537694455,0.6375481983778752,1.0,0.0,12.967594357857925,14.89268074878747,0.09254881260482455,0.987079756795422,0.9820143884892086,0.7368421052631579,0.967741935483871,0.5795779685264664,0.7086330935251799,0.47368421052631576,0.5591397849462365,0.5802587643810496,C_privacy,epara,3,1.0,0.8,1.0,0.25,False,1.0,0.3,30
epara_priv,0.8,0.8871603953374995,0.0,1601.36,1601.36,0.8871603953374995,8.376818591791123,0.06439746487612463,0.6053273057660772,1.0,0.0,25.83481620799143,13.414302220150633,0.11979062157531241,0.8873167024320457,0.9028776978417267,0.6842105263157895,0.8064516129032258,0.8873167024320457,0.9028776978417267,0.6842105263157895,0.8064516129032258,0.8202141348731968,C_privacy,tera,3,1.0,0.6,1.0,0.25,False,1.0,0.3,30
epara_priv,0.8,0.7922040508797589,0.0,1429.96,1429.96,0.7922040508797589,9.169662779369222,0.09238576430439215,0.7632628639808536,1.0,0.0,29.341217444321654,13.112250987986814,0.167871456080488,0.7920243204577968,0.841726618705036,0.631578947368421,0.7634408602150538,0.7920243204577968,0.841726618705036,0.631578947368421,0.7634408602150538,0.757192686686577,C_privacy,epara_priv,3,1.0,0.8,1.0,0.25,False,1.0,0.3,30
epara_priv,0.8,0.7685148251562293,0.0,1387.2,1387.2,0.7685148251562293,9.412693856305902,0.08214776403847006,0.7647919159686212,1.0,0.0,32.34219229201905,13.057288917467547,0.14660847799113447,0.7682403433476395,0.8345323741007195,0.5789473684210527,0.7419354838709677,0.7682403433476395,0.8345323741007195,0.5789473684210527,0.7419354838709677,0.7309138924350947,C_privacy,tera,3,1.0,0.8,1.0,0.25,False,1.0,0.3,30
ours,0.8,0.7823427735673447,0.0,1412.16,1412.16,0.7823427735673447,11.050754488554762,0.3326906882949962,0.9383060763196384,1.0,0.0,33.362016266574756,15.605433458557492,0.008604466216278419,0.7821217811158798,0.8992805755395683,0.3684210526315789,0.6236559139784946,0.7821217811158798,0.8992805755395683,0.3684210526315789,0.6236559139784946,0.6683698308163804,D_ablate,ours,3,0.5,0.4,0.0,0.0,False,1.0,0.3,30
ours,0.8,0.6942560829676905,0.0,1253.16,1253.16,0.6942560829676905,7.317736362684059,0.025173957363825734,1.1614811860124983,0.5546666666666666,134.4,41.16976910654491,9.170294500261155,0.0003647390699621303,0.6947871959942775,0.6294964028776978,0.3684210526315789,0.6989247311827957,0.6947871959942775,0.6294964028776978,0.3684210526315789,0.6989247311827957,0.5979073456715875,D_ablate,ours,3,0.5,0.4,0.0,0.0,True,1.0,0.3,30
ours,0.8,0.8589726543456101,0.0,1550.48,1550.48,0.8589726543456101,9.936939186680519,0.3184195364091654,0.8537871736914417,1.0,0.0,41.51242676206023,15.40702547016441,0.0,0.8592632331902719,0.9136690647482014,0.3157894736842105,0.6666666666666666,0.8592632331902719,0.9136690647482014,0.3157894736842105,0.6666666666666666,0.6888471095723376,D_ablate,ours,3,0.5,0.4,0.0,0.25,False,1.0,0.3,30
ours,0.8,0.8235606967158623,0.0,1486.56,1486.56,0.8235606967158623,10.468611464425821,0.3366351992199619,0.8880689624606657,1.0,0.0,31.59303763334894,15.56221905855685,0.0,0.823453147353362,0.9424460431654677,0.3684210526315789,0.6129032258064516,0.823453147353362,0.9424460431654677,0.3684210526315789,0.6129032258064516,0.686805867239215,D_ablate,ours,3,0.5,0.4,0.5,0.0,False,1.0,0.3,30
ours,0.8,0.6406063023534104,0.0,1156.32,1156.32,0.6406063023534104,8.006984792929885,0.011168727562824093,1.236227452023224,0.5106666666666666,129.60000000000002,48.049268147057255,9.258636655760684,0.0031199930536734972,0.6408932403433476,0.6115107913669064,0.47368421052631576,0.6236559139784946,0.6408932403433476,0.6115107913669064,0.47368421052631576,0.6236559139784946,0.5874360390537662,D_ablate,ours,3,0.5,0.4,0.0,0.25,True,1.0,0.3,30
ours,0.8,0.5583920577937331,0.0,1007.92,1007.92,0.5583920577937331,9.523002805215386,0.011412489473917476,1.3179098524132429,0.49333333333333335,148.8,45.70077705440005,9.598424987432692,0.0023487343987591883,0.5580963876967096,0.5899280575539568,0.42105263157894735,0.6344086021505376,0.5580963876967096,0.5899280575539568,0.42105263157894735,0.6344086021505376,0.5508714197450378,D_ablate,ours,3,0.5,0.4,0.5,0.0,True,1.0,0.3,30
ours,0.8,0.6632983202588308,0.0,1197.28,1197.28,0.6632983202588308,12.961564297657178,0.26326286398085363,1.0702034303948944,1.0,0.0,37.59259009113015,15.518621702298985,0.0,0.6622630543633763,0.8812949640287769,0.21052631578947367,0.6021505376344086,0.6622630543633763,0.8812949640287769,0.21052631578947367,0.6021505376344086,0.5890587179540088,D_ablate,ours,3,0.5,0.4,1.0,0.0,False,1.0,0.3,30
ours,0.8,0.4534636351548996,0.0,818.52,818.52,0.4534636351548996,11.798254980377028,0.016398528564463947,1.4200682533351061,0.4506666666666667,148.8,48.024644650753395,9.657107666538206,0.0,0.4521861587982833,0.6474820143884892,0.3157894736842105,0.5161290322580645,0.4521861587982833,0.6474820143884892,0.3157894736842105,0.5161290322580645,0.48289666978226187,D_ablate,ours,3,0.5,0.4,1.0,0.0,True,1.0,0.3,30
ours,0.8,0.7674732969906484,0.0,1385.32,1385.32,0.7674732969906484,11.183440704186644,0.2883038603022648,0.9898949607764925,1.0,0.0,44.2678440684274,15.492644076323844,0.0,0.7670332618025751,0.8992805755395683,0.42105263157894735,0.6559139784946236,0.7670332618025751,0.8992805755395683,0.42105263157894735,0.6559139784946236,0.6858201118539285,D_ablate,ours,3,0.5,0.4,1.0,0.25,False,1.0,0.3,30
ours,0.8,0.4793023977307982,0.0,865.16,865.16,0.4793023977307982,11.513357963493045,0.006803173336878961,1.4351814918228958,0.43866666666666676,160.8,52.84086232291953,9.960896775695643,0.0,0.4781160586552217,0.6402877697841727,0.47368421052631576,0.5698924731182796,0.4781160586552217,0.6402877697841727,0.47368421052631576,0.5698924731182796,0.5404951280209975,D_ablate,ours,3,0.5,0.4,1.0,0.25,True,1.0,0.3,30
ours,0.8,0.6342241723175109,0.0,1144.8,1144.8,0.6342241723175109,13.295992402426187,0.19917564153702966,1.1363958693436156,1.0,0.0,46.789497209139185,15.221252102297498,0.0,0.6329130901287554,0.8884892086330936,0.3157894736842105,0.5698924731182796,0.6329130901287554,0.8884892086330936,0.3157894736842105,0.5698924731182796,0.6017710613910848,D_ablate,ours,3,0.5,0.4,2.0,0.25,False,1.0,0.3,30
ours,0.8,0.46102025439879446,0.0,832.16,832.16,0.46102025439879446,11.511425016143628,0.005052519611753756,1.4226388334884545,0.4600000000000001,163.20000000000002,51.53208151112171,9.57934744143408,0.0,0.45969688841201717,0.6618705035971223,0.2631578947368421,0.5376344086021505,0.45969688841201717,0.6618705035971223,0.2631578947368421,0.5376344086021505,0.48058992383703303,D_ablate,ours,3,0.5,0.4,2.0,0.25,True,1.0,0.3,30
epara_priv,0.8,0.8579089660062935,0.0,1548.56,1548.56,0.8579089660062935,8.60456377227961,0.07000398883127244,0.6597083721136374,1.0,0.0,27.716252560396747,13.324683275201313,0.10697278905205672,0.8578102646638054,0.8992805755395683,0.6842105263157895,0.8172043010752689,0.8578102646638054,0.8992805755395683,0.6842105263157895,0.8172043010752689,0.814626416898608,D_gamma,tera,3,1.0,0.6,1.0,0.25,False,1.0,1.0,30
ours,0.8,0.759960998094225,0.0,1371.76,1371.76,0.759960998094225,11.18175650259316,0.2935115011301689,1.0129415414616851,1.0,0.0,47.40267865461589,15.338686299997194,0.0,0.7595448855507868,0.8776978417266187,0.5263157894736842,0.6559139784946236,0.7595448855507868,0.8776978417266187,0.5263157894736842,0.6559139784946236,0.7048681238114283,D_ablate,ours,3,0.5,0.4,1.0,0.4,False,1.0,0.3,30
epara_priv,0.8,0.8774320790674999,0.0,1583.8,1583.8,0.8774320790674999,8.480002767864628,0.043145858263528784,0.6617471080973275,1.0,0.0,27.64774365452931,13.430628383743999,0.10739893161964584,0.8776824034334764,0.8705035971223022,0.6842105263157895,0.8172043010752689,0.8776824034334764,0.8705035971223022,0.6842105263157895,0.8172043010752689,0.8124002069867092,D_gamma,tera,3,1.0,0.6,1.0,0.25,False,1.0,0.5,30
ours,0.8,0.4998227186101139,0.0,902.2,902.2,0.4998227186101139,10.757537835803365,0.010636883393165802,1.3890440101050392,0.504,148.8,56.880604194499554,9.705450635461796,0.0,0.4987929184549356,0.6474820143884892,0.3684210526315789,0.5806451612903226,0.4987929184549356,0.6474820143884892,0.3684210526315789,0.5806451612903226,0.5238352866913315,D_ablate,ours,3,0.5,0.4,1.0,0.4,True,1.0,0.3,30
rr,0.8,0.7747196738022426,0.19292647254354475,1398.4,1139.28,0.6311660683419758,10.599909002279379,0.0562868412888357,1.091011833532775,1.0,0.0,1.2777141988218224,14.822912748787482,0.10127610988497604,0.7744098712446352,0.8381294964028777,0.631578947368421,0.7634408602150538,0.6309236409155937,0.6906474820143885,0.5263157894736842,0.5913978494623656,0.609821190466508,E_stale,rr,3,1.0,0.4,1.0,0.25,False,0.1,0.3,30
epara_priv,0.8,0.8871603953374995,0.0,1601.36,1601.36,0.8871603953374995,8.376818591791123,0.06439746487612463,0.6053273057660772,1.0,0.0,26.353156356099973,13.414302220150633,0.11979062157531241,0.8873167024320457,0.9028776978417267,0.6842105263157895,0.8064516129032258,0.8873167024320457,0.9028776978417267,0.6842105263157895,0.8064516129032258,0.8202141348731968,D_gamma,tera,3,1.0,0.6,1.0,0.25,False,1.0,0.3,30
epara_priv,0.8,0.8932322829410982,0.0,1612.32,1612.32,0.8932322829410982,8.315302337695734,0.04620396223906396,0.6115543145858263,1.0,0.0,26.4069284060724,13.406928265113583,0.1151302332665397,0.8934638769670958,0.8848920863309353,0.7894736842105263,0.8279569892473119,0.8934638769670958,0.8848920863309353,0.7894736842105263,0.8279569892473119,0.8489466591889674,D_gamma,tera,3,1.0,0.6,1.0,0.25,False,1.0,0.1,30
epara,0.8,0.994792359172096,0.1994415636218588,1795.64,1437.72,0.7965031245844968,8.43121380053289,0.12781988210787573,0.611775916323184,1.0,0.0,12.49624335819927,15.139424748788876,0.07822666943311099,0.9950375536480687,0.9712230215827338,0.7894736842105263,0.989247311827957,0.7964279327610873,0.8201438848920863,0.6842105263157895,0.7849462365591398,0.7714321451320256,E_stale,epara,3,1.0,0.4,1.0,0.25,False,0.1,0.3,30
epara_priv,0.8,0.935824136861233,0.0,1689.2,1689.2,0.935824136861233,8.325812505388656,0.06951646500908568,0.6226344014537074,1.0,0.0,22.11176947200447,14.06396248410252,0.09549603938667177,0.9359799713876967,0.9424460431654677,0.7894736842105263,0.8709677419354839,0.9359799713876967,0.9424460431654677,0.7894736842105263,0.8709677419354839,0.8847168601747937,E_stale,epara_priv,3,1.0,0.4,1.0,0.25,False,0.1,0.3,30
rr,1.0,0.1984974928684066,0.20117294778433353,448.12,381.76,0.16910292528216303,44.122006616439386,0.03215861372455217,1.8270167791775191,1.0,0.0,2.1036016326647284,19.77195360495882,0.15063178003141298,0.19622054007623344,0.5192307692307693,0.2,0.14960629921259844,0.16730194520498917,0.4254807692307692,0.2,0.11811023622047244,0.22772323766405772,E_stale,rr,3,1.0,0.4,1.0,0.25,False,0.1,0.3,30
rr,0.8,0.7747196738022426,0.19292647254354475,1398.4,1139.28,0.6311660683419758,10.599909002279379,0.0562868412888357,1.091011833532775,1.0,0.0,1.2898033906413844,14.822912748787482,0.10127610988497572,0.7744098712446352,0.8381294964028777,0.631578947368421,0.7634408602150538,0.6309236409155937,0.6906474820143885,0.5263157894736842,0.5913978494623656,0.609821190466508,E_stale,rr,3,1.0,0.4,1.0,0.25,False,0.25,0.3,30
epara,0.8,0.9985817488809112,0.20008420866019588,1802.48,1441.84,0.7987856224792802,8.358339592554822,0.10034126667553074,0.5608739972521385,1.0,0.0,11.343570511005847,15.065739948788217,0.09469178928111081,0.9986364449213162,0.9928057553956835,0.9473684210526315,1.0,0.7985291487839771,0.8453237410071942,0.8421052631578947,0.7741935483870968,0.8150379253340407,E_stale,epara,3,1.0,0.4,1.0,0.25,False,0.25,0.3,30
epara,1.0,0.13185917539290207,0.17932635234500965,297.68,240.84,0.1066815499920268,67.14485355065865,0.003951168518223214,0.7458317829869416,1.0,0.0,20.025205116153906,19.98768000496007,0.06377508289761306,0.1282367888906784,0.6177884615384616,0.0,0.14960629921259844,0.10368461552227054,0.5048076923076923,0.0,0.13385826771653545,0.18558764388662458,E_stale,epara,3,1.0,0.4,1.0,0.25,False,0.1,0.3,30
epara_priv,0.8,0.9342729246997297,0.0,1686.4,1686.4,0.9342729246997297,8.477545304738404,0.1056818685458494,0.683220316447281,1.0,0.0,23.85183994330971,14.296532401910845,0.08996063700448588,0.9345270028612304,0.9244604316546763,0.7368421052631579,0.8817204301075269,0.9345270028612304,0.9244604316546763,0.7368421052631579,0.8817204301075269,0.8693874924716479,E_stale,epara_priv,3,1.0,0.4,1.0,0.25,False,0.25,0.3,30
rr,1.0,0.1984974928684066,0.20117294778433353,448.12,381.76,0.16910292528216303,44.122006616439386,0.03215861372455217,1.8270167791775191,1.0,0.0,2.18603324327349,19.77195360495882,0.15063178003141298,0.19622054007623344,0.5192307692307693,0.2,0.14960629921259844,0.16730194520498917,0.4254807692307692,0.2,0.11811023622047244,0.22772323766405772,E_stale,rr,3,1.0,0.4,1.0,0.25,False,0.25,0.3,30
epara_priv,1.0,0.1026949449848509,0.0,231.84,231.84,0.1026949449848509,78.11952898024252,0.007034143057105902,0.8471269866581619,1.0,0.0,40.40330863627068,18.111231598779426,0.05943563329139669,0.09844133068484816,0.6778846153846154,0.06666666666666667,0.09448818897637795,0.09844133068484816,0.6778846153846154,0.06666666666666667,0.09448818897637795,0.23437020042812706,E_stale,epara_priv,3,1.0,0.4,1.0,0.25,False,0.1,0.3,30
rr,0.8,0.7747196738022426,0.19292647254354475,1398.4,1139.28,0.6311660683419758,10.599909002279379,0.0562868412888357,1.091011833532775,1.0,0.0,1.2996174661671496,14.822912748787482,0.10127610988497598,0.7744098712446352,0.8381294964028777,0.631578947368421,0.7634408602150538,0.6309236409155937,0.6906474820143885,0.5263157894736842,0.5913978494623656,0.609821190466508,E_stale,rr,3,1.0,0.4,1.0,0.25,False,0.5,0.3,30
epara,0.8,0.9957009262952622,0.19746930815937597,1797.28,1442.36,0.7990737047378451,8.373116236083648,0.10967069981828657,0.6541018481584896,1.0,0.0,13.21213807641888,15.048834348788422,0.09325433197519548,0.9958869814020028,0.9856115107913669,0.7894736842105263,0.978494623655914,0.7989985693848355,0.8273381294964028,0.6842105263157895,0.7741935483870968,0.7711851933960312,E_stale,epara,3,1.0,0.4,1.0,0.25,False,0.5,0.3,30
epara,1.0,0.07501904711281206,0.1825333545952267,169.36,137.72,0.06100391573202927,117.61162024657749,0.0067860876344371795,0.7956200499654494,1.0,0.0,21.157262569965454,19.918704004960365,0.08779462498540859,0.07152699486408619,0.5480769230769231,0.13333333333333333,0.05511811023622047,0.05812351246398597,0.4495192307692308,0.13333333333333333,0.047244094488188976,0.17205504276368477,E_stale,epara,3,1.0,0.4,1.0,0.25,False,0.25,0.3,30
epara_priv,0.8,0.9377299118025085,0.0,1692.64,1692.64,0.9377299118025085,8.369925931619145,0.07864645658821966,0.576098036608607,1.0,0.0,20.325505718521313,14.167271428895829,0.10500326078283706,0.9378576537911302,0.935251798561151,0.8947368421052632,0.8924731182795699,0.9378576537911302,0.935251798561151,0.8947368421052632,0.8924731182795699,0.9150798531842786,E_stale,epara_priv,3,1.0,0.4,1.0,0.25,False,0.5,0.3,30
rr,1.0,0.1984974928684066,0.20117294778433353,448.12,381.76,0.16910292528216303,44.122006616439386,0.03215861372455217,1.8270167791775191,1.0,0.0,2.1491589519156333,19.77195360495882,0.15063178003141298,0.19622054007623344,0.5192307692307693,0.2,0.14960629921259844,0.16730194520498917,0.4254807692307692,0.2,0.11811023622047244,0.22772323766405772,E_stale,rr,3,1.0,0.4,1.0,0.25,False,0.5,0.3,30
epara_priv,1.0,0.11274118960293414,0.0,254.52,254.52,0.11274118960293414,70.67450027453168,0.002427399493258208,0.9545349846737186,1.0,0.0,42.592809956574065,17.9880738098738,0.07865443068312633,0.10901737621016087,0.6177884615384616,0.06666666666666667,0.10236220472440945,0.10901737621016087,0.6177884615384616,0.06666666666666667,0.10236220472440945,0.22395867728492463,E_stale,epara_priv,3,1.0,0.4,1.0,0.25,False,0.25,0.3,30
rr,0.8,0.7747196738022426,0.19292647254354475,1398.4,1139.28,0.6311660683419758,10.599909002279379,0.0562868412888357,1.091011833532775,1.0,0.0,1.277449765182197,14.822912748787482,0.10127610988497586,0.7744098712446352,0.8381294964028777,0.631578947368421,0.7634408602150538,0.6309236409155937,0.6906474820143885,0.5263157894736842,0.5913978494623656,0.609821190466508,E_stale,rr,3,1.0,0.4,1.0,0.25,False,1.0,0.3,30
epara,0.8,0.9869033373221646,0.1996631653592164,1781.4,1425.52,0.7897442715950893,8.36009921903417,0.06701236537694455,0.6375481983778752,1.0,0.0,13.124831647309975,14.89268074878747,0.09254881260482455,0.987079756795422,0.9820143884892086,0.7368421052631579,0.967741935483871,0.7894983905579399,0.8489208633093526,0.5263157894736842,0.7849462365591398,0.7374203199750291,E_stale,epara,3,1.0,0.4,1.0,0.25,False,1.0,0.3,30
epara,1.0,0.12670316625028794,0.19435142366094368,286.04,236.2,0.10462623363277167,70.35688436918447,0.007477099169014334,1.0036499583621254,1.0,0.0,24.54807289568532,20.124883204961527,0.056282801121018994,0.12353035915606378,0.5336538461538461,0.26666666666666666,0.1732283464566929,0.1020382598736601,0.43509615384615385,0.2,0.14960629921259844,0.22168517823310308,E_stale,epara,3,1.0,0.4,1.0,0.25,False,0.5,0.3,30
epara_priv,0.8,0.9238133226964499,0.0,1667.52,1667.52,0.9238133226964499,8.457142344266014,0.06936134379293533,0.6616806275761202,1.0,0.0,23.0115674979222,14.102454001910463,0.09516981901519654,0.9239762160228898,0.9388489208633094,0.631578947368421,0.8602150537634409,0.9239762160228898,0.9388489208633094,0.631578947368421,0.8602150537634409,0.8386547845045154,E_stale,epara_priv,3,1.0,0.4,1.0,0.25,False,1.0,0.3,30
rr,0.8,0.7747196738022426,0.19292647254354475,1398.4,1139.28,0.6311660683419758,10.599909002279379,0.0562868412888357,1.091011833532775,1.0,0.0,1.288454863099627,14.822912748787482,0.10127610988497586,0.7744098712446352,0.8381294964028777,0.631578947368421,0.7634408602150538,0.6309236409155937,0.6906474820143885,0.5263157894736842,0.5913978494623656,0.609821190466508,E_stale,rr,3,1.0,0.4,1.0,0.25,False,2.0,0.3,30
epara_priv,1.0,0.13026453339003172,0.0,294.08,294.08,0.13026453339003172,62.82869116508111,0.005315473342901185,1.0716702989067843,1.0,0.0,44.376125286952615,18.476661497827052,0.0919077964474587,0.12660832841216155,0.5985576923076923,0.2,0.1968503937007874,0.12660832841216155,0.5985576923076923,0.2,0.1968503937007874,0.2805041036051603,E_stale,epara_priv,3,1.0,0.4,1.0,0.25,False,0.5,0.3,30
rr,1.0,0.1984974928684066,0.20117294778433353,448.12,381.76,0.16910292528216303,44.122006616439386,0.03215861372455217,1.8270167791775191,1.0,0.0,2.112180072357327,19.77195360495882,0.15063178003141298,0.19622054007623344,0.5192307692307693,0.2,0.14960629921259844,0.16730194520498917,0.4254807692307692,0.2,0.11811023622047244,0.22772323766405772,E_stale,rr,3,1.0,0.4,1.0,0.25,False,1.0,0.3,30
epara,0.8,0.97950183929442,0.19824491424012763,1768.04,1416.88,0.7849576740681647,8.367855449416773,0.04527323494216195,0.6824225501927935,1.0,0.0,13.977003028528447,14.79470314878683,0.07988035774401948,0.9796807939914163,0.9748201438848921,0.5789473684210527,0.989247311827957,0.7849159513590844,0.8273381294964028,0.42105263157894735,0.7526881720430108,0.6964987211193613,E_stale,epara,3,1.0,0.4,1.0,0.25,False,2.0,0.3,30
epara,1.0,0.15708995552720637,0.18765392724888819,354.64,286.76,0.127022094650862,56.755641791565644,0.010772692641613069,1.181753751838268,1.0,0.0,27.16553146128879,20.127820804960837,0.05959777984300401,0.15373740627404664,0.5769230769230769,0.4,0.2283464566929134,0.12403142391868435,0.5024038461538461,0.4,0.18110236220472442,0.3018844080693137,E_stale,epara,3,1.0,0.4,1.0,0.25,False,1.0,0.3,30
local,0.4,0.6609613845156863,0.16216216216216217,693.56,574.56,0.5475546067929706,13.234035236154408,0.002134715815957001,0.0,1.0,0.0,0.0,9.178597478387251,0.3902737321832572,0.6608043101789494,0.6935483870967742,0.4,0.7021276595744681,0.5471618241293054,0.5913978494623656,0.4,0.6382978723404256,0.5442143864830241,A_load,local,4,1.0,0.4,1.0,0.25,False,1.0,0.3,30
epara_priv,0.8,0.918960244648318,0.0,1658.76,1658.76,0.918960244648318,8.537701369158455,0.05896822231086292,0.6692150866462793,1.0,0.0,23.138159310713988,14.161997523105278,0.11049689797150229,0.9190584763948498,0.9388489208633094,0.6842105263157895,0.8602150537634409,0.9190584763948498,0.9388489208633094,0.6842105263157895,0.8602150537634409,0.8505832443343474,E_stale,epara_priv,3,1.0,0.4,1.0,0.25,False,2.0,0.3,30
epara_priv,1.0,0.2005350909831854,0.0,452.72,452.72,0.2005350909831854,40.812952904817685,0.0060419213664310144,1.0445082301245592,1.0,0.0,43.36092297815525,18.476840039069064,0.07368419677293388,0.19761636334353358,0.5769230769230769,0.13333333333333333,0.25984251968503935,0.19761636334353358,0.5769230769230769,0.13333333333333333,0.25984251968503935,0.2919288233212458,E_stale,epara_priv,3,1.0,0.4,1.0,0.25,False,1.0,0.3,30
rr,0.4,0.9979796439598978,0.1671177524492052,1047.2,872.24,0.8312430907635421,8.748159547734137,0.008653223039682842,0.19227690313726986,1.0,0.0,0.29215465108571653,9.161072678387187,0.31716485553327234,0.9980758129690206,0.9946236559139785,0.8666666666666667,1.0,0.8311333461612469,0.8333333333333334,0.6666666666666666,0.9361702127659575,0.816825889731801,A_load,rr,4,1.0,0.4,1.0,0.25,False,1.0,0.3,30
rr,1.0,0.1984974928684066,0.20117294778433353,448.12,381.76,0.16910292528216303,44.122006616439386,0.03215861372455217,1.8270167791775191,1.0,0.0,2.1326553934229926,19.77195360495882,0.15063178003141298,0.19622054007623344,0.5192307692307693,0.2,0.14960629921259844,0.16730194520498917,0.4254807692307692,0.2,0.11811023622047244,0.22772323766405772,E_stale,rr,3,1.0,0.4,1.0,0.25,False,2.0,0.3,30
rr_g,0.4,0.9966454465749247,0.16685091297221058,1045.8,871.96,0.8309762512865475,8.735306060802332,0.002325315442381733,0.21953264971600656,1.0,0.0,0.16905299158538517,9.135383078387079,0.328065589121397,0.9966519145660958,1.0,0.9333333333333333,1.0,0.8307869924956706,0.8440860215053764,0.8,0.8936170212765957,0.8421225088194106,A_load,rr_g,4,1.0,0.4,1.0,0.25,False,1.0,0.3,30
epara,0.4,0.9998856402241452,0.1680326306560439,1049.2,872.96,0.8319292494186712,8.705804687749769,0.001219837609118286,0.17592345519002783,1.0,0.0,3.9140911436184433,9.134130278387058,0.32155799273961777,0.9998845487781413,1.0,1.0,1.0,0.8316336347893015,0.8494623655913979,0.8666666666666667,0.9148936170212766,0.8656640710171607,A_load,epara,4,1.0,0.4,1.0,0.25,False,1.0,0.3,30
epara_priv,0.4,0.9931384134487097,0.0,1042.12,1042.12,0.9931384134487097,8.641876630646872,0.02451111195822056,0.3077040369000877,1.0,0.0,10.772215064943945,9.005872474329717,0.32412574466038274,0.9931883779103329,0.9946236559139785,0.8666666666666667,1.0,0.9931883779103329,0.9946236559139785,0.8666666666666667,1.0,0.9636196751227445,A_load,epara_priv,4,1.0,0.4,1.0,0.25,False,1.0,0.3,30
epara_priv,0.4,0.9959592879197957,0.0,1045.08,1045.08,0.9959592879197957,8.565752358029405,0.0011817176838333397,0.28833911485533487,1.0,0.0,11.292056268467304,8.95189647432937,0.3311385592418876,0.9959592072349432,1.0,0.9333333333333333,1.0,0.9959592072349432,1.0,0.9333333333333333,1.0,0.9823231351420691,A_load,tera,4,1.0,0.4,1.0,0.25,False,1.0,0.3,30
ours,0.4,0.996492966873785,0.0,1045.64,1045.64,0.996492966873785,8.563203085506865,0.0017916364883924828,0.3195212137384211,1.0,0.0,12.214771891266627,8.9540276743294,0.3058798696544209,0.9965364633442371,1.0,0.8666666666666667,1.0,0.9965364633442371,1.0,0.8666666666666667,1.0,0.9658007825027259,A_load,ours,4,1.0,0.4,1.0,0.25,False,1.0,0.3,30
epara,1.0,0.22812239763284253,0.17835184889881112,515.0,417.08,0.18474813515476887,38.89331884458484,0.018161200588245715,1.1978596360672584,1.0,0.0,26.5914971671919,20.03005920496119,0.059263019517153126,0.22521071562785205,0.6057692307692307,0.2,0.2755905511811024,0.18231599291351264,0.5096153846153846,0.13333333333333333,0.1968503937007874,0.2555287761407545,E_stale,epara,3,1.0,0.4,1.0,0.25,False,2.0,0.3,30
local,0.6,0.3896881581284413,0.1577224632716754,614.32,501.04,0.3178300474486818,23.00860317714638,0.00702849458273071,0.0,1.0,0.0,0.0,14.134645103784564,0.31232260951777907,0.3891393442622951,0.4398496240601504,0.26666666666666666,0.5,0.31754610655737703,0.3308270676691729,0.26666666666666666,0.4111111111111111,0.3315377380010819,A_load,local,4,1.0,0.4,1.0,0.25,False,1.0,0.3,30
rr,0.6,0.9703889776965822,0.17588997995483494,1529.76,1260.16,0.799370734059019,9.180203106227884,0.06800131942858592,0.5651721600568369,1.0,0.0,0.7398230684665694,14.043507503783166,0.17106543562256665,0.9702356557377049,0.9924812030075187,0.8666666666666667,0.9888888888888889,0.799641393442623,0.7669172932330827,0.6666666666666666,0.8,0.7583063383355931,A_load,rr,4,1.0,0.4,1.0,0.25,False,1.0,0.3,30
rr_g,0.6,0.9566872193042552,0.1875364745883129,1508.16,1223.48,0.7761031184187156,9.323159547914663,0.055086143462485096,0.5796351272487377,1.0,0.0,0.4330433379713791,14.06081630378298,0.15604603214494045,0.9566342213114755,0.9699248120300752,0.8666666666666667,0.9555555555555556,0.7762295081967213,0.7518796992481203,0.8,0.7888888888888889,0.7792495240834325,A_load,rr_g,4,1.0,0.4,1.0,0.25,False,1.0,0.3,30
epara_priv,1.0,0.3705770832225943,0.0,836.6,836.6,0.3705770832225943,22.239620307539756,0.04255922323216216,1.2876734173178122,1.0,0.0,45.54479668906623,18.60566634928776,0.05642752994674837,0.3679962778046205,0.7211538461538461,0.13333333333333333,0.3858267716535433,0.3679962778046205,0.7211538461538461,0.13333333333333333,0.3858267716535433,0.4020775572363358,E_stale,epara_priv,3,1.0,0.4,1.0,0.25,False,2.0,0.3,30
epara,0.6,0.9983760878942427,0.18050798000558219,1573.88,1289.76,0.8181472177818375,8.879187932868229,0.04874273679937073,0.4249828728020096,1.0,0.0,8.91991995219987,13.97477630378265,0.16190073358733886,0.9983862704918033,1.0,1.0,0.9888888888888889,0.8185194672131147,0.7781954887218046,0.7333333333333333,0.7888888888888889,0.7797342945392853,A_load,epara,4,1.0,0.4,1.0,0.25,False,1.0,0.3,30
epara_priv,0.6,0.9736621755347492,0.0,1534.92,1534.92,0.9736621755347492,9.107679879001644,0.08251503387379158,0.476871939306285,1.0,0.0,17.249602338543845,13.979559999877203,0.11415705850009343,0.9736168032786885,0.9774436090225563,1.0,0.9777777777777777,0.9736168032786885,0.9774436090225563,1.0,0.9777777777777777,0.9822095475197556,A_load,epara_priv,4,1.0,0.4,1.0,0.25,False,1.0,0.3,30
epara_priv,0.6,0.9945192966430692,0.0,1567.8,1567.8,0.9945192966430692,8.947480229482718,0.06482961609702875,0.4511684555073457,1.0,0.0,17.835358100511463,14.027859503783006,0.1451908263798287,0.9944928278688525,0.9962406015037594,1.0,1.0,0.9944928278688525,0.9962406015037594,1.0,1.0,0.9976833573431529,A_load,tera,4,1.0,0.4,1.0,0.25,False,1.0,0.3,30
ours,0.6,0.9871101976605516,0.0,1556.12,1556.12,0.9871101976605516,8.773774968371267,0.0036284286113014135,0.510872599020578,1.0,0.0,19.38418581716763,13.653046703781895,0.10798106171876104,0.9870645491803278,0.9924812030075187,1.0,0.9888888888888889,0.9870645491803278,0.9924812030075187,1.0,0.9888888888888889,0.9921086602691839,A_load,ours,4,1.0,0.4,1.0,0.25,False,1.0,0.3,30
local,0.8,0.24336931893909103,0.15759410521505685,511.28,438.68,0.20881171340987414,37.665568335610125,0.003636640581862493,0.0,1.0,0.0,0.0,19.257651778630745,0.22562261213487106,0.24335806836095197,0.23577235772357724,0.20833333333333334,0.2818181818181818,0.20879311007728094,0.21138211382113822,0.20833333333333334,0.20909090909090908,0.2093998665806654,A_load,local,4,1.0,0.4,1.0,0.25,False,1.0,0.3,30
rr,0.8,0.6820129091220655,0.17086498733839797,1432.8,1203.76,0.5729898516783762,13.3442907444361,0.07949201271872204,1.2428742788598846,1.0,0.0,1.4855280701623104,19.119699778628043,0.02944308982864946,0.6805528855396209,0.8807588075880759,0.4166666666666667,0.7636363636363637,0.571955861432581,0.7181571815718157,0.4166666666666667,0.6090909090909091,0.5789676546904932,A_load,rr,4,1.0,0.4,1.0,0.25,False,1.0,0.3,30
rr_g,0.8,0.695017231202757,0.18501170960187355,1460.12,1192.84,0.567791930846709,13.027693462611598,0.07854001256640201,1.231812037089926,1.0,0.0,0.8705850146417428,19.021995778628444,0.04004663923100958,0.6937406282440693,0.8672086720867209,0.4583333333333333,0.7727272727272727,0.5667653504556115,0.7127371273712737,0.4583333333333333,0.5909090909090909,0.5821862255173273,A_load,rr_g,4,1.0,0.4,1.0,0.25,False,1.0,0.3,30
epara,0.8,0.8860455817672931,0.17897602863616457,1861.44,1534.6,0.7304697168751547,10.316193365688793,0.10620513699282191,0.8766588602654176,1.0,0.0,17.899374493813138,19.202974978627747,0.012176697537394717,0.8855396209004576,0.964769647696477,0.6666666666666666,0.9090909090909091,0.7300742050828559,0.7967479674796748,0.625,0.7181818181818181,0.7175009976860872,A_load,epara,4,1.0,0.4,1.0,0.25,False,1.0,0.3,30
local,0.9,0.27678390260399055,0.15835306053432532,654.76,561.36,0.2373013189042949,34.94975199854172,0.0024856273249915456,0.0,1.0,0.0,0.0,22.883699618565178,0.18617341247369784,0.276563033823027,0.3185011709601874,0.15384615384615385,0.2653061224489796,0.23718824735223779,0.26229508196721313,0.15384615384615385,0.22448979591836735,0.21945481977099304,A_load,local,4,1.0,0.4,1.0,0.25,False,1.0,0.3,30
epara_priv,0.8,0.8383694141391063,0.0,1761.28,1761.28,0.8383694141391063,10.5771878285264,0.0585480093676815,0.82951581272253,1.0,0.0,28.69603963796242,18.62938937862698,0.021850180621484368,0.8377100234534199,0.9214092140921409,0.6666666666666666,0.9090909090909091,0.8377100234534199,0.9214092140921409,0.6666666666666666,0.9090909090909091,0.8337192033257841,A_load,epara_priv,4,1.0,0.4,1.0,0.25,False,1.0,0.3,30
epara_priv,0.8,0.875821100131376,0.0,1839.96,1839.96,0.875821100131376,10.302665654508084,0.12838674054187849,0.8170826907332305,1.0,0.0,31.672026130622978,18.956492697668697,0.022220816228352428,0.8755046330116498,0.9349593495934959,0.7083333333333334,0.8636363636363636,0.8755046330116498,0.9349593495934959,0.7083333333333334,0.8636363636363636,0.8456084198937107,A_load,tera,4,1.0,0.4,1.0,0.25,False,1.0,0.3,30
rr_g,0.9,0.5758539059857964,0.17299628001352724,1362.24,1133.96,0.4793540750760906,16.362725230913263,0.051217450118363206,1.3703077443354752,1.0,0.0,0.9310639677170458,22.289958818559285,0.012012144402551172,0.5737444482405193,0.8641686182669789,0.23076923076923078,0.6394557823129252,0.47769046805603005,0.711943793911007,0.23076923076923078,0.5102040816326531,0.48265189359223026,A_load,rr_g,4,1.0,0.4,1.0,0.25,False,1.0,0.3,30
rr,0.9,0.4306729793709841,0.1856780520798106,1018.8,822.12,0.34753128170443015,21.95622341829525,0.014406493067297937,1.5625464998309098,1.0,0.0,1.7960258471605473,22.3690004185592,0.023020371931339732,0.4280491971301674,0.7704918032786885,0.2692307692307692,0.5170068027210885,0.34531943969935086,0.6276346604215457,0.2692307692307692,0.42857142857142855,0.4176890744807736,A_load,rr,4,1.0,0.4,1.0,0.25,False,1.0,0.3,30
ours,0.8,0.8132746901239504,0.0,1708.56,1708.56,0.8132746901239504,10.625591166212601,0.02193408350945336,0.929590068734411,1.0,0.0,35.90248722616324,18.1544600429442,0.00979925013485023,0.8123341920104579,0.9159891598915989,0.8333333333333334,0.9090909090909091,0.8123341920104579,0.9159891598915989,0.8333333333333334,0.9090909090909091,0.8676868985815749,A_load,ours,4,1.0,0.4,1.0,0.25,False,1.0,0.3,30
local,1.0,0.21410529519172247,0.15651247717589775,562.84,480.04,0.1826080340839927,43.176839121097665,0.004351795496043823,0.0,1.0,0.0,0.0,24.30165213091861,0.13317686839337448,0.2136612945351749,0.27802690582959644,0.13333333333333333,0.23225806451612904,0.18219668453963037,0.242152466367713,0.13333333333333333,0.1935483870967742,0.18780771783436273,A_load,local,4,1.0,0.4,1.0,0.25,False,1.0,0.3,30
epara,0.9,0.5122083192424755,0.17984443692932026,1211.68,997.08,0.42149137639499495,18.58591873973496,0.04174839364220494,1.1203077443354752,1.0,0.0,23.7567507012717,22.520186018562057,0.013005147444817993,0.5097027673385719,0.8266978922716628,0.3076923076923077,0.6326530612244898,0.4194226170140075,0.6908665105386417,0.23076923076923078,0.4965986394557823,0.45941424944441556,A_load,epara,4,1.0,0.4,1.0,0.25,False,1.0,0.3,30
rr,1.0,0.2674071819841753,0.18213633597078516,702.96,582.52,0.22159160073037126,34.121127988671226,0.010605599513085819,1.7518867924528303,1.0,0.0,2.030046511600557,23.985788130916326,0.011564190438994162,0.26406919756026365,0.742152466367713,0.26666666666666666,0.3032258064516129,0.21893100216626465,0.5919282511210763,0.26666666666666666,0.2645161290322581,0.33551051224656636,A_load,rr,4,1.0,0.4,1.0,0.25,False,1.0,0.3,30
rr_g,1.0,0.3540779062690201,0.1784388314059647,930.8,777.4,0.2957242848447961,25.906087807170476,0.049573950091296407,1.6355295191722459,1.0,0.0,1.1232299486129338,24.113386530914276,0.019474168712832855,0.35148796263577564,0.7242152466367713,0.26666666666666666,0.3935483870967742,0.2935672694310867,0.5964125560538116,0.23333333333333334,0.34838709677419355,0.3679250638981063,A_load,rr_g,4,1.0,0.4,1.0,0.25,False,1.0,0.3,30
epara_priv,0.9,0.5339026039905309,0.0,1263.0,1263.0,0.5339026039905309,16.909199212762108,0.03442678390260399,1.1417653026716266,1.0,0.0,38.176622549663236,21.356318605718542,0.0214487016891329,0.5316706525452682,0.8266978922716628,0.38461538461538464,0.5986394557823129,0.5316706525452682,0.8266978922716628,0.38461538461538464,0.5986394557823129,0.5854058463036572,A_load,epara_priv,4,1.0,0.4,1.0,0.25,False,1.0,0.3,30
epara_priv,0.9,0.5038383496787284,0.0,1191.88,1191.88,0.5038383496787284,18.095061425164356,0.043980385525870816,1.0997294555292527,1.0,0.0,43.614636033139554,21.567141811424893,0.0303725105449269,0.5015374103177315,0.8079625292740047,0.38461538461538464,0.5578231292517006,0.5015374103177315,0.8079625292740047,0.38461538461538464,0.5578231292517006,0.5629846133647054,A_load,tera,4,1.0,0.4,1.0,0.25,False,1.0,0.3,30
ours,0.9,0.4855935069327021,0.0,1148.72,1148.72,0.4855935069327021,18.10718541609584,0.016807575245180926,1.1911734866418668,1.0,0.0,45.38893147797706,20.800086031177617,0.01086742099856429,0.48272975743081653,0.8407494145199064,0.46153846153846156,0.5986394557823129,0.48272975743081653,0.8407494145199064,0.46153846153846156,0.5986394557823129,0.5959142723178743,A_load,ours,4,1.0,0.4,1.0,0.25,False,1.0,0.3,30
epara,1.0,0.17201765063907487,0.17991479001825927,452.2,379.08,0.14420267802799758,53.22502815328223,0.005766889835666464,1.211518563603165,1.0,0.0,27.388273410773696,24.068357730914222,0.02060376772117055,0.16846164482477838,0.6569506726457399,0.2,0.2645161290322581,0.14123738266066463,0.5448430493273543,0.2,0.22580645161290322,0.27797172090023053,A_load,epara,4,1.0,0.4,1.0,0.25,False,1.0,0.3,30
epara_priv,0.8,0.8383694141391063,0.0,1761.28,1761.28,0.8383694141391063,10.5771878285264,0.0585480093676815,0.82951581272253,1.0,0.0,27.701688906376518,18.62938937862698,0.021850180621484368,0.8377100234534199,0.9214092140921409,0.6666666666666666,0.9090909090909091,0.8377100234534199,0.9214092140921409,0.6666666666666666,0.9090909090909091,0.8337192033257841,B_energy,epara_priv,4,1.0,0.4,1.0,0.25,False,1.0,0.3,30
energy,0.8,0.7982711677233868,0.16522914643666342,1677.04,1409.12,0.6707412273185964,11.344979594182217,0.07979665276746445,0.9303326288532207,1.0,0.0,20.87598419805921,19.02598457862734,0.013773654833858777,0.7968780037679265,0.9701897018970189,0.75,0.8909090909090909,0.6695951401437964,0.8130081300813008,0.6666666666666666,0.7363636363636363,0.72140839331385,B_energy,energy,4,1.0,0.4,1.0,0.25,False,1.0,0.3,30
epara_priv,1.0,0.23368837492391967,0.0,614.32,614.32,0.23368837492391967,36.34895672689856,0.007744978697504565,1.2360925136944614,1.0,0.0,45.60300120155517,22.329891096468323,0.005555705520992124,0.23030005069981102,0.6928251121076233,0.3333333333333333,0.3161290322580645,0.23030005069981102,0.6928251121076233,0.3333333333333333,0.3161290322580645,0.39314688209970805,A_load,epara_priv,4,1.0,0.4,1.0,0.25,False,1.0,0.3,30
ours,0.8,0.8132746901239504,0.0,1708.56,1708.56,0.8132746901239504,10.625591166212601,0.02193408350945336,0.929590068734411,1.0,0.0,36.076543633169386,18.1544600429442,0.00979925013485023,0.8123341920104579,0.9159891598915989,0.8333333333333334,0.9090909090909091,0.8123341920104579,0.9159891598915989,0.8333333333333334,0.9090909090909091,0.8676868985815749,B_energy,ours,4,1.0,0.4,1.0,0.25,False,1.0,0.3,30
epara_priv,1.0,0.19986305538648813,0.0,525.4,525.4,0.19986305538648813,43.22577704825147,0.007942787583688375,1.3158247108947048,1.0,0.0,53.08566864911067,22.710823261151322,0.005784657186139263,0.19591636067538293,0.7242152466367713,0.3,0.32903225806451614,0.19591636067538293,0.7242152466367713,0.3,0.32903225806451614,0.3872909663441676,A_load,tera,4,1.0,0.4,1.0,0.25,False,1.0,0.3,30
ours,1.0,0.2356208155812538,0.0,619.4,619.4,0.2356208155812538,36.60421596107461,0.020069993913572733,1.317544126597687,1.0,0.0,50.92696499153368,22.67265136628961,0.004156507920737969,0.23192859008434605,0.7331838565022422,0.4,0.3225806451612903,0.23192859008434605,0.7331838565022422,0.4,0.3225806451612903,0.42192327293696963,A_load,ours,4,1.0,0.4,1.0,0.25,False,1.0,0.3,30
ours,0.8,0.8694807791169247,0.0,1826.64,1826.64,0.8694807791169247,10.266622814384625,0.10133089621294339,0.773747643799623,1.0,0.0,26.312761284276345,18.75342389766753,0.013548463668610317,0.8691222269214502,0.926829268292683,0.7083333333333334,0.8818181818181818,0.8691222269214502,0.926829268292683,0.7083333333333334,0.8818181818181818,0.8465257525914122,B_energy,ours_c,4,1.0,0.4,1.0,0.0,False,1.0,0.3,30
ours,0.8,0.7359151577464252,0.0,1546.04,1546.04,0.7359151577464252,11.570417925042744,0.031949125111860016,1.0078254412520706,1.0,0.0,42.56104321345191,17.888328928833083,0.011272560438568988,0.7345918720442923,0.9024390243902439,0.6666666666666666,0.8181818181818182,0.7345918720442923,0.9024390243902439,0.6666666666666666,0.8181818181818182,0.7804698453207553,B_energy,ours_b,4,1.0,0.4,1.0,0.25,False,1.0,0.3,30
epara_priv,0.8,0.7989946878391501,0.0,1678.56,1678.56,0.7989946878391501,9.991650185993995,0.008015841282534606,0.9148911863825898,0.8613333333333333,36.0,31.8969745346558,16.771584336202082,0.013194852650159763,0.7982621400284516,0.8834688346883469,0.75,0.8727272727272727,0.7982621400284516,0.8834688346883469,0.75,0.8727272727272727,0.8261145618610178,B_energy,epara_priv,4,1.0,0.4,1.0,0.25,True,1.0,0.3,30
energy,0.8,0.7157898745263799,0.17434930789588926,1503.76,1230.04,0.5854991336798614,11.94778631896348,0.005159840825574532,1.1213609794177568,0.8613333333333333,45.6,25.625908759481483,17.966603155004524,0.0067737705935745594,0.7138106040216848,0.940379403794038,0.875,0.8636363636363636,0.5838171402206929,0.7750677506775068,0.75,0.7090909090909091,0.7044939499972772,B_energy,energy,4,1.0,0.4,1.0,0.25,True,1.0,0.3,30
ours,0.8,0.7439119590259134,0.0,1562.84,1562.84,0.7439119590259134,11.182438431878571,0.0010091201614592258,1.0576531292245006,0.884,40.800000000000004,39.32131912554492,17.476362078877106,0.01005207366058453,0.7424353108539352,0.9051490514905149,0.875,0.8727272727272727,0.7424353108539352,0.9051490514905149,0.875,0.8727272727272727,0.8488279087679307,B_energy,ours,4,1.0,0.4,1.0,0.25,True,1.0,0.3,30
ours,0.8,0.7185697149711544,0.0,1509.6,1509.6,0.7185697149711544,11.188078521684202,0.008510881361741019,1.068886731021877,0.88,36.0,42.67767620542629,16.889523336334474,0.0169019609051881,0.7174247375908339,0.8428184281842819,0.5833333333333334,0.8727272727272727,0.7174247375908339,0.8428184281842819,0.5833333333333334,0.8727272727272727,0.7540759429589304,B_energy,ours_b,4,1.0,0.4,1.0,0.25,True,1.0,0.3,30
ours,0.8,0.6432665029226404,0.0,1351.4,1351.4,0.6432665029226404,12.760598696028156,0.003998400639744102,1.0164886426381827,0.8240000000000001,48.0,36.40803710602226,17.24467307781245,0.02389897256690751,0.6414510361797839,0.8455284552845529,0.75,0.8,0.6414510361797839,0.8455284552845529,0.75,0.8,0.7592448728660842,B_energy,ours_c,4,1.0,0.4,1.0,0.0,True,1.0,0.3,30
epara_priv,0.8,0.47508615601378495,0.0,998.08,998.08,0.47508615601378495,19.14940394559195,0.09946497591439615,1.125264180042269,1.0,0.0,39.64177103729398,19.112637090016413,0.00814900682033373,0.47262486062516823,0.8021680216802168,0.5,0.5363636363636364,0.47262486062516823,0.8021680216802168,0.5,0.5363636363636364,0.5777891296672554,B_energy,epara_priv,4,0.7,0.4,1.0,0.25,False,1.0,0.3,30
energy,0.8,0.484453837512614,0.18259362921498068,1017.76,840.96,0.4002970240475239,19.68854953882387,0.12594962015193922,1.2167323546771767,1.0,0.0,28.9327675908691,20.038218178633382,0.0,0.4816025222038525,0.8509485094850948,0.4583333333333333,0.6090909090909091,0.39799684724518436,0.7046070460704607,0.375,0.4727272727272727,0.4875827915107294,B_energy,energy,4,0.7,0.4,1.0,0.25,False,1.0,0.3,30
ours,0.8,0.6164010586241694,0.0,1294.96,1294.96,0.6164010586241694,14.561074418391037,0.14936882389901182,1.1137830582052892,1.0,0.0,45.01266883882123,18.856008928839657,0.004863609852396613,0.6147871890499442,0.8428184281842819,0.5416666666666666,0.6363636363636364,0.6147871890499442,0.8428184281842819,0.5416666666666666,0.6363636363636364,0.6589089800661322,B_energy,ours,4,0.7,0.4,1.0,0.25,False,1.0,0.3,30
ours,0.8,0.5860322537651605,0.0,1231.16,1231.16,0.5860322537651605,15.457602365930807,0.12303649968583995,1.1381923421107747,1.0,0.0,49.80694159312515,19.030781728839372,3.378952254874049e-05,0.584047829597447,0.8482384823848238,0.5416666666666666,0.6545454545454545,0.584047829597447,0.8482384823848238,0.5416666666666666,0.6545454545454545,0.657124608298598,B_energy,ours_b,4,0.7,0.4,1.0,0.25,False,1.0,0.3,30
ours,0.8,0.5597951295672208,0.0,1176.04,1176.04,0.5597951295672208,16.864320977987468,0.15174882427981187,1.0216484834637574,1.0,0.0,37.40454432208607,19.833116042952383,0.0,0.5578645853358453,0.8102981029810298,0.5,0.6454545454545455,0.5578645853358453,0.8102981029810298,0.5,0.6454545454545455,0.6284043084428551,B_energy,ours_c,4,0.7,0.4,1.0,0.0,False,1.0,0.3,30
energy,0.8,0.420174787227966,0.13828754212600675,882.72,721.6,0.3434816549570648,16.897714159209865,0.003941280630604901,1.5251804040288646,0.568,117.6,33.76969900524138,14.91595024261773,0.0,0.4172786343188896,0.7750677506775068,0.5833333333333334,0.5636363636363636,0.34105501941635585,0.6449864498644986,0.4583333333333333,0.45454545454545453,0.47473006428991055,B_energy,energy,4,0.7,0.4,1.0,0.25,True,1.0,0.3,30
epara_priv,0.8,0.6662477865996459,0.0,1399.68,1399.68,0.6662477865996459,10.016984769893806,0.015308162449305992,1.1939605110336817,0.636,105.6,39.709763730551195,14.020573242724963,0.0,0.665673420738975,0.7506775067750677,0.5,0.6909090909090909,0.665673420738975,0.7506775067750677,0.5,0.6909090909090909,0.6518150046057833,B_energy,epara_priv,4,0.7,0.4,1.0,0.25,True,1.0,0.3,30
ours,0.8,0.49709639953542395,0.0,1044.32,1044.32,0.49709639953542395,14.291503351410004,0.0044744007159041145,1.3697949391671902,0.628,105.6,50.407593713182635,14.924902779944496,0.0,0.4950978507439732,0.7262872628726287,0.625,0.6454545454545455,0.4950978507439732,0.7262872628726287,0.625,0.6454545454545455,0.6229599147677869,B_energy,ours,4,0.7,0.4,1.0,0.25,True,1.0,0.3,30
ours,0.8,0.5519506483121037,0.0,1159.56,1159.56,0.5519506483121037,12.638689739937115,0.018126082900173264,1.2961482073837132,0.6106666666666666,122.4,52.982190870266486,14.655319074841481,0.00391895040171331,0.5503864047060633,0.7425474254742548,0.625,0.6363636363636364,0.5503864047060633,0.7425474254742548,0.625,0.6363636363636364,0.6385743666359885,B_energy,ours_b,4,0.7,0.4,1.0,0.25,True,1.0,0.3,30
ours,0.8,0.4015346242455399,0.0,843.56,843.56,0.4015346242455399,17.272441409240404,0.005178880828620933,1.1122217779554844,0.5853333333333334,124.80000000000001,42.288931607122656,14.570340675178834,0.0,0.3995347764235457,0.6531165311653117,0.5416666666666666,0.4727272727272727,0.3995347764235457,0.6531165311653117,0.5416666666666666,0.4727272727272727,0.5167613117456992,B_energy,ours_c,4,0.7,0.4,1.0,0.0,True,1.0,0.3,30
epara_priv,0.8,0.4762856762057082,0.0,1000.6,1000.6,0.4762856762057082,20.517918977459978,0.19428419108547057,1.2122579539612726,1.0,0.0,41.899210165758376,20.530229728846454,0.0,0.47393210042677536,0.8157181571815718,0.4166666666666667,0.4636363636363636,0.47393210042677536,0.8157181571815718,0.4166666666666667,0.4636363636363636,0.5424883219778444,B_energy,epara_priv,4,0.5,0.4,1.0,0.25,False,1.0,0.3,30
energy,0.8,0.32468917195026753,0.1790141086422574,682.12,563.0,0.26798804287808686,31.373345127897434,0.13783058205289314,1.2090211534433846,1.0,0.0,29.684656051256532,21.400386178641398,0.0,0.3217732323426506,0.7344173441734417,0.25,0.34545454545454546,0.26563881733246186,0.6097560975609756,0.20833333333333334,0.24545454545454545,0.332295698420329,B_energy,energy,4,0.5,0.4,1.0,0.25,False,1.0,0.3,30
ours,0.8,0.41937510710001713,0.0,881.04,881.04,0.41937510710001713,23.3436283049398,0.23562003769920603,1.216884674701548,1.0,0.0,52.404984059798494,20.56667028178416,0.0,0.41693260025375833,0.7994579945799458,0.20833333333333334,0.34545454545454546,0.41693260025375833,0.7994579945799458,0.20833333333333334,0.34545454545454546,0.4425446184053957,B_energy,ours,4,0.5,0.4,1.0,0.25,False,1.0,0.3,30
ours,0.8,0.42853334856533576,0.0,900.28,900.28,0.42853334856533576,22.91414748487184,0.19483635117381617,1.2024523523923765,1.0,0.0,55.661499008541774,20.62914869768042,0.0,0.4264677611595986,0.7506775067750677,0.20833333333333334,0.37272727272727274,0.4264677611595986,0.7506775067750677,0.20833333333333334,0.37272727272727274,0.4395514684988181,B_energy,ours_b,4,0.5,0.4,1.0,0.25,False,1.0,0.3,30
ours,0.8,0.43114182898269265,0.0,905.76,905.76,0.43114182898269265,22.608996366736275,0.22033091525294643,1.0538070486091278,1.0,0.0,39.35203716005176,20.47832454913505,0.0,0.429236033680649,0.7398373983739838,0.20833333333333334,0.34545454545454546,0.429236033680649,0.7398373983739838,0.20833333333333334,0.34545454545454546,0.43071532771062787,B_energy,ours_c,4,0.5,0.4,1.0,0.0,False,1.0,0.3,30
epara_priv,0.8,0.5001237600198016,0.0,1050.68,1050.68,0.5001237600198016,10.171270981574796,0.014108642257382762,1.4340930294548848,0.37866666666666665,172.79999999999998,47.83307392401694,10.686750994921008,0.0,0.49975008650851627,0.5284552845528455,0.4166666666666667,0.6,0.49975008650851627,0.5284552845528455,0.4166666666666667,0.6,0.5112180094320071,B_energy,epara_priv,4,0.5,0.4,1.0,0.25,True,1.0,0.3,30
energy,0.8,0.24712019953923192,0.1055196968831515,519.16,422.16,0.20094819215171075,20.925489550520584,0.006702081072332972,1.7402181984349117,0.3293333333333333,187.20000000000002,38.45325759333382,10.863677155048267,0.0,0.2447422046214772,0.5257452574525745,0.4583333333333333,0.39090909090909093,0.19904648390941598,0.43902439024390244,0.3333333333333333,0.2727272727272727,0.3110328700534811,B_energy,energy,4,0.5,0.4,1.0,0.25,True,1.0,0.3,30
ours,0.8,0.31071380971420953,0.0,652.76,652.76,0.31071380971420953,17.092295369110797,0.0060737609718017555,1.6080805772928923,0.35733333333333334,184.8,60.961964552614496,11.157166725140764,0.0,0.308393248490907,0.6124661246612466,0.4583333333333333,0.36363636363636365,0.308393248490907,0.6124661246612466,0.4583333333333333,0.36363636363636365,0.4357072675304626,B_energy,ours,4,0.5,0.4,1.0,0.25,True,1.0,0.3,30
ours,0.8,0.3600464576074332,0.0,756.4,756.4,0.3600464576074332,14.52085709972831,0.009824641571942652,1.5704004112640657,0.32266666666666666,192.0,63.70523303973729,10.983576310234493,0.0,0.3586258602791341,0.5013550135501355,0.5416666666666666,0.5181818181818182,0.3586258602791341,0.5013550135501355,0.5416666666666666,0.5181818181818182,0.47995733966943854,B_energy,ours_b,4,0.5,0.4,1.0,0.25,True,1.0,0.3,30
ours,0.8,0.2533653205384513,0.0,532.28,532.28,0.2533653205384513,20.92666156225057,0.004645760743321719,1.1047961767673884,0.2853333333333333,187.20000000000002,44.133184359939975,11.138843416354732,0.0,0.2509708177938406,0.5528455284552846,0.375,0.35454545454545455,0.2509708177938406,0.5528455284552846,0.375,0.35454545454545455,0.38334045019864493,B_energy,ours_c,4,0.5,0.4,1.0,0.0,True,1.0,0.3,30
energy,0.8,0.2618000418880067,0.1841929894708783,550.0,454.92,0.21654195464671275,40.072422870260986,0.1952171512347442,1.242131718741075,1.0,0.0,31.119869276662666,22.03983257864354,0.0,0.25954477296320505,0.6260162601626016,0.0,0.16363636363636364,0.2145026721519474,0.5420054200542005,0.0,0.13636363636363635,0.22321793214244606,B_energy,energy,4,0.35,0.4,1.0,0.25,False,1.0,0.3,30
epara_priv,0.8,0.3626358980217437,0.0,761.84,761.84,0.3626358980217437,28.2378933866469,0.25957236153157787,1.2380190780830524,1.0,0.0,44.361412347942924,21.512756697683077,0.0,0.3605482717520858,0.7262872628726287,0.041666666666666664,0.2,0.3605482717520858,0.7262872628726287,0.041666666666666664,0.2,0.3321255503228453,B_energy,epara_priv,4,0.35,0.4,1.0,0.25,False,1.0,0.3,30
ours,0.8,0.29098836655813864,0.0,611.32,611.32,0.29098836655813864,34.94211768911554,0.23761923801907808,1.3559718969555035,1.0,0.0,58.54193521247689,21.36081538571011,0.0,0.2879003421892422,0.7831978319783198,0.041666666666666664,0.15454545454545454,0.2879003421892422,0.7831978319783198,0.041666666666666664,0.15454545454545454,0.31682757384492083,B_energy,ours,4,0.35,0.4,1.0,0.25,False,1.0,0.3,30
ours,0.8,0.30997124959539996,0.0,651.2,651.2,0.30997124959539996,32.92843470790434,0.22092115534738485,1.2919213267074123,1.0,0.0,60.534279489716894,21.442996681787307,0.0,0.30766273213118533,0.6802168021680217,0.08333333333333333,0.20909090909090908,0.30766273213118533,0.6802168021680217,0.08333333333333333,0.20909090909090908,0.3200759441808623,B_energy,ours_b,4,0.35,0.4,1.0,0.25,False,1.0,0.3,30
ours,0.8,0.4070371851259496,0.0,855.12,855.12,0.4070371851259496,23.75161968679933,0.3232611717217875,0.851906856305097,1.0,0.0,37.19530766887201,20.310485026575844,0.0,0.40582106194009765,0.6747967479674797,0.125,0.14545454545454545,0.40582106194009765,0.6747967479674797,0.125,0.14545454545454545,0.3377680888405307,B_energy,ours_c,4,0.35,0.4,1.0,0.0,False,1.0,0.3,30
epara_priv,0.8,0.4180803868928619,0.0,878.32,878.32,0.4180803868928619,8.401049327042506,0.022391043582566973,1.5282648845223816,0.2813333333333333,192.0,52.97400099940046,7.378809644927973,0.0,0.4184320812026606,0.36585365853658536,0.20833333333333334,0.4727272727272727,0.4184320812026606,0.36585365853658536,0.20833333333333334,0.4727272727272727,0.366336586449963,B_energy,epara_priv,4,0.35,0.4,1.0,0.25,True,1.0,0.3,30
energy,0.8,0.2110584337693494,0.07985377277660365,443.4,359.48,0.17111250737800118,17.684769807553383,0.0052931208468993355,1.777841244454599,0.18533333333333332,213.6,42.80853969154576,7.841426932669171,0.0,0.20946595409281402,0.4146341463414634,0.2916666666666667,0.2636363636363636,0.16978738129109155,0.34417344173441733,0.25,0.2,0.2409902057563772,B_energy,energy,4,0.35,0.4,1.0,0.25,True,1.0,0.3,30
ours,0.8,0.227013956322233,0.0,476.92,476.92,0.227013956322233,15.694128921701461,0.012585442013670723,1.7281087564974011,0.19733333333333333,211.2,65.14212270265989,7.484843965337862,0.0,0.2254027452035834,0.4092140921409214,0.25,0.37272727272727274,0.2254027452035834,0.4092140921409214,0.25,0.37272727272727274,0.31433602751794437,B_energy,ours,4,0.35,0.4,1.0,0.25,True,1.0,0.3,30
epara,0.8,0.8860455817672931,0.0,1861.44,1861.44,0.8860455817672931,10.316193365688793,0.10620513699282191,0.8766588602654176,1.0,0.0,18.65920746462297,19.202974978627747,0.012176697537394717,0.8855396209004576,0.964769647696477,0.6666666666666666,0.9090909090909091,0.8855396209004576,0.964769647696477,0.6666666666666666,0.9090909090909091,0.8565167110886276,C_privacy,epara,4,1.0,0.0,1.0,0.25,False,1.0,0.3,30
ours,0.8,0.2622189219550275,0.0,550.88,550.88,0.2622189219550275,14.387624693796297,0.006664001066240171,1.6968831515013043,0.17600000000000002,208.8,70.16943484874348,7.925854691318505,0.0,0.26140951209196817,0.33062330623306235,0.3333333333333333,0.4,0.26140951209196817,0.33062330623306235,0.3333333333333333,0.4,0.331341537914591,B_energy,ours_b,4,0.35,0.4,1.0,0.25,True,1.0,0.3,30
epara_priv,0.8,0.8860455817672931,0.0,1861.44,1861.44,0.8860455817672931,10.316193365688793,0.10620513699282191,0.8766588602654176,1.0,0.0,29.25870831438195,19.202974978627747,0.012176697537394717,0.8855396209004576,0.964769647696477,0.6666666666666666,0.9090909090909091,0.8855396209004576,0.964769647696477,0.6666666666666666,0.9090909090909091,0.8565167110886276,C_privacy,epara_priv,4,1.0,0.0,1.0,0.25,False,1.0,0.3,30
epara,0.8,0.8860455817672931,0.09116353458616554,1861.44,1695.2,0.8069153291064527,10.316193365688793,0.10620513699282191,0.8766588602654176,1.0,0.0,18.602018859265957,19.202974978627747,0.012176697537394717,0.8855396209004576,0.964769647696477,0.6666666666666666,0.9090909090909091,0.8063554923295783,0.8915989159891599,0.6666666666666666,0.8181818181818182,0.7957007232918057,C_privacy,epara,4,1.0,0.2,1.0,0.25,False,1.0,0.3,30
ours,0.8,0.17452066792330687,0.0,366.64,366.64,0.17452066792330687,22.46609645075997,0.002532320405171265,1.1596313855410216,0.19066666666666665,216.0,51.45438703597186,8.236969602706635,0.0,0.1727094467299781,0.4092140921409214,0.3333333333333333,0.20909090909090908,0.1727094467299781,0.4092140921409214,0.3333333333333333,0.20909090909090908,0.2810869453237855,B_energy,ours_c,4,0.35,0.4,1.0,0.0,True,1.0,0.3,30
epara_priv,0.8,0.7494716399154624,0.0,1574.52,1574.52,0.7494716399154624,12.360520653043134,0.11210753793720607,1.0456008072961291,1.0,0.0,39.62251315587927,19.461886978629476,0.0324927370416093,0.7480872005844131,0.9322493224932249,0.625,0.8181818181818182,0.7480872005844131,0.9322493224932249,0.625,0.8181818181818182,0.7808795853148641,C_privacy,tera,4,1.0,0.0,1.0,0.25,False,1.0,0.3,30
epara,0.8,0.8860455817672931,0.18531634965061594,1861.44,1523.0,0.7249481159916985,10.316193365688793,0.10620513699282191,0.8766588602654176,1.0,0.0,18.03742374073323,19.202974978627747,0.012176697537394717,0.8855396209004576,0.964769647696477,0.6666666666666666,0.9090909090909091,0.7245376600407551,0.7913279132791328,0.625,0.7181818181818181,0.7147618478754265,C_privacy,epara,4,1.0,0.4,1.0,0.25,False,1.0,0.3,30
epara_priv,0.8,0.8175586908093905,0.0,1717.56,1717.56,0.8175586908093905,10.978207836587353,0.09542849526855925,0.9552750328440053,1.0,0.0,31.188202534289932,18.855730651808972,0.020416491906534367,0.8167557383982468,0.9159891598915989,0.7916666666666666,0.8727272727272727,0.8167557383982468,0.9159891598915989,0.7916666666666666,0.8727272727272727,0.8492847094209462,C_privacy,epara_priv,4,1.0,0.2,1.0,0.25,False,1.0,0.3,30
epara_priv,0.8,0.7035852325736373,0.0,1478.12,1478.12,0.7035852325736373,12.81942982806035,0.0784257725481236,1.0381942461110794,1.0,0.0,40.10779679603597,18.948655617452562,0.021479188265144323,0.70206466992195,0.9051490514905149,0.6666666666666666,0.7545454545454545,0.70206466992195,0.9051490514905149,0.6666666666666666,0.7545454545454545,0.7571064606561465,C_privacy,tera,4,1.0,0.2,1.0,0.25,False,1.0,0.3,30
epara,0.8,0.8860455817672931,0.2741189238590278,1861.44,1360.16,0.6474362635898022,10.316193365688793,0.10620513699282191,0.8766588602654176,1.0,0.0,18.482700414488797,19.202974978627747,0.012176697537394717,0.8855396209004576,0.964769647696477,0.6666666666666666,0.9090909090909091,0.6469491329924257,0.7208672086720868,0.5416666666666666,0.6545454545454545,0.6410071157191585,C_privacy,epara,4,1.0,0.6,1.0,0.25,False,1.0,0.3,30
epara_priv,0.8,0.865787018525923,0.0,1818.88,1818.88,0.865787018525923,10.343313271324226,0.07947297271567563,0.8170446107271377,1.0,0.0,28.882141698336145,18.813245642946207,0.013433773124675082,0.865315852205006,0.940379403794038,0.75,0.8636363636363636,0.865315852205006,0.940379403794038,0.75,0.8636363636363636,0.8548329049088519,C_privacy,epara_priv,4,1.0,0.4,1.0,0.25,False,1.0,0.3,30
epara_priv,0.8,0.9052759848441576,0.0,1901.84,1901.84,0.9052759848441576,9.847533694617217,0.10473905675824909,0.7566878010700482,1.0,0.0,30.81237518489314,18.728433481770807,0.01619524432425093,0.905128993809835,0.943089430894309,0.7083333333333334,0.8909090909090909,0.905128993809835,0.943089430894309,0.7083333333333334,0.8909090909090909,0.861865212236642,C_privacy,tera,4,1.0,0.4,1.0,0.25,False,1.0,0.3,30
epara_priv,0.8,0.7828868452618952,0.0,1644.72,1644.72,0.7828868452618952,10.596335427090809,0.060014089602254336,0.774033243845319,1.0,0.0,29.843605255071157,17.428004803644793,0.03156185138975151,0.7824406936060594,0.8265582655826558,0.7916666666666666,0.8454545454545455,0.7824406936060594,0.8265582655826558,0.7916666666666666,0.8454545454545455,0.8115300428274818,C_privacy,epara_priv,4,1.0,0.6,1.0,0.25,False,1.0,0.3,30
epara,0.8,0.8860455817672931,0.366025018564003,1861.44,1193.04,0.567887130861941,10.316193365688793,0.10620513699282191,0.8766588602654176,1.0,0.0,18.35332062947992,19.202974978627747,0.012176697537394717,0.8855396209004576,0.964769647696477,0.6666666666666666,0.9090909090909091,0.5674189703564151,0.6422764227642277,0.5,0.5545454545454546,0.5660602119165243,C_privacy,epara,4,1.0,0.8,1.0,0.25,False,1.0,0.3,30
epara_priv,0.8,0.8357799737247958,0.0,1755.84,1755.84,0.8357799737247958,10.18155057123806,0.08128177300508369,0.7059652329544372,1.0,0.0,29.934242901541314,17.877173755002634,0.02594514926026271,0.8355184743742551,0.8834688346883469,0.6666666666666666,0.8363636363636363,0.8355184743742551,0.8834688346883469,0.6666666666666666,0.8363636363636363,0.8055044030232262,C_privacy,tera,4,1.0,0.6,1.0,0.25,False,1.0,0.3,30
epara_priv,0.8,0.6232935397269663,0.0,1309.44,1309.44,0.6232935397269663,12.98432388990281,0.06365073018411684,0.8427676548428248,1.0,0.0,35.218112400305706,17.002193074394334,0.05582985860801484,0.6219770079587835,0.7750677506775068,0.5833333333333334,0.7454545454545455,0.6219770079587835,0.7750677506775068,0.5833333333333334,0.7454545454545455,0.6814581593560424,C_privacy,epara_priv,4,1.0,0.8,1.0,0.25,False,1.0,0.3,30
epara_priv,0.8,0.7157137145141943,0.0,1503.6,1503.6,0.7157137145141943,11.204775421231536,0.041945126711220276,0.7779554844728775,1.0,0.0,35.47722014237138,16.84750032336374,0.03814433406308547,0.7150601714791034,0.8157181571815718,0.5,0.7363636363636363,0.7150601714791034,0.8157181571815718,0.5,0.7363636363636363,0.6917854912560779,C_privacy,tera,4,1.0,0.8,1.0,0.25,False,1.0,0.3,30
ours,0.8,0.4762856762057082,0.0,1000.6,1000.6,0.4762856762057082,20.517918977459978,0.19428419108547057,1.2122579539612726,1.0,0.0,46.86984536883362,20.530229728846454,0.0,0.47393210042677536,0.8157181571815718,0.4166666666666667,0.4636363636363636,0.47393210042677536,0.8157181571815718,0.4166666666666667,0.4636363636363636,0.5424883219778444,D_ablate,ours,4,0.5,0.4,0.0,0.0,False,1.0,0.3,30
ours,0.8,0.5001237600198016,0.0,1050.68,1050.68,0.5001237600198016,10.171270981574796,0.014108642257382762,1.4340930294548848,0.37866666666666665,172.79999999999998,52.67253871805337,10.686750994921008,0.0,0.49975008650851627,0.5284552845528455,0.4166666666666667,0.6,0.49975008650851627,0.5284552845528455,0.4166666666666667,0.6,0.5112180094320071,D_ablate,ours,4,0.5,0.4,0.0,0.0,True,1.0,0.3,30
ours,0.8,0.4888711182193789,0.0,1027.04,1027.04,0.4888711182193789,20.02358870612808,0.18426914948306392,1.1821557091449135,1.0,0.0,51.83654797063897,20.56502654474178,0.0,0.4866584643777154,0.8265582655826558,0.2916666666666667,0.44545454545454544,0.4866584643777154,0.8265582655826558,0.2916666666666667,0.44545454545454544,0.5125844855203958,D_ablate,ours,4,0.5,0.4,0.0,0.25,False,1.0,0.3,30
ours,0.8,0.4371584699453552,0.0,918.4,918.4,0.4371584699453552,22.292717641315978,0.2184269149483064,1.1833933093429294,1.0,0.0,45.27047919276436,20.473631881784595,0.0,0.43481102695220886,0.7913279132791328,0.375,0.37272727272727274,0.43481102695220886,0.7913279132791328,0.375,0.37272727272727274,0.4934665532396536,D_ablate,ours,4,0.5,0.4,0.5,0.0,False,1.0,0.3,30
ours,0.8,0.5056834409093506,0.0,1062.36,1062.36,0.5056834409093506,9.653360699948866,0.018202242912358866,1.4457645513223283,0.37733333333333335,172.79999999999998,58.190076616317654,10.255344273197677,0.0,0.5055749932715599,0.5013550135501355,0.4166666666666667,0.5909090909090909,0.5055749932715599,0.5013550135501355,0.4166666666666667,0.5909090909090909,0.5036264410993632,D_ablate,ours,4,0.5,0.4,0.0,0.25,True,1.0,0.3,30
ours,0.8,0.38083814093410256,0.0,800.08,800.08,0.38083814093410256,12.329584721057264,0.0353192056510729,1.5881647341063574,0.31333333333333335,184.8,56.15334152273833,9.864654143623497,0.0,0.3799261793994387,0.4742547425474255,0.2916666666666667,0.5181818181818182,0.3799261793994387,0.4742547425474255,0.2916666666666667,0.5181818181818182,0.41600735169883724,D_ablate,ours,4,0.5,0.4,0.5,0.0,True,1.0,0.3,30
ours,0.8,0.3951371832219493,0.0,830.12,830.12,0.3951371832219493,24.389297943755277,0.17440642790502847,1.1264446602311455,1.0,0.0,46.65855225100368,20.246044009070133,0.0,0.39278711215348533,0.7235772357723578,0.2916666666666667,0.42727272727272725,0.39278711215348533,0.7235772357723578,0.2916666666666667,0.42727272727272725,0.4588259354663093,D_ablate,ours,4,0.5,0.4,1.0,0.0,False,1.0,0.3,30
ours,0.8,0.30543972887035664,0.0,641.68,641.68,0.30543972887035664,16.88700485250669,0.00822528131604501,1.6299956207992994,0.33599999999999997,182.4,59.02759033133828,10.836053273756493,0.0,0.3030489445961014,0.6043360433604336,0.2916666666666667,0.43636363636363634,0.3030489445961014,0.6043360433604336,0.2916666666666667,0.43636363636363634,0.4088538227467095,D_ablate,ours,4,0.5,0.4,1.0,0.0,True,1.0,0.3,30
ours,0.8,0.41937510710001713,0.0,881.04,881.04,0.41937510710001713,23.3436283049398,0.23562003769920603,1.216884674701548,1.0,0.0,53.74976949721234,20.56667028178416,0.0,0.41693260025375833,0.7994579945799458,0.20833333333333334,0.34545454545454546,0.41693260025375833,0.7994579945799458,0.20833333333333334,0.34545454545454546,0.4425446184053957,D_ablate,ours,4,0.5,0.4,1.0,0.25,False,1.0,0.3,30
ours,0.8,0.31071380971420953,0.0,652.76,652.76,0.31071380971420953,17.092295369110797,0.0060737609718017555,1.6080805772928923,0.35733333333333334,184.8,60.70120287965378,11.157166725140764,0.0,0.308393248490907,0.6124661246612466,0.4583333333333333,0.36363636363636365,0.308393248490907,0.6124661246612466,0.4583333333333333,0.36363636363636365,0.4357072675304626,D_ablate,ours,4,0.5,0.4,1.0,0.25,True,1.0,0.3,30
ours,0.8,0.34928885588621694,0.0,733.8,733.8,0.34928885588621694,27.455318177832275,0.15862226537956245,1.194969631195141,1.0,0.0,54.86106967540283,20.146712478893324,0.0,0.3466107885731862,0.7289972899728997,0.375,0.33636363636363636,0.3466107885731862,0.7289972899728997,0.375,0.33636363636363636,0.4467429287274306,D_ablate,ours,4,0.5,0.4,2.0,0.25,False,1.0,0.3,30
ours,0.8,0.2804211648673864,0.0,589.12,589.12,0.2804211648673864,18.771053002620395,0.005597760895641743,1.6607642657222825,0.30266666666666664,189.60000000000002,62.30188586212286,11.058402744903729,0.0,0.27796147487408207,0.5907859078590786,0.375,0.38181818181818183,0.27796147487408207,0.5907859078590786,0.375,0.38181818181818183,0.4063913911378356,D_ablate,ours,4,0.5,0.4,2.0,0.25,True,1.0,0.3,30
ours,0.8,0.40705622512899603,0.0,855.16,855.16,0.40705622512899603,23.928226626344085,0.1835646693703471,1.2088688334190134,1.0,0.0,55.936537543270596,20.462462281784408,0.0,0.40466761505632665,0.7615176151761518,0.20833333333333334,0.39090909090909093,0.40466761505632665,0.7615176151761518,0.20833333333333334,0.39090909090909093,0.44135691361872564,D_ablate,ours,4,0.5,0.4,1.0,0.4,False,1.0,0.3,30
epara_priv,0.8,0.7828868452618952,0.0,1644.72,1644.72,0.7828868452618952,10.596335427090809,0.060014089602254336,0.774033243845319,1.0,0.0,33.03229087396058,17.428004803644793,0.03156185138975151,0.7824406936060594,0.8265582655826558,0.7916666666666666,0.8454545454545455,0.7824406936060594,0.8265582655826558,0.7916666666666666,0.8454545454545455,0.8115300428274818,D_gamma,tera,4,1.0,0.6,1.0,0.25,False,1.0,1.0,30
epara_priv,0.8,0.8419870147179224,0.0,1768.88,1768.88,0.8419870147179224,10.058804754987625,0.07444641191142591,0.7438738790198206,1.0,0.0,31.10010206512348,17.792818555002512,0.00237334007002526,0.8416701910877004,0.8861788617886179,0.7916666666666666,0.8545454545454545,0.8416701910877004,0.8861788617886179,0.7916666666666666,0.8545454545454545,0.8435152935221099,D_gamma,tera,4,1.0,0.6,1.0,0.25,False,1.0,0.5,30
ours,0.8,0.3069058091049295,0.0,644.76,644.76,0.3069058091049295,17.4157177304397,0.01012928162068506,1.634641381542621,0.3466666666666666,187.20000000000002,65.30148009779582,11.228958163878302,0.0,0.3046445461186512,0.5799457994579946,0.5416666666666666,0.4090909090909091,0.3046445461186512,0.5799457994579946,0.5416666666666666,0.4090909090909091,0.45883698033355536,D_ablate,ours,4,0.5,0.4,1.0,0.4,True,1.0,0.3,30
rr,0.8,0.6820129091220655,0.17086498733839797,1432.8,1203.76,0.5729898516783762,13.3442907444361,0.07949201271872204,1.2428742788598846,1.0,0.0,1.5238433130387337,19.119699778628043,0.029443089828649488,0.6805528855396209,0.8807588075880759,0.4166666666666667,0.7636363636363637,0.571955861432581,0.7181571815718157,0.4166666666666667,0.6090909090909091,0.5789676546904932,E_stale,rr,4,1.0,0.4,1.0,0.25,False,0.1,0.3,30
epara_priv,0.8,0.8357799737247958,0.0,1755.84,1755.84,0.8357799737247958,10.18155057123806,0.08128177300508369,0.7059652329544372,1.0,0.0,29.763231838899006,17.877173755002634,0.02594514926026271,0.8355184743742551,0.8834688346883469,0.6666666666666666,0.8363636363636363,0.8355184743742551,0.8834688346883469,0.6666666666666666,0.8363636363636363,0.8055044030232262,D_gamma,tera,4,1.0,0.6,1.0,0.25,False,1.0,0.3,30
epara_priv,0.8,0.866548618647779,0.0,1820.48,1820.48,0.866548618647779,9.77597269170374,0.07814017250242761,0.6975685916109746,1.0,0.0,28.764170546638194,17.796962765792827,0.016812190451890027,0.8663539544003999,0.8943089430894309,0.7083333333333334,0.9,0.8663539544003999,0.8943089430894309,0.7083333333333334,0.9,0.8422490577057911,D_gamma,tera,4,1.0,0.6,1.0,0.25,False,1.0,0.1,30
epara,0.8,0.9715351954456313,0.1759486681517869,2041.04,1683.56,0.8013746882199501,9.382089414527643,0.11656289865006378,0.6962357913977266,1.0,0.0,14.383524244697204,19.1492197786275,0.013666122232534574,0.9714521896266677,0.989159891598916,0.8333333333333334,0.9818181818181818,0.8012418778115268,0.8292682926829268,0.75,0.7818181818181819,0.7905820880781589,E_stale,epara,4,1.0,0.4,1.0,0.25,False,0.1,0.3,30
rr,1.0,0.2674071819841753,0.18213633597078516,702.96,582.52,0.22159160073037126,34.121127988671226,0.010605599513085819,1.7518867924528303,1.0,0.0,2.0348570226572344,23.985788130916326,0.011564190438994152,0.26406919756026365,0.742152466367713,0.26666666666666666,0.3032258064516129,0.21893100216626465,0.5919282511210763,0.26666666666666666,0.2645161290322581,0.33551051224656636,E_stale,rr,4,1.0,0.4,1.0,0.25,False,0.1,0.3,30
epara_priv,0.8,0.9097884655661544,0.0,1911.32,1911.32,0.9097884655661544,9.710288534505395,0.10666209706593553,0.7209877953580472,1.0,0.0,25.203432588940952,18.559468681770852,0.00975589763459901,0.9097043331154601,0.926829268292683,0.8333333333333334,0.9090909090909091,0.9097043331154601,0.926829268292683,0.8333333333333334,0.9090909090909091,0.8947394609580964,E_stale,epara_priv,4,1.0,0.4,1.0,0.25,False,0.1,0.3,30
rr,0.8,0.6820129091220655,0.17086498733839797,1432.8,1203.76,0.5729898516783762,13.3442907444361,0.07949201271872204,1.2428742788598846,1.0,0.0,1.4705348859963423,19.119699778628043,0.029443089828649426,0.6805528855396209,0.8807588075880759,0.4166666666666667,0.7636363636363637,0.571955861432581,0.7181571815718157,0.4166666666666667,0.6090909090909091,0.5789676546904932,E_stale,rr,4,1.0,0.4,1.0,0.25,False,0.25,0.3,30
epara,0.8,0.9408617505378801,0.1722549075607852,1976.6,1638.84,0.7800879648140744,9.780845784998384,0.12461681993869118,0.7027284324365491,1.0,0.0,14.085336163255691,19.332819778627805,0.008190268980385723,0.9404244684532277,0.994579945799458,0.9583333333333334,0.9636363636363636,0.7798262140028451,0.8184281842818428,0.8333333333333334,0.7636363636363637,0.7988060238135962,E_stale,epara,4,1.0,0.4,1.0,0.25,False,0.25,0.3,30
epara,1.0,0.10817102860620816,0.16930919050517346,284.36,237.52,0.09035301278149727,85.45413184314296,0.005690809494826537,0.7454808277541083,1.0,0.0,20.324916941954044,24.299736930916133,0.00880898780681334,0.10450306503403033,0.6165919282511211,0.1,0.1870967741935484,0.08724976570541873,0.515695067264574,0.1,0.16774193548387098,0.21767169211346593,E_stale,epara,4,1.0,0.4,1.0,0.25,False,0.1,0.3,30
epara_priv,0.8,0.8207574113211858,0.0,1724.28,1724.28,0.8207574113211858,10.805867038678368,0.1056148968983835,0.8172730907636945,1.0,0.0,29.594584289581043,18.632340417452337,0.0188457181426382,0.8197931485255104,0.943089430894309,0.7083333333333334,0.8909090909090909,0.8197931485255104,0.943089430894309,0.7083333333333334,0.8909090909090909,0.840531250915561,E_stale,epara_priv,4,1.0,0.4,1.0,0.25,False,0.25,0.3,30
rr,1.0,0.2674071819841753,0.18213633597078516,702.96,582.52,0.22159160073037126,34.121127988671226,0.010605599513085819,1.7518867924528303,1.0,0.0,2.39751271358717,23.985788130916326,0.011564190438994175,0.26406919756026365,0.742152466367713,0.26666666666666666,0.3032258064516129,0.21893100216626465,0.5919282511210763,0.26666666666666666,0.2645161290322581,0.33551051224656636,E_stale,rr,4,1.0,0.4,1.0,0.25,False,0.25,0.3,30
epara_priv,1.0,0.08982045039561777,0.0,236.12,236.12,0.08982045039561777,92.6652569908628,0.0037279367011564214,0.9106512477175898,1.0,0.0,41.99434785903642,21.88012048068252,0.021129706660556247,0.08545222695079045,0.7152466367713004,0.1,0.12258064516129032,0.08545222695079045,0.7152466367713004,0.1,0.12258064516129032,0.2558198772208453,E_stale,epara_priv,4,1.0,0.4,1.0,0.25,False,0.1,0.3,30
rr,0.8,0.6820129091220655,0.17086498733839797,1432.8,1203.76,0.5729898516783762,13.3442907444361,0.07949201271872204,1.2428742788598846,1.0,0.0,1.511818498963551,19.119699778628043,0.02944308982864943,0.6805528855396209,0.8807588075880759,0.4166666666666667,0.7636363636363637,0.571955861432581,0.7181571815718157,0.4166666666666667,0.6090909090909091,0.5789676546904932,E_stale,rr,4,1.0,0.4,1.0,0.25,False,0.5,0.3,30
epara,0.8,0.9396812703490033,0.16115458578473374,1974.12,1656.8,0.7886369261819082,9.74735344286488,0.13857314217170275,0.7512614002018241,1.0,0.0,17.039736257215868,19.242445378628418,0.01339767118288109,0.9395017109462109,0.983739837398374,0.7916666666666666,0.9090909090909091,0.7885731862047752,0.8211382113821138,0.7083333333333334,0.7272727272727273,0.7613293645482374,E_stale,epara,4,1.0,0.4,1.0,0.25,False,0.5,0.3,30
epara,1.0,0.0840535605599513,0.17221545952525869,220.96,186.68,0.07101339013998782,109.85075004940153,0.005158247108947048,1.0935027388922702,1.0,0.0,27.665178547139035,24.272621730915763,0.004010214425851763,0.0794911582602283,0.726457399103139,0.1,0.14838709677419354,0.06716956782251994,0.6076233183856502,0.1,0.13548387096774195,0.227569189293978,E_stale,epara,4,1.0,0.4,1.0,0.25,False,0.25,0.3,30
rr,1.0,0.2674071819841753,0.18213633597078516,702.96,582.52,0.22159160073037126,34.121127988671226,0.010605599513085819,1.7518867924528303,1.0,0.0,2.327517813073876,23.985788130916326,0.011564190438994149,0.26406919756026365,0.742152466367713,0.26666666666666666,0.3032258064516129,0.21893100216626465,0.5919282511210763,0.26666666666666666,0.2645161290322581,0.33551051224656636,E_stale,rr,4,1.0,0.4,1.0,0.25,False,0.5,0.3,30
epara_priv,1.0,0.10118685331710287,0.0,266.0,266.0,0.10118685331710287,83.98669623260298,0.0032714546561168592,1.0248630553864881,1.0,0.0,47.577552739592626,22.340461197872397,0.001642574585198944,0.09668300327244235,0.7219730941704036,0.2,0.1870967741935484,0.09668300327244235,0.7219730941704036,0.2,0.1870967741935484,0.3014382179090986,E_stale,epara_priv,4,1.0,0.4,1.0,0.25,False,0.25,0.3,30
rr,0.8,0.6820129091220655,0.17086498733839797,1432.8,1203.76,0.5729898516783762,13.3442907444361,0.07949201271872204,1.2428742788598846,1.0,0.0,1.647641121512362,19.119699778628043,0.02944308982864946,0.6805528855396209,0.8807588075880759,0.4166666666666667,0.7636363636363637,0.571955861432581,0.7181571815718157,0.4166666666666667,0.6090909090909091,0.5789676546904932,E_stale,rr,4,1.0,0.4,1.0,0.25,False,1.0,0.3,30
epara_priv,0.8,0.8677671788427486,0.0,1823.04,1823.04,0.8677671788427486,10.155547591808709,0.09101121456179433,0.8327526132404182,1.0,0.0,31.151831259218266,18.51396948177095,0.023878095582541937,0.8674112807105233,0.9214092140921409,0.75,0.8818181818181818,0.8674112807105233,0.9214092140921409,0.75,0.8818181818181818,0.8551596691552115,E_stale,epara_priv,4,1.0,0.4,1.0,0.25,False,0.5,0.3,30
epara,0.8,0.8860455817672931,0.17897602863616457,1861.44,1534.6,0.7304697168751547,10.316193365688793,0.10620513699282191,0.8766588602654176,1.0,0.0,19.31168178554838,19.202974978627747,0.012176697537394717,0.8855396209004576,0.964769647696477,0.6666666666666666,0.9090909090909091,0.7300742050828559,0.7967479674796748,0.625,0.7181818181818181,0.7175009976860872,E_stale,epara,4,1.0,0.4,1.0,0.25,False,1.0,0.3,30
epara,1.0,0.13867924528301886,0.1844948265368229,364.56,302.28,0.11498782714546561,66.10912697749451,0.004884357881923311,1.1859403530127814,1.0,0.0,29.859414800022204,24.100743330915396,0.004876886483839548,0.13436986280323865,0.7085201793721974,0.26666666666666666,0.2838709677419355,0.11141667562875447,0.5829596412556054,0.26666666666666666,0.23870967741935484,0.29993816524259537,E_stale,epara,4,1.0,0.4,1.0,0.25,False,0.5,0.3,30
epara_priv,1.0,0.18163420572124164,0.0,477.48,477.48,0.18163420572124164,46.95744755585911,0.0057973219720024345,1.251095556908095,1.0,0.0,49.38469702939604,22.421242058971607,0.0,0.17729570280692591,0.7399103139013453,0.43333333333333335,0.34838709677419355,0.17729570280692591,0.7399103139013453,0.43333333333333335,0.34838709677419355,0.4247316117039495,E_stale,epara_priv,4,1.0,0.4,1.0,0.25,False,0.5,0.3,30
rr,1.0,0.2674071819841753,0.18213633597078516,702.96,582.52,0.22159160073037126,34.121127988671226,0.010605599513085819,1.7518867924528303,1.0,0.0,2.0575444601049004,23.985788130916326,0.011564190438994162,0.26406919756026365,0.742152466367713,0.26666666666666666,0.3032258064516129,0.21893100216626465,0.5919282511210763,0.26666666666666666,0.2645161290322581,0.33551051224656636,E_stale,rr,4,1.0,0.4,1.0,0.25,False,1.0,0.3,30
epara_priv,0.8,0.8383694141391063,0.0,1761.28,1761.28,0.8383694141391063,10.5771878285264,0.0585480093676815,0.82951581272253,1.0,0.0,28.657330892205433,18.62938937862698,0.021850180621484368,0.8377100234534199,0.9214092140921409,0.6666666666666666,0.9090909090909091,0.8377100234534199,0.9214092140921409,0.6666666666666666,0.9090909090909091,0.8337192033257841,E_stale,epara_priv,4,1.0,0.4,1.0,0.25,False,1.0,0.3,30
rr,0.8,0.6820129091220655,0.17086498733839797,1432.8,1203.76,0.5729898516783762,13.3442907444361,0.07949201271872204,1.2428742788598846,1.0,0.0,1.4960626256079197,19.119699778628043,0.02944308982864943,0.6805528855396209,0.8807588075880759,0.4166666666666667,0.7636363636363637,0.571955861432581,0.7181571815718157,0.4166666666666667,0.6090909090909091,0.5789676546904932,E_stale,rr,4,1.0,0.4,1.0,0.25,False,2.0,0.3,30
epara,1.0,0.17201765063907487,0.17991479001825927,452.2,379.08,0.14420267802799758,53.22502815328223,0.005766889835666464,1.211518563603165,1.0,0.0,28.39248723721074,24.068357730914222,0.02060376772117055,0.16846164482477838,0.6569506726457399,0.2,0.2645161290322581,0.14123738266066463,0.5448430493273543,0.2,0.22580645161290322,0.27797172090023053,E_stale,epara,4,1.0,0.4,1.0,0.25,False,1.0,0.3,30
epara,0.8,0.8160545305687249,0.1791093086574894,1714.4,1417.16,0.6745682679309228,11.182081532097477,0.09068753451000552,0.9745815959330554,1.0,0.0,20.36632266867856,19.170560578627914,0.020918648330619943,0.8151024645315084,0.962059620596206,0.6666666666666666,0.8090909090909091,0.6737667730401015,0.8021680216802168,0.625,0.6363636363636364,0.6843246077709887,E_stale,epara,4,1.0,0.4,1.0,0.25,False,2.0,0.3,30
local,0.4,0.42729631095282067,0.15873015873015872,388.72,324.16,0.3563294200413314,23.438923390755278,0.0,0.0,1.0,0.0,0.0,9.111178300454391,0.38045951473526385,0.4277402735832297,0.3924050632911392,0.23529411764705882,0.40384615384615385,0.35641321726772074,0.36075949367088606,0.23529411764705882,0.34615384615384615,0.324655168684878,A_load,local,5,1.0,0.4,1.0,0.25,False,1.0,0.3,30
rr,0.4,0.9803895704172713,0.1881897726773073,891.88,724.16,0.7960251505957877,10.161111248659113,0.0,0.43134151167392165,1.0,0.0,0.568421710259192,9.06249190045409,0.28674880556602345,0.9804139278735121,0.9683544303797469,1.0,1.0,0.7955675963759105,0.8417721518987342,0.7647058823529411,0.8653846153846154,0.8168575615030503,A_load,rr,5,1.0,0.4,1.0,0.25,False,1.0,0.3,30
epara_priv,1.0,0.23368837492391967,0.0,614.32,614.32,0.23368837492391967,36.34895672689856,0.007744978697504565,1.2360925136944614,1.0,0.0,47.43594116901992,22.329891096468323,0.005555705520992124,0.23030005069981102,0.6928251121076233,0.3333333333333333,0.3161290322580645,0.23030005069981102,0.6928251121076233,0.3333333333333333,0.3161290322580645,0.39314688209970805,E_stale,epara_priv,4,1.0,0.4,1.0,0.25,False,1.0,0.3,30
rr,1.0,0.2674071819841753,0.18213633597078516,702.96,582.52,0.22159160073037126,34.121127988671226,0.010605599513085819,1.7518867924528303,1.0,0.0,2.1991990685979452,23.985788130916326,0.011564190438994162,0.26406919756026365,0.742152466367713,0.26666666666666666,0.3032258064516129,0.21893100216626465,0.5919282511210763,0.26666666666666666,0.2645161290322581,0.33551051224656636,E_stale,rr,4,1.0,0.4,1.0,0.25,False,2.0,0.3,30
rr_g,0.4,0.976520247988392,0.181550367145935,888.36,727.84,0.8000703513168888,10.201373205067867,0.0,0.41889812249923053,1.0,0.0,0.36611876322474896,9.06249190045409,0.2840810267494015,0.9769941375022206,0.930379746835443,0.7647058823529411,0.9807692307692307,0.8001421211582874,0.810126582278481,0.5882352941176471,0.8076923076923077,0.7515490763116808,A_load,rr_g,5,1.0,0.4,1.0,0.25,False,1.0,0.3,30
epara_priv,0.8,0.8199006111840977,0.0,1722.48,1722.48,0.8199006111840977,10.676085584544628,0.05786256925801108,0.8662439785990366,1.0,0.0,31.273142473331504,18.389343897666432,0.019335857245567703,0.8194278903456496,0.8834688346883469,0.7083333333333334,0.8545454545454545,0.8194278903456496,0.8834688346883469,0.7083333333333334,0.8545454545454545,0.8164438782281961,E_stale,epara_priv,4,1.0,0.4,1.0,0.25,False,2.0,0.3,30
epara,0.4,0.9994283955502792,0.176713714109836,909.2,748.56,0.8228465901596096,9.96882787115498,0.001187178472497032,0.214307699072242,1.0,0.0,5.256990979321432,9.063658300454108,0.2597441612845719,0.9994226327944573,1.0,1.0,1.0,0.8227038550364185,0.8607594936708861,0.7058823529411765,0.8076923076923077,0.7992595023351972,A_load,epara,5,1.0,0.4,1.0,0.25,False,1.0,0.3,30
epara_priv,0.4,0.9375632062612672,0.0,852.92,852.92,0.9375632062612672,10.274816302443794,0.00017587829222178252,0.37739084553488983,1.0,0.0,15.805921696527012,8.76359632068036,0.2673800503119595,0.9375999289394209,0.930379746835443,0.8823529411764706,0.9615384615384616,0.9375999289394209,0.930379746835443,0.8823529411764706,0.9615384615384616,0.9279677696224491,A_load,epara_priv,5,1.0,0.4,1.0,0.25,False,1.0,0.3,30
epara_priv,0.4,0.9384865672954316,0.0,853.76,853.76,0.9384865672954316,10.266613006793902,0.0019786307874950534,0.33104691553445015,1.0,0.0,15.35371770872368,8.76522352068036,0.27717630222265344,0.9385325990406822,0.930379746835443,0.8823529411764706,0.9615384615384616,0.9385325990406822,0.930379746835443,0.8823529411764706,0.9615384615384616,0.9282009371477644,A_load,tera,5,1.0,0.4,1.0,0.25,False,1.0,0.3,30
ours,0.4,0.9383546585762652,0.0,853.64,853.64,0.9383546585762652,10.266268123190523,0.00013190871916633689,0.3698280789693532,1.0,0.0,16.156691780776132,8.763697120680359,0.2653781284306169,0.9383993604547877,0.9367088607594937,0.8235294117647058,0.9615384615384616,0.9383993604547877,0.9367088607594937,0.8235294117647058,0.9615384615384616,0.9150440236293622,A_load,ours,5,1.0,0.4,1.0,0.25,False,1.0,0.3,30
local,0.6,0.37263639295242,0.1622936882530562,508.44,422.16,0.3094016592887925,26.102216617652335,0.00020521239482864764,0.0,1.0,0.0,0.0,13.271411017079153,0.25817199432077564,0.3720944005211572,0.4396551724137931,0.3333333333333333,0.41379310344827586,0.30908175653667347,0.3275862068965517,0.3333333333333333,0.3793103448275862,0.33732791039853616,A_load,local,5,1.0,0.4,1.0,0.25,False,1.0,0.3,30
rr,0.6,0.9321626454809299,0.18088006801325085,1271.88,1044.24,0.7653249684852393,10.420784206905656,0.026443082876491456,0.6025329072733135,1.0,0.0,0.7541083151680512,13.253987017079167,0.14422720857965785,0.9321607296200882,0.9525862068965517,0.8095238095238095,0.9080459770114943,0.765331201326582,0.7586206896551724,0.7619047619047619,0.7816091954022989,0.7668664620722038,A_load,rr,5,1.0,0.4,1.0,0.25,False,1.0,0.3,30
epara,1.0,0.26629640900791235,0.18866402921485087,700.04,571.16,0.21727023737066342,34.33201435763191,0.010696895922093731,1.2121424223980524,1.0,0.0,29.19775186431452,24.033783330916645,0.00791826987512569,0.2632856550261949,0.672645739910314,0.3,0.3548387096774194,0.2147521086512314,0.547085201793722,0.26666666666666666,0.3161290322580645,0.33615825234242114,E_stale,epara,4,1.0,0.4,1.0,0.25,False,2.0,0.3,30
rr_g,0.6,0.9254492685643927,0.1842807305561256,1262.72,1031.92,0.7562956231127789,10.467127325993623,0.0031368180352379,0.5937087742956817,1.0,0.0,0.4763139769417892,13.217051017078665,0.15412680769406586,0.9253501524977051,0.9353448275862069,0.8571428571428571,0.9540229885057471,0.7560332829942851,0.7543103448275862,0.8095238095238095,0.8505747126436781,0.7926105374973398,A_load,rr_g,5,1.0,0.4,1.0,0.25,False,1.0,0.3,30
epara,0.6,0.9960130163290434,0.17979537392629943,1359.0,1114.48,0.8168039635308258,9.782959100131944,0.03315645979302864,0.39893289554689104,1.0,0.0,8.895441931812456,13.295041417079313,0.16124150985788893,0.9960320985460899,1.0,0.9047619047619048,1.0,0.8166474193834947,0.8146551724137931,0.8571428571428571,0.8735632183908046,0.8405021668327374,A_load,epara,5,1.0,0.4,1.0,0.25,False,1.0,0.3,30
epara_priv,0.6,0.9374102195772624,0.0,1279.04,1279.04,0.9374102195772624,10.074879618841509,0.006947905367769927,0.47632728445369527,1.0,0.0,18.92307733600877,12.886174027683044,0.1828468265745057,0.9373426904740754,0.9353448275862069,0.9523809523809523,0.9655172413793104,0.9373426904740754,0.9353448275862069,0.9523809523809523,0.9655172413793104,0.9476464279551362,A_load,epara_priv,5,1.0,0.4,1.0,0.25,False,1.0,0.3,30
epara_priv,1.0,0.2965459525258673,0.0,779.56,779.56,0.2965459525258673,29.422170370096374,0.01602251978088862,1.1816189896530735,1.0,0.0,48.80280640677979,22.936347133712328,0.0035417613893214896,0.29372090522208055,0.6704035874439462,0.16666666666666666,0.432258064516129,0.29372090522208055,0.6704035874439462,0.16666666666666666,0.432258064516129,0.3907623059622056,E_stale,epara_priv,4,1.0,0.4,1.0,0.25,False,2.0,0.3,30
epara_priv,0.6,0.9450323942423265,0.0,1289.44,1289.44,0.9450323942423265,10.032065263715621,0.004866465363079359,0.4752132743103398,1.0,0.0,21.03433716849116,12.935746233645471,0.1516845607801729,0.9449231589233366,0.9525862068965517,1.0,0.9540229885057471,0.9449231589233366,0.9525862068965517,1.0,0.9540229885057471,0.9628830885814088,A_load,tera,5,1.0,0.4,1.0,0.25,False,1.0,0.3,30
local,0.8,0.2666637393518925,0.1598313866690085,485.84,387.2,0.2125230526038465,32.26002670781441,0.0,0.0,1.0,0.0,0.0,15.673211375724554,0.2548987078584802,0.2667878196888436,0.27184466019417475,0.15,0.21649484536082475,0.2124684189530606,0.2297734627831715,0.15,0.1958762886597938,0.19702954259900649,A_load,local,5,1.0,0.4,1.0,0.25,False,1.0,0.3,30
ours,0.6,0.9484037407287972,0.0,1294.04,1294.04,0.9484037407287972,10.053197950100769,0.0026091290199642342,0.5194512034241154,1.0,0.0,21.069843141163346,13.0092402753484,0.1651076217469539,0.9482692250747683,0.9568965517241379,0.9523809523809523,0.9770114942528736,0.9482692250747683,0.9568965517241379,0.9523809523809523,0.9770114942528736,0.9586395558581831,A_load,ours,5,1.0,0.4,1.0,0.25,False,1.0,0.3,30
rr,0.8,0.7165188372705718,0.19241240010538332,1305.44,1064.52,0.5842847106349346,12.011061539193015,0.024150346886800737,1.1652761921489418,1.0,0.0,1.4656836052322286,15.67972017572413,0.06433866102931765,0.7154824697486813,0.86084142394822,0.6,0.7628865979381443,0.5831966668144143,0.7313915857605178,0.5,0.6391752577319587,0.6134408775767227,A_load,rr,5,1.0,0.4,1.0,0.25,False,1.0,0.3,30
rr_g,0.8,0.8097391762536226,0.20977869500307367,1475.28,1157.44,0.6352858522876965,10.536627200072873,0.012382541494686924,0.9974532361464828,1.0,0.0,0.7597396335461255,15.544475375723508,0.05074599375346307,0.8093612871769869,0.8737864077669902,0.65,0.8144329896907216,0.6348344488276229,0.7022653721682848,0.55,0.6494845360824743,0.6341460892695954,A_load,rr_g,5,1.0,0.4,1.0,0.25,False,1.0,0.3,30
local,0.9,0.2086433495420548,0.1610131427343918,427.36,354.24,0.1729451051614037,45.23127593230715,0.00015622864061554085,0.0,1.0,0.0,0.0,19.330038082430782,0.16529546333753864,0.2081928091039978,0.24581005586592178,0.2413793103448276,0.28205128205128205,0.17259333767232707,0.2011173184357542,0.20689655172413793,0.23076923076923078,0.20284410965036248,A_load,local,5,1.0,0.4,1.0,0.25,False,1.0,0.3,30
epara,0.8,0.9734346184245192,0.2146526741020462,1773.52,1393.0,0.7645780275753051,8.85274943373894,0.055260384649161325,0.6648151400720119,1.0,0.0,14.856141517368425,15.700528175724683,0.06056730181749081,0.9734275962944905,0.9805825242718447,0.8,0.9896907216494846,0.764305660210097,0.7993527508090615,0.75,0.7835051546391752,0.7742908914145834,A_load,epara,5,1.0,0.4,1.0,0.25,False,1.0,0.3,30
epara_priv,0.8,0.9082945464125758,0.0,1654.84,1654.84,0.9082945464125758,9.005017294633234,0.04052867304821287,0.6166461754632475,1.0,0.0,26.27633986335935,14.901862819850862,0.06723303713075586,0.9082044235627853,0.941747572815534,0.9,0.845360824742268,0.9082044235627853,0.941747572815534,0.9,0.845360824742268,0.8988282052801468,A_load,tera,5,1.0,0.4,1.0,0.25,False,1.0,0.3,30
epara_priv,0.8,0.8735400017563889,0.0,1591.52,1591.52,0.8735400017563889,9.277302077158119,0.035237551593922896,0.711732677614824,1.0,0.0,27.03777383218084,14.765011801838689,0.06872882960713039,0.8733655423075218,0.9061488673139159,0.85,0.8556701030927835,0.8733655423075218,0.9061488673139159,0.85,0.8556701030927835,0.8712961281785553,A_load,epara_priv,5,1.0,0.4,1.0,0.25,False,1.0,0.3,30
ours,0.8,0.8963730569948186,0.0,1633.12,1633.12,0.8963730569948186,8.959099026304305,0.01640028102221832,0.6394133661192588,1.0,0.0,27.41372170396825,14.631283801838087,0.06905829750229696,0.8962811932095208,0.9288025889967637,0.75,0.865979381443299,0.8962811932095208,0.9288025889967637,0.75,0.865979381443299,0.8602657909123959,A_load,ours,5,1.0,0.4,1.0,0.25,False,1.0,0.3,30
rr,0.9,0.4264456031401957,0.210615736129826,873.48,691.92,0.3378053781709532,22.16957970695559,0.027144726306950223,1.5860722166891246,1.0,0.0,2.122241763827156,19.36468448243157,0.1017629917750719,0.42425497505078597,0.7262569832402235,0.3448275862068966,0.47863247863247865,0.33601562037749244,0.5893854748603352,0.3448275862068966,0.3418803418803419,0.40302725583126653,A_load,rr,5,1.0,0.4,1.0,0.25,False,1.0,0.3,30
rr_g,0.9,0.47807916886363194,0.2005780459702775,979.24,809.88,0.3953951608178569,19.765556638240945,0.007909074931161756,1.4606596754349992,1.0,0.0,1.1048910543832584,19.355223682431063,0.06611498210852487,0.47689485829240874,0.6480446927374302,0.3103448275862069,0.5128205128205128,0.3945920359742027,0.5223463687150838,0.27586206896551724,0.38461538461538464,0.39435396456754707,A_load,rr_g,5,1.0,0.4,1.0,0.25,False,1.0,0.3,30
local,1.0,0.18688692038109997,0.16055861789620132,424.48,354.64,0.1561382808234859,48.85534360843582,0.0,0.0,1.0,0.0,0.0,20.738116254908835,0.1688609856497657,0.18692369192502442,0.20238095238095238,0.1794871794871795,0.13008130081300814,0.15618726125966065,0.16964285714285715,0.1794871794871795,0.08943089430894309,0.1486870480496601,A_load,local,5,1.0,0.4,1.0,0.25,False,1.0,0.3,30
epara,0.9,0.3644423613959029,0.2013591891733552,746.48,615.28,0.3003886187435312,26.06044968710746,0.005331302361005331,1.210889136250903,1.0,0.0,26.27668428808862,19.453604482431977,0.06195620119666021,0.3615565153935665,0.7374301675977654,0.3448275862068966,0.47863247863247865,0.29812831587874483,0.6033519553072626,0.2413793103448276,0.36752136752136755,0.37759523726305066,A_load,epara,5,1.0,0.4,1.0,0.25,False,1.0,0.3,30
rr,1.0,0.2986281105260377,0.21118996882869873,678.28,530.88,0.23373192680908017,30.44856439067629,0.01771657010020605,1.689625416057623,1.0,0.0,1.9903134671296152,20.652652254907913,0.07799628849260348,0.2964555387758728,0.6458333333333334,0.15384615384615385,0.3902439024390244,0.23194456782446476,0.5208333333333334,0.1282051282051282,0.3008130081300813,0.2954490093732519,A_load,rr,5,1.0,0.4,1.0,0.25,False,1.0,0.3,30
rr_g,1.0,0.4267826638254407,0.21731856365461494,969.36,754.52,0.3321944948311995,21.239479507002407,0.017082577532007818,1.5409013261011217,1.0,0.0,1.1039002350311091,20.588701854907853,0.07498536215594814,0.4253708803411211,0.6517857142857143,0.20512820512820512,0.5284552845528455,0.3311361819312428,0.5178571428571429,0.1282051282051282,0.37398373983739835,0.33779554820772806,A_load,rr_g,5,1.0,0.4,1.0,0.25,False,1.0,0.3,30
epara_priv,0.9,0.5337746792430722,0.0,1093.32,1093.32,0.5337746792430722,16.22716372813816,0.015700978381861855,1.1020954166422559,1.0,0.0,41.13833526499991,17.741482647248013,0.03359302677541536,0.5318225746011084,0.7821229050279329,0.3103448275862069,0.6752136752136753,0.5318225746011084,0.7821229050279329,0.3103448275862069,0.6752136752136753,0.5748759956072309,A_load,epara_priv,5,1.0,0.4,1.0,0.25,False,1.0,0.3,30
epara_priv,0.9,0.5149491280488996,0.0,1054.76,1054.76,0.5149491280488996,16.970066778352393,0.01101411916339563,1.0788368777706172,1.0,0.0,44.83613110152557,17.89934763513497,0.046719184257729335,0.5131846241839734,0.7318435754189944,0.3448275862068966,0.6581196581196581,0.5131846241839734,0.7318435754189944,0.3448275862068966,0.6581196581196581,0.5619938609823806,A_load,tera,5,1.0,0.4,1.0,0.25,False,1.0,0.3,30
ours,0.9,0.47460308160993614,0.0,972.12,972.12,0.47460308160993614,18.334278495570924,0.013240377292167087,1.1804831370711035,1.0,0.0,47.41057996284963,17.82311881111441,0.06210133710226276,0.47235863755596313,0.7625698324022346,0.41379310344827586,0.5811965811965812,0.47235863755596313,0.7625698324022346,0.41379310344827586,0.5811965811965812,0.5574795386507637,A_load,ours,5,1.0,0.4,1.0,0.25,False,1.0,0.3,30
epara,1.0,0.2125812302978004,0.20014793159924626,482.84,398.76,0.17556310867689273,43.1258575406134,0.0017258686578729549,1.00753746719969,1.0,0.0,24.369468743530586,20.82288905490978,0.08560740027866667,0.21058896686506173,0.5,0.38461538461538464,0.2845528455284553,0.17406058452518433,0.40476190476190477,0.20512820512820512,0.22764227642276422,0.2528982427095146,A_load,epara,5,1.0,0.4,1.0,0.25,False,1.0,0.3,30
epara_priv,0.8,0.8735400017563889,0.0,1591.52,1591.52,0.8735400017563889,9.277302077158119,0.035237551593922896,0.711732677614824,1.0,0.0,26.50358098803677,14.765011801838689,0.06872882960713039,0.8733655423075218,0.9061488673139159,0.85,0.8556701030927835,0.8733655423075218,0.9061488673139159,0.85,0.8556701030927835,0.8712961281785553,B_energy,epara_priv,5,1.0,0.4,1.0,0.25,False,1.0,0.3,30
energy,0.8,0.9483402125230526,0.19456397646438922,1727.8,1395.0,0.7656757706156143,9.042167019171206,0.034183718275226135,0.6977474312812857,1.0,0.0,16.439876469407395,15.62305617572401,0.05634358132887246,0.9481184344665573,0.9676375404530745,0.9,1.0,0.7655467399494703,0.7831715210355987,0.75,0.7731958762886598,0.7679785343184322,B_energy,energy,5,1.0,0.4,1.0,0.25,False,1.0,0.3,30
epara_priv,1.0,0.38023704277688747,0.0,863.64,863.64,0.38023704277688747,21.034601615106016,0.007590299913706567,1.1387210961027068,1.0,0.0,42.081403451840835,18.166323338870157,0.06526998548787784,0.3780758639069024,0.7023809523809523,0.28205128205128205,0.5203252032520326,0.3780758639069024,0.7023809523809523,0.28205128205128205,0.5203252032520326,0.4707083253977923,A_load,epara_priv,5,1.0,0.4,1.0,0.25,False,1.0,0.3,30
ours,0.8,0.8963730569948186,0.0,1633.12,1633.12,0.8963730569948186,8.959099026304305,0.01640028102221832,0.6394133661192588,1.0,0.0,26.58236528311898,14.631283801838087,0.06905829750229696,0.8962811932095208,0.9288025889967637,0.75,0.865979381443299,0.8962811932095208,0.9288025889967637,0.75,0.865979381443299,0.8602657909123959,B_energy,ours,5,1.0,0.4,1.0,0.25,False,1.0,0.3,30
ours,1.0,0.31863409823362626,0.0,723.72,723.72,0.31863409823362626,25.147625785083566,0.005846820351161439,1.083458077241428,1.0,0.0,46.129931169351714,18.199839733180678,0.05817372130994697,0.31635426845518344,0.6517857142857143,0.28205128205128205,0.4634146341463415,0.31635426845518344,0.6517857142857143,0.28205128205128205,0.4634146341463415,0.4284014747346303,A_load,ours,5,1.0,0.4,1.0,0.25,False,1.0,0.3,30
epara_priv,1.0,0.354437067432154,0.0,805.04,805.04,0.354437067432154,22.72297275709727,0.009615553951006463,1.1444270292164909,1.0,0.0,49.467378214369624,18.292901988373586,0.06775628035694928,0.35208314826330284,0.6845238095238095,0.28205128205128205,0.5528455284552846,0.35208314826330284,0.6845238095238095,0.28205128205128205,0.5528455284552846,0.46787594207341976,A_load,tera,5,1.0,0.4,1.0,0.25,False,1.0,0.3,30
ours,0.8,0.8734960920347765,0.0,1591.44,1591.44,0.8734960920347765,9.195672222539462,0.018002985861069642,0.6992184069552999,1.0,0.0,30.40377620580757,14.6343606018382,0.0480469137312712,0.8732325694783033,0.9158576051779935,0.85,0.865979381443299,0.8732325694783033,0.9158576051779935,0.85,0.865979381443299,0.876267389024899,B_energy,ours_b,5,1.0,0.4,1.0,0.25,False,1.0,0.3,30
ours,0.8,0.8483797312725038,0.0,1545.68,1545.68,0.8483797312725038,9.509123105583841,0.03677439185035567,0.7353561078422762,1.0,0.0,27.56917107643067,14.69806140183883,0.05698362658552452,0.8480120562031824,0.9061488673139159,0.85,0.8350515463917526,0.8480120562031824,0.9061488673139159,0.85,0.8350515463917526,0.8598031174772127,B_energy,ours_c,5,1.0,0.4,1.0,0.0,False,1.0,0.3,30
energy,0.8,0.9634671116185123,0.1906999209625011,1755.36,1421.56,0.7802537981909194,8.811770221335298,0.0032493193993150082,0.7030165978747694,0.9159999999999999,24.0,16.784225750237745,15.467828975723128,0.04249357208670151,0.9636762554851293,0.948220064724919,0.7,0.9690721649484536,0.7802180754399184,0.7928802588996764,0.65,0.7835051546391752,0.7516508722446925,B_energy,energy,5,1.0,0.4,1.0,0.25,True,1.0,0.3,30
epara_priv,0.8,0.8311671204004567,0.0,1514.32,1514.32,0.8311671204004567,9.545687203629518,0.005356986036708527,0.8026477562132256,0.948,21.599999999999998,29.145329271716687,14.455225046200251,0.06899934487232892,0.8306812641283631,0.9029126213592233,0.85,0.8247422680412371,0.8306812641283631,0.9029126213592233,0.85,0.8247422680412371,0.8520840383822058,B_energy,epara_priv,5,1.0,0.4,1.0,0.25,True,1.0,0.3,30
ours,0.8,0.8743523316062176,0.0,1593.0,1593.0,0.8743523316062176,9.18169529305573,4.390972161236498e-05,0.714872222710108,0.9519999999999998,14.399999999999999,28.610826759682407,14.626440601837778,0.05062888757236131,0.8740747307300208,0.9255663430420712,0.85,0.845360824742268,0.8740747307300208,0.9255663430420712,0.85,0.845360824742268,0.87375047462859,B_energy,ours,5,1.0,0.4,1.0,0.25,True,1.0,0.3,30
ours,0.8,0.8791604461227716,0.0,1601.76,1601.76,0.8791604461227716,9.042219607999616,0.0030078159304470008,0.6977254764204794,0.944,14.399999999999999,26.44076483096878,14.483465679309466,0.08534196976543307,0.8790390496875139,0.9029126213592233,0.9,0.8556701030927835,0.8790390496875139,0.9029126213592233,0.9,0.8556701030927835,0.8844054435348802,B_energy,ours_c,5,1.0,0.4,1.0,0.0,True,1.0,0.3,30
ours,0.8,0.873078949679459,0.0,1590.68,1590.68,0.873078949679459,9.171688461436469,0.0014490208132080442,0.8033722666198296,0.9453333333333334,16.8,34.537163316578926,14.589221401837763,0.07136053370932648,0.8730109480962723,0.8932038834951457,0.75,0.865979381443299,0.8730109480962723,0.8932038834951457,0.75,0.865979381443299,0.8455485532586793,B_energy,ours_b,5,1.0,0.4,1.0,0.25,True,1.0,0.3,30
energy,0.8,0.926121893387196,0.18819706683059628,1687.32,1374.12,0.7542153332747871,9.738011151250943,0.2043338895231404,0.7486607534908228,1.0,0.0,17.88583750599529,16.43114097572874,0.005853010798514403,0.9260892690926821,0.9514563106796117,0.65,0.9175257731958762,0.754133238774877,0.7864077669902912,0.55,0.7319587628865979,0.7056249421629415,B_energy,energy,5,0.7,0.4,1.0,0.25,False,1.0,0.3,30
epara_priv,0.8,0.834460349521384,0.0,1520.32,1520.32,0.834460349521384,10.422391667186153,0.17721963642750505,0.8309475717923949,1.0,0.0,29.585265062891242,15.845370499456454,0.006648350317193304,0.8342050441026551,0.8932038834951457,0.7,0.7938144329896907,0.8342050441026551,0.8932038834951457,0.7,0.7938144329896907,0.8053058401468729,B_energy,epara_priv,5,0.7,0.4,1.0,0.25,False,1.0,0.3,30
ours,0.8,0.8683147448845174,0.0,1582.0,1582.0,0.8683147448845174,9.669026929103529,0.14575832089224555,0.7639413366119259,1.0,0.0,36.88722462565188,15.296400601841784,0.004299647933851187,0.8680909534151855,0.9385113268608414,0.45,0.8350515463917526,0.8680909534151855,0.9385113268608414,0.45,0.8350515463917526,0.7729134566669449,B_energy,ours,5,0.7,0.4,1.0,0.25,False,1.0,0.3,30
ours,0.8,0.8674585053130763,0.0,1580.44,1580.44,0.8674585053130763,9.738308193820673,0.15087380346008605,0.7055853165890928,1.0,0.0,25.926676382462823,15.390811801841943,0.010246368777263396,0.8671379814724525,0.919093851132686,0.85,0.8556701030927835,0.8671379814724525,0.919093851132686,0.85,0.8556701030927835,0.8729754839244805,B_energy,ours_c,5,0.7,0.4,1.0,0.0,False,1.0,0.3,30
ours,0.8,0.8158865372793537,0.0,1486.48,1486.48,0.8158865372793537,10.197320247726461,0.09530605075963819,0.860564679019935,1.0,0.0,41.971705613487416,15.158112601840427,0.0015162584119539741,0.81554452373565,0.889967637540453,0.6,0.7835051546391752,0.81554452373565,0.889967637540453,0.6,0.7835051546391752,0.7722543289788196,B_energy,ours_b,5,0.7,0.4,1.0,0.25,False,1.0,0.3,30
epara_priv,0.8,0.7273645385088259,0.0,1325.2,1325.2,0.7273645385088259,9.583617280256501,0.02072538860103627,1.06544744006323,0.752,81.60000000000001,36.162629227670685,12.700209619795915,0.017650374865137698,0.7270511058906963,0.7831715210355987,0.65,0.711340206185567,0.7270511058906963,0.7831715210355987,0.65,0.711340206185567,0.7178907082779655,B_energy,epara_priv,5,0.7,0.4,1.0,0.25,True,1.0,0.3,30
energy,0.8,0.49380872925265656,0.1727847545446562,899.68,738.64,0.4054184596469658,14.342809715259904,0.010121190831650128,1.4523140423289715,0.6920000000000001,91.2,32.838856865626994,12.90393904462503,0.007608063093432731,0.49120163113337173,0.8252427184466019,0.4,0.6701030927835051,0.4036833473693542,0.6343042071197411,0.35,0.4948453608247423,0.4707082288284594,B_energy,energy,5,0.7,0.4,1.0,0.25,True,1.0,0.3,30
ours,0.8,0.70163344164398,0.0,1278.32,1278.32,0.70163344164398,10.917250416417739,0.016883287959954335,1.1664837094932818,0.7493333333333334,93.60000000000001,47.669344237668064,13.955739552315125,0.005113066024464407,0.7003014050795621,0.8705501618122977,0.55,0.8144329896907216,0.7003014050795621,0.8705501618122977,0.55,0.8144329896907216,0.7338211391456453,B_energy,ours,5,0.7,0.4,1.0,0.25,True,1.0,0.3,30
ours,0.8,0.6909414244313691,0.0,1258.84,1258.84,0.6909414244313691,10.404769796992166,0.01499516993062264,1.1374374286467024,0.7213333333333333,88.8,48.51643695932736,13.097940411245618,0.006928023418657469,0.6901954700589513,0.7896440129449838,0.5,0.7628865979381443,0.6901954700589513,0.7896440129449838,0.5,0.7628865979381443,0.6856815202355199,B_energy,ours_b,5,0.7,0.4,1.0,0.25,True,1.0,0.3,30
ours,0.8,0.47797927461139894,0.0,870.84,870.84,0.47797927461139894,15.679554616967177,0.007552472117326776,1.1288969877930974,0.684,91.2,41.27522690891173,13.654383342639697,0.013812622292400193,0.47568813439120605,0.7475728155339806,0.5,0.6804123711340206,0.47568813439120605,0.7475728155339806,0.5,0.6804123711340206,0.6009183302648018,B_energy,ours_c,5,0.7,0.4,1.0,0.0,True,1.0,0.3,30
energy,0.8,0.34111267234565734,0.20005269166593484,621.48,507.2,0.27838763502239394,28.348463950142946,0.14345306050759637,1.3300254676385352,1.0,0.0,31.691987273492593,17.618003375734837,0.0,0.3381942289792119,0.7831715210355987,0.25,0.30927835051546393,0.2759629449049244,0.6504854368932039,0.15,0.24742268041237114,0.33096776555262486,B_energy,energy,5,0.5,0.4,1.0,0.25,False,1.0,0.3,30
epara_priv,0.8,0.4857073856151752,0.0,884.92,884.92,0.4857073856151752,18.96270019345471,0.16633002546763853,1.2063098269956969,1.0,0.0,42.51356158019939,16.780472655191943,0.0007568560294788183,0.48360001772971056,0.8122977346278317,0.15,0.4948453608247423,0.48360001772971056,0.8122977346278317,0.15,0.4948453608247423,0.48518577829557114,B_energy,epara_priv,5,0.5,0.4,1.0,0.25,False,1.0,0.3,30
ours,0.8,0.45747343461842455,0.0,833.48,833.48,0.45747343461842455,19.927205214103004,0.18760428558882936,1.260450513743743,1.0,0.0,51.53293555324101,16.608927001850574,0.0,0.45481140020389166,0.8640776699029126,0.2,0.4536082474226804,0.45481140020389166,0.8640776699029126,0.2,0.4536082474226804,0.49312432938237116,B_energy,ours,5,0.5,0.4,1.0,0.25,False,1.0,0.3,30
ours,0.8,0.4787916044612277,0.0,872.32,872.32,0.4787916044612277,19.062794160227075,0.19970141389303592,1.2470141389303593,1.0,0.0,55.45321245348339,16.628856601849282,0.0,0.47641948495190817,0.8576051779935275,0.3,0.41237113402061853,0.47641948495190817,0.8576051779935275,0.3,0.41237113402061853,0.5115989492415135,B_energy,ours_b,5,0.5,0.4,1.0,0.25,False,1.0,0.3,30
ours,0.8,0.4132782998155792,0.0,752.96,752.96,0.4132782998155792,22.089015031411872,0.16914024765082988,1.030561166242206,1.0,0.0,40.69650783528983,16.632144758051883,0.0,0.41106333939098444,0.7637540453074434,0.25,0.36082474226804123,0.41106333939098444,0.7637540453074434,0.25,0.36082474226804123,0.44641053174161727,B_energy,ours_c,5,0.5,0.4,1.0,0.0,False,1.0,0.3,30
epara_priv,0.8,0.6416966716431017,0.0,1169.12,1169.12,0.6416966716431017,8.584364014630074,0.029485378062703082,1.2910994994291736,0.5146666666666667,148.8,43.4660822292934,10.03615165678431,0.0,0.6420814680200345,0.5922330097087378,0.5,0.6494845360824743,0.6420814680200345,0.5922330097087378,0.5,0.6494845360824743,0.5959497534528116,B_energy,epara_priv,5,0.5,0.4,1.0,0.25,True,1.0,0.3,30
energy,0.8,0.3662070782471239,0.13963291472732062,667.2,536.6,0.29452445771493807,14.846118489181913,0.016049003249319398,1.601782734697462,0.44533333333333325,163.20000000000002,35.52277918770905,9.905330255982172,0.0,0.36359203935995743,0.7055016181229773,0.25,0.5257731958762887,0.2925402242808386,0.5566343042071198,0.15,0.41237113402061853,0.3528864156271442,B_energy,energy,5,0.5,0.4,1.0,0.25,True,1.0,0.3,30
ours,0.8,0.33222095371915344,0.0,605.28,605.28,0.33222095371915344,16.860640140125316,0.00979186791955739,1.6139676824448932,0.4346666666666667,158.4,58.174024357101764,10.20540826401505,0.0,0.3299277514294579,0.6084142394822006,0.35,0.5154639175257731,0.3299277514294579,0.6084142394822006,0.35,0.5154639175257731,0.4509514771093579,B_energy,ours,5,0.5,0.4,1.0,0.25,True,1.0,0.3,30
ours,0.8,0.44502502854131903,0.0,810.8,810.8,0.44502502854131903,12.328282816050823,0.012843593571616756,1.5232062878721349,0.41866666666666674,156.0,61.6970538464691,9.995771707254008,0.0,0.44412924959000044,0.5307443365695793,0.35,0.6082474226804123,0.44412924959000044,0.5307443365695793,0.35,0.6082474226804123,0.48328025220999804,B_energy,ours_b,5,0.5,0.4,1.0,0.25,True,1.0,0.3,30
ours,0.8,0.31232984982875206,0.0,569.04,569.04,0.31232984982875206,18.68208176349453,0.0077281110037762364,1.1043294985509793,0.47200000000000003,158.4,43.833007889118726,10.63085180669893,0.0,0.310114799875892,0.5631067961165048,0.5,0.5051546391752577,0.310114799875892,0.5631067961165048,0.5,0.5051546391752577,0.4695940587919136,B_energy,ours_c,5,0.5,0.4,1.0,0.0,True,1.0,0.3,30
energy,0.8,0.23542197242469481,0.20068938262931413,428.92,350.96,0.19263194871344516,43.10446744320289,0.1461974181083692,1.3401027487485728,1.0,0.0,33.874338019539756,18.488368175738586,0.0,0.23245866761225123,0.6666666666666666,0.3,0.2268041237113402,0.19004033509152962,0.5663430420711975,0.3,0.18556701030927836,0.31048759686800137,B_energy,energy,5,0.35,0.4,1.0,0.25,False,1.0,0.3,30
epara_priv,0.8,0.43622112935803986,0.0,794.76,794.76,0.43622112935803986,22.205024455944898,0.253732326337051,1.31906999209625,1.0,0.0,45.149739861140006,17.647665236606766,0.0,0.433624396081734,0.8640776699029126,0.2,0.32989690721649484,0.433624396081734,0.8640776699029126,0.2,0.32989690721649484,0.4568997433002853,B_energy,epara_priv,5,0.35,0.4,1.0,0.25,False,1.0,0.3,30
ours,0.8,0.2754237288135593,0.0,501.8,501.8,0.2754237288135593,34.747074933942834,0.15838236585580048,1.2926363396856064,1.0,0.0,55.63651625460931,17.436082201852514,0.0,0.27223970568680467,0.7508090614886731,0.1,0.27835051546391754,0.27223970568680467,0.7508090614886731,0.1,0.27835051546391754,0.3503498206598489,B_energy,ours,5,0.35,0.4,1.0,0.25,False,1.0,0.3,30
ours,0.8,0.2811978572055853,0.0,512.32,512.32,0.2811978572055853,34.04198118724825,0.1821814349697023,1.294765961183806,1.0,0.0,61.18526019087375,17.440387801851024,0.0,0.27813483444882764,0.7508090614886731,0.25,0.21649484536082475,0.27813483444882764,0.7508090614886731,0.25,0.21649484536082475,0.37385968532458136,B_energy,ours_b,5,0.35,0.4,1.0,0.25,False,1.0,0.3,30
ours,0.8,0.3550540089575832,0.0,646.88,646.88,0.3550540089575832,26.44755002172622,0.19700096601387548,0.9862123474137174,1.0,0.0,39.88561951315212,17.108391158054257,0.0,0.3529763751606755,0.686084142394822,0.25,0.28865979381443296,0.3529763751606755,0.686084142394822,0.25,0.28865979381443296,0.39443007784248263,B_energy,ours_c,5,0.35,0.4,1.0,0.0,False,1.0,0.3,30
energy,0.8,0.2066391499077896,0.08006937736014753,376.48,307.76,0.16892069904276807,19.931086434954004,0.005576534644770352,1.770813208044261,0.21866666666666665,213.6,40.09013600672538,7.503655421031483,0.0,0.20480031913479013,0.4110032362459547,0.35,0.38144329896907214,0.16759008909179557,0.343042071197411,0.3,0.20618556701030927,0.25420443182487895,B_energy,energy,5,0.35,0.4,1.0,0.25,True,1.0,0.3,30
epara_priv,0.8,0.47112935803987005,0.0,858.36,858.36,0.47112935803987005,7.939170342099872,0.01455607271449899,1.5038860103626943,0.35733333333333334,177.6,52.391324440547315,6.814666254844846,0.0,0.47130003102699347,0.4692556634304207,0.25,0.44329896907216493,0.47130003102699347,0.4692556634304207,0.25,0.44329896907216493,0.4084636658823948,B_energy,epara_priv,5,0.35,0.4,1.0,0.25,True,1.0,0.3,30
epara,0.8,0.9734346184245192,0.0,1773.52,1773.52,0.9734346184245192,8.85274943373894,0.055260384649161325,0.6648151400720119,1.0,0.0,14.719017339357281,15.700528175724683,0.06056730181749081,0.9734275962944905,0.9805825242718447,0.8,0.9896907216494846,0.9734275962944905,0.9805825242718447,0.8,0.9896907216494846,0.9359252105539548,C_privacy,epara,5,1.0,0.0,1.0,0.25,False,1.0,0.3,30
ours,0.8,0.26424870466321243,0.0,481.44,481.44,0.26424870466321243,15.588892872767005,0.002876086765609906,1.6914463862299114,0.2053333333333333,218.4,64.22200933231838,7.505116584664946,0.0,0.26224458135720935,0.4886731391585761,0.3,0.4742268041237113,0.26224458135720935,0.4886731391585761,0.3,0.4742268041237113,0.3812861311598742,B_energy,ours,5,0.35,0.4,1.0,0.25,True,1.0,0.3,30
epara_priv,0.8,0.9734346184245192,0.0,1773.52,1773.52,0.9734346184245192,8.85274943373894,0.055260384649161325,0.6648151400720119,1.0,0.0,22.90324525611841,15.700528175724683,0.06056730181749081,0.9734275962944905,0.9805825242718447,0.8,0.9896907216494846,0.9734275962944905,0.9805825242718447,0.8,0.9896907216494846,0.9359252105539548,C_privacy,epara_priv,5,1.0,0.0,1.0,0.25,False,1.0,0.3,30
ours,0.8,0.31312022481777463,0.0,570.48,570.48,0.31312022481777463,12.832293325267207,0.015587951172389567,1.6602924387459383,0.244,216.0,66.72280169192089,7.320566696198435,0.0,0.31175479810292095,0.4563106796116505,0.25,0.5051546391752577,0.31175479810292095,0.4563106796116505,0.25,0.5051546391752577,0.3808050292224573,B_energy,ours_b,5,0.35,0.4,1.0,0.25,True,1.0,0.3,30
ours,0.8,0.210898392904189,0.0,384.24,384.24,0.210898392904189,19.228542490757448,0.003907965223500483,1.0784227627996839,0.24933333333333332,213.6,47.03148140457273,7.388375166648641,0.0,0.20896680111697177,0.4336569579288026,0.25,0.3917525773195876,0.20896680111697177,0.4336569579288026,0.25,0.3917525773195876,0.3210940840913405,B_energy,ours_c,5,0.35,0.4,1.0,0.0,True,1.0,0.3,30
epara,0.8,0.9734346184245192,0.10623957144111706,1773.52,1584.84,0.8698735400017564,8.85274943373894,0.055260384649161325,0.6648151400720119,1.0,0.0,15.328372499758697,15.700528175724683,0.06056730181749081,0.9734275962944905,0.9805825242718447,0.8,0.9896907216494846,0.8697087895040113,0.8932038834951457,0.8,0.8865979381443299,0.8623776527858718,C_privacy,epara,5,1.0,0.2,1.0,0.25,False,1.0,0.3,30
epara_priv,0.8,0.9333889523140423,0.0,1700.56,1700.56,0.9333889523140423,9.278010170605576,0.056402037411082816,0.7174628962852375,1.0,0.0,28.21628405546083,15.777812975725016,0.08506687548966196,0.9330925047648597,0.9805825242718447,0.8,0.9484536082474226,0.9330925047648597,0.9805825242718447,0.8,0.9484536082474226,0.9155321593210317,C_privacy,tera,5,1.0,0.0,1.0,0.25,False,1.0,0.3,30
epara,0.8,0.9734346184245192,0.21983402125230525,1773.52,1384.0,0.7596381838939141,8.85274943373894,0.055260384649161325,0.6648151400720119,1.0,0.0,14.122341751618631,15.700528175724683,0.06056730181749081,0.9734275962944905,0.9805825242718447,0.8,0.9896907216494846,0.7593635033908072,0.7928802588996764,0.75,0.7835051546391752,0.7714372292324146,C_privacy,epara,5,1.0,0.4,1.0,0.25,False,1.0,0.3,30
epara_priv,0.8,0.9173399490647229,0.0,1671.32,1671.32,0.9173399490647229,9.172681400133259,0.03255905857556863,0.7128084657943269,1.0,0.0,25.619287170725414,15.330485877670718,0.05599181086494321,0.9171357652586322,0.9449838187702265,0.9,0.9278350515463918,0.9171357652586322,0.9449838187702265,0.9,0.9278350515463918,0.9224886588938126,C_privacy,epara_priv,5,1.0,0.2,1.0,0.25,False,1.0,0.3,30
epara_priv,0.8,0.8875032932291209,0.0,1616.96,1616.96,0.8875032932291209,9.121360780427386,0.0471370861508738,0.6996575041714236,1.0,0.0,26.85824323551827,14.748875527519864,0.08086340547902116,0.8876157971721111,0.8964401294498382,0.75,0.8350515463917526,0.8876157971721111,0.8964401294498382,0.75,0.8350515463917526,0.8422768682534255,C_privacy,epara_priv,5,1.0,0.4,1.0,0.25,False,1.0,0.3,30
epara_priv,0.8,0.9163080706068324,0.0,1669.44,1669.44,0.9163080706068324,9.296906913498997,0.06524984631597436,0.7291648370949328,1.0,0.0,30.092892777565837,15.520628277671765,0.06434739710668219,0.916160631177696,0.9514563106796117,0.75,0.9072164948453608,0.916160631177696,0.9514563106796117,0.75,0.9072164948453608,0.8812083591756671,C_privacy,tera,5,1.0,0.2,1.0,0.25,False,1.0,0.3,30
epara,0.8,0.9734346184245192,0.32969614472644243,1773.52,1189.36,0.6528058312110301,8.85274943373894,0.055260384649161325,0.6648151400720119,1.0,0.0,14.638857152990635,15.700528175724683,0.06056730181749081,0.9734275962944905,0.9805825242718447,0.8,0.9896907216494846,0.6522317273170516,0.7152103559870551,0.75,0.7010309278350515,0.7046182527847895,C_privacy,epara,5,1.0,0.6,1.0,0.25,False,1.0,0.3,30
epara_priv,0.8,0.9007640291560551,0.0,1641.12,1641.12,0.9007640291560551,8.97136414614386,0.042680249407218755,0.610915956792834,1.0,0.0,27.726132427325826,14.72308512751961,0.07840115676494881,0.9006471344355303,0.941747572815534,0.85,0.8350515463917526,0.9006471344355303,0.941747572815534,0.85,0.8350515463917526,0.8818615634107043,C_privacy,tera,5,1.0,0.4,1.0,0.25,False,1.0,0.3,30
epara_priv,0.8,0.7709010274874857,0.0,1404.52,1404.52,0.7709010274874857,10.042512445778264,0.016444190743830685,0.7306358127689471,1.0,0.0,29.72203826236827,14.104909580344488,0.09298742681308891,0.7702894375249324,0.8511326860841424,0.9,0.7731958762886598,0.7702894375249324,0.8511326860841424,0.9,0.7731958762886598,0.8236544999744336,C_privacy,epara_priv,5,1.0,0.6,1.0,0.25,False,1.0,0.3,30
epara,0.8,0.9734346184245192,0.44232458066215863,1773.52,989.68,0.5432071660665672,8.85274943373894,0.055260384649161325,0.6648151400720119,1.0,0.0,14.442916704284814,15.700528175724683,0.06056730181749081,0.9734275962944905,0.9805825242718447,0.8,0.9896907216494846,0.542506981073534,0.6213592233009708,0.75,0.5773195876288659,0.6227964480008428,C_privacy,epara,5,1.0,0.8,1.0,0.25,False,1.0,0.3,30
epara_priv,0.8,0.8444059014665847,0.0,1538.44,1538.44,0.8444059014665847,9.141372156337308,0.03870641960129973,0.5712654781768683,1.0,0.0,27.0577515819397,14.063452580195566,0.06680198166473608,0.8443331412614689,0.8640776699029126,0.9,0.8041237113402062,0.8443331412614689,0.8640776699029126,0.9,0.8041237113402062,0.8531336306261469,C_privacy,tera,5,1.0,0.6,1.0,0.25,False,1.0,0.3,30
epara_priv,0.8,0.7592210415385966,0.0,1383.24,1383.24,0.7592210415385966,9.49777932373975,0.03361289189426539,0.6476903486431896,1.0,0.0,27.45905656984193,13.137708271769771,0.16571117958398657,0.75909755773237,0.7928802588996764,0.8,0.7010309278350515,0.75909755773237,0.7928802588996764,0.8,0.7010309278350515,0.7632521861167745,C_privacy,epara_priv,5,1.0,0.8,1.0,0.25,False,1.0,0.3,30
epara_priv,0.8,0.7884868709932379,0.0,1436.56,1436.56,0.7884868709932379,9.322663663187479,0.04740054448054799,0.6266575919908668,1.0,0.0,30.807821118742496,13.392565711988604,0.1329141827472969,0.7883515801604539,0.8284789644012945,0.75,0.7319587628865979,0.7883515801604539,0.8284789644012945,0.75,0.7319587628865979,0.7746973268620866,C_privacy,tera,5,1.0,0.8,1.0,0.25,False,1.0,0.3,30
ours,0.8,0.6416966716431017,0.0,1169.12,1169.12,0.6416966716431017,8.584364014630074,0.029485378062703082,1.2910994994291736,0.5146666666666667,148.8,48.52769482132586,10.03615165678431,0.0,0.6420814680200345,0.5922330097087378,0.5,0.6494845360824743,0.6420814680200345,0.5922330097087378,0.5,0.6494845360824743,0.5959497534528116,D_ablate,ours,5,0.5,0.4,0.0,0.0,True,1.0,0.3,30
ours,0.8,0.4857073856151752,0.0,884.92,884.92,0.4857073856151752,18.96270019345471,0.16633002546763853,1.2063098269956969,1.0,0.0,48.35591338301788,16.780472655191943,0.0007568560294788183,0.48360001772971056,0.8122977346278317,0.15,0.4948453608247423,0.48360001772971056,0.8122977346278317,0.15,0.4948453608247423,0.48518577829557114,D_ablate,ours,5,0.5,0.4,0.0,0.0,False,1.0,0.3,30
ours,0.8,0.5976991305875121,0.0,1088.96,1088.96,0.5976991305875121,15.237585036961065,0.222446649688241,1.1521252305260385,1.0,0.0,50.145358336954,16.593120601849122,0.001565759703789033,0.5963388147688489,0.8511326860841424,0.3,0.4845360824742268,0.5963388147688489,0.8511326860841424,0.3,0.4845360824742268,0.5580018958318045,D_ablate,ours,5,0.5,0.4,0.0,0.25,False,1.0,0.3,30
ours,0.8,0.6462413278299816,0.0,1177.4,1177.4,0.6462413278299816,14.252415708505596,0.34785281461315537,1.078312988495653,1.0,0.0,41.941158979868796,16.78079425519449,0.0012302383601672554,0.645029032401046,0.8802588996763754,0.35,0.5257731958762887,0.645029032401046,0.8802588996763754,0.35,0.5257731958762887,0.6002652819884275,D_ablate,ours,5,0.5,0.4,0.5,0.0,False,1.0,0.3,30
ours,0.8,0.6101694915254238,0.0,1111.68,1111.68,0.6101694915254238,8.501666777076442,0.027904628084657945,1.3433959778695004,0.516,144.0,55.58495744924197,9.45113292274034,0.0029304420617507726,0.6104782589424228,0.56957928802589,0.4,0.6391752577319587,0.6104782589424228,0.56957928802589,0.4,0.6391752577319587,0.5548082011750679,D_ablate,ours,5,0.5,0.4,0.0,0.25,True,1.0,0.3,30
ours,0.8,0.5436023535610784,0.0,990.4,990.4,0.5436023535610784,17.023422125611624,0.24578466672521296,1.1697110740317906,1.0,0.0,44.895761385181814,16.859997273205753,0.0,0.5418199547892381,0.8446601941747572,0.25,0.4742268041237113,0.5418199547892381,0.8446601941747572,0.25,0.4742268041237113,0.5276767382719266,D_ablate,ours,5,0.5,0.4,1.0,0.0,False,1.0,0.3,30
ours,0.8,0.5142926143848248,0.0,937.0,937.0,0.5142926143848248,10.803080456466827,0.014578027575305172,1.4430051813471503,0.4373333333333334,163.20000000000002,53.12278032024109,10.122486387709417,0.0,0.5136518771331058,0.5857605177993528,0.4,0.6082474226804123,0.5136518771331058,0.5857605177993528,0.4,0.6082474226804123,0.5269149544032177,D_ablate,ours,5,0.5,0.4,0.5,0.0,True,1.0,0.3,30
ours,0.8,0.3877887064196013,0.0,706.52,706.52,0.3877887064196013,14.651583569053209,0.024194256608413102,1.5459076139457275,0.5026666666666667,151.2,56.33840421418697,10.351636823207473,0.0,0.38579850183945746,0.6440129449838188,0.5,0.4742268041237113,0.38579850183945746,0.6440129449838188,0.5,0.4742268041237113,0.5010095627367469,D_ablate,ours,5,0.5,0.4,1.0,0.0,True,1.0,0.3,30
ours,0.8,0.45747343461842455,0.0,833.48,833.48,0.45747343461842455,19.927205214103004,0.18760428558882936,1.260450513743743,1.0,0.0,54.08403486564612,16.608927001850574,0.0,0.45481140020389166,0.8640776699029126,0.2,0.4536082474226804,0.45481140020389166,0.8640776699029126,0.2,0.4536082474226804,0.49312432938237116,D_ablate,ours,5,0.5,0.4,1.0,0.25,False,1.0,0.3,30
ours,0.8,0.33222095371915344,0.0,605.28,605.28,0.33222095371915344,16.860640140125316,0.00979186791955739,1.6139676824448932,0.4346666666666667,158.4,59.860304053707225,10.20540826401505,0.0,0.3299277514294579,0.6084142394822006,0.35,0.5154639175257731,0.3299277514294579,0.6084142394822006,0.35,0.5154639175257731,0.4509514771093579,D_ablate,ours,5,0.5,0.4,1.0,0.25,True,1.0,0.3,30
ours,0.8,0.48827610432949853,0.0,889.6,889.6,0.48827610432949853,18.64416551139192,0.23061385790814087,1.2629314130148415,1.0,0.0,53.272183275361705,16.58584963893425,0.0,0.4859270422410354,0.8770226537216829,0.3,0.38144329896907214,0.4859270422410354,0.8770226537216829,0.3,0.38144329896907214,0.5110982487329476,D_ablate,ours,5,0.5,0.4,2.0,0.25,False,1.0,0.3,30
ours,0.8,0.3370949328181259,0.0,614.16,614.16,0.3370949328181259,17.15604804116172,0.006762097128304207,1.6060858874154738,0.45733333333333337,158.4,59.69531964222478,10.536558464959883,0.0,0.33438234120827975,0.6699029126213593,0.55,0.4948453608247423,0.33438234120827975,0.6699029126213593,0.55,0.4948453608247423,0.5122826536635954,D_ablate,ours,5,0.5,0.4,2.0,0.25,True,1.0,0.3,30
ours,0.8,0.4458154035303416,0.0,812.24,812.24,0.4458154035303416,20.650868464801707,0.20431193466233424,1.290550627909019,1.0,0.0,57.55688992358403,16.77346140185054,0.0,0.44306546695625193,0.8640776699029126,0.15,0.4536082474226804,0.44306546695625193,0.8640776699029126,0.15,0.4536082474226804,0.47768784607046116,D_ablate,ours,5,0.5,0.4,1.0,0.4,False,1.0,0.3,30
epara_priv,0.8,0.7709010274874857,0.0,1404.52,1404.52,0.7709010274874857,10.042512445778264,0.016444190743830685,0.7306358127689471,1.0,0.0,32.301620948056375,14.104909580344488,0.09298742681308891,0.7702894375249324,0.8511326860841424,0.9,0.7731958762886598,0.7702894375249324,0.8511326860841424,0.9,0.7731958762886598,0.8236544999744336,D_gamma,tera,5,1.0,0.6,1.0,0.25,False,1.0,1.0,30
epara_priv,0.8,0.7982128743303768,0.0,1454.28,1454.28,0.7982128743303768,9.709721773108056,0.03350311759023448,0.6975059278124177,1.0,0.0,31.83107056259549,14.120654180195583,0.09414602498493861,0.7978369753113781,0.8511326860841424,0.8,0.8041237113402062,0.7978369753113781,0.8511326860841424,0.8,0.8041237113402062,0.8132733431839316,D_gamma,tera,5,1.0,0.6,1.0,0.25,False,1.0,0.5,30
ours,0.8,0.3915429876174585,0.0,713.36,713.36,0.3915429876174585,14.194583035108568,0.01402915605515061,1.520461930271362,0.43733333333333335,170.39999999999998,63.61740080104372,10.125847753925049,0.0,0.38983201099242054,0.6051779935275081,0.35,0.5154639175257731,0.38983201099242054,0.6051779935275081,0.35,0.5154639175257731,0.46511848051142546,D_ablate,ours,5,0.5,0.4,1.0,0.4,True,1.0,0.3,30
rr,0.8,0.7165188372705718,0.19241240010538332,1305.44,1064.52,0.5842847106349346,12.011061539193015,0.024150346886800737,1.1652761921489418,1.0,0.0,1.4589746255129061,15.67972017572413,0.06433866102931757,0.7154824697486813,0.86084142394822,0.6,0.7628865979381443,0.5831966668144143,0.7313915857605178,0.5,0.6391752577319587,0.6134408775767227,E_stale,rr,5,1.0,0.4,1.0,0.25,False,0.1,0.3,30
epara_priv,0.8,0.8444059014665847,0.0,1538.44,1538.44,0.8444059014665847,9.141372156337308,0.03870641960129973,0.5712654781768683,1.0,0.0,27.343930864697516,14.063452580195566,0.06680198166473608,0.8443331412614689,0.8640776699029126,0.9,0.8041237113402062,0.8443331412614689,0.8640776699029126,0.9,0.8041237113402062,0.8531336306261469,D_gamma,tera,5,1.0,0.6,1.0,0.25,False,1.0,0.3,30
epara_priv,0.8,0.795227013260736,0.0,1448.84,1448.84,0.795227013260736,9.726605960765504,0.03359093703345921,0.6656055150610345,1.0,0.0,30.93759564490915,14.092295780195492,0.11141420229465271,0.7949780594831789,0.8381877022653722,0.85,0.7628865979381443,0.7949780594831789,0.8381877022653722,0.85,0.7628865979381443,0.8115130899216739,D_gamma,tera,5,1.0,0.6,1.0,0.25,False,1.0,0.1,30
epara,0.8,0.9514578027575306,0.19078774040572583,1733.48,1404.2,0.7707253886010362,9.044338195840089,0.053569860367085276,0.6718846052516027,1.0,0.0,14.644399615300665,15.678179375724879,0.0652864235281506,0.951354106644209,0.9579288025889967,0.95,0.979381443298969,0.7704002482159479,0.8220064724919094,0.75,0.7628865979381443,0.7763233296615004,E_stale,epara,5,1.0,0.4,1.0,0.25,False,0.1,0.3,30
rr,1.0,0.2986281105260377,0.21118996882869873,678.28,530.88,0.23373192680908017,30.44856439067629,0.01771657010020605,1.689625416057623,1.0,0.0,2.0053205748540135,20.652652254907913,0.07799628849260352,0.2964555387758728,0.6458333333333334,0.15384615384615385,0.3902439024390244,0.23194456782446476,0.5208333333333334,0.1282051282051282,0.3008130081300813,0.2954490093732519,E_stale,rr,5,1.0,0.4,1.0,0.25,False,0.1,0.3,30
rr,0.8,0.7165188372705718,0.19241240010538332,1305.44,1064.52,0.5842847106349346,12.011061539193015,0.024150346886800737,1.1652761921489418,1.0,0.0,1.4635728418294023,15.67972017572413,0.06433866102931754,0.7154824697486813,0.86084142394822,0.6,0.7628865979381443,0.5831966668144143,0.7313915857605178,0.5,0.6391752577319587,0.6134408775767227,E_stale,rr,5,1.0,0.4,1.0,0.25,False,0.25,0.3,30
epara_priv,0.8,0.8507947659611838,0.0,1550.08,1550.08,0.8507947659611838,9.605142596321997,0.016971107403179062,0.7316457363660315,1.0,0.0,26.69552609368948,14.888739435706803,0.06873625757179709,0.8502725942998981,0.9320388349514563,0.8,0.845360824742268,0.8502725942998981,0.9320388349514563,0.8,0.845360824742268,0.8569180634984057,E_stale,epara_priv,5,1.0,0.4,1.0,0.25,False,0.1,0.3,30
epara,1.0,0.1270274554003839,0.19232868992480143,288.52,237.0,0.10434461018262509,71.31673178603926,0.0017082577532007818,0.5375904760227533,1.0,0.0,17.13343383435192,20.576303454908047,0.06159987466532949,0.12466909478546682,0.5119047619047619,0.1794871794871795,0.13821138211382114,0.10253175801723372,0.40476190476190477,0.10256410256410256,0.11382113821138211,0.18091972588865576,E_stale,epara,5,1.0,0.4,1.0,0.25,False,0.1,0.3,30
epara,0.8,0.9950162465969966,0.199108632651269,1812.84,1452.0,0.7969614472644243,8.710762877984079,0.05539211381399842,0.552823395099675,1.0,0.0,12.064733323511385,15.791219375724657,0.07335778956719588,0.9950800053189132,0.9870550161812298,0.95,1.0,0.7967510305394264,0.8284789644012945,0.85,0.7835051546391752,0.814683787394974,E_stale,epara,5,1.0,0.4,1.0,0.25,False,0.25,0.3,30
epara_priv,0.8,0.9045841749363309,0.0,1648.08,1648.08,0.9045841749363309,9.051554095740865,0.05308685342934926,0.6260428558882937,1.0,0.0,22.859088397063292,14.917685274108603,0.06245524028026978,0.9044590222064625,0.941747572815534,0.8,0.865979381443299,0.9044590222064625,0.941747572815534,0.8,0.865979381443299,0.878046494116324,E_stale,epara_priv,5,1.0,0.4,1.0,0.25,False,0.25,0.3,30
rr,0.8,0.7165188372705718,0.19241240010538332,1305.44,1064.52,0.5842847106349346,12.011061539193015,0.024150346886800737,1.1652761921489418,1.0,0.0,1.418901476022513,15.67972017572413,0.06433866102931761,0.7154824697486813,0.86084142394822,0.6,0.7628865979381443,0.5831966668144143,0.7313915857605178,0.5,0.6391752577319587,0.6134408775767227,E_stale,rr,5,1.0,0.4,1.0,0.25,False,0.5,0.3,30
epara_priv,1.0,0.15044995861437402,0.0,341.72,341.72,0.15044995861437402,52.57626445469521,0.0016202032298399168,0.8378564006833031,1.0,0.0,39.10516204398084,17.96636108945845,0.05093028581920509,0.14725059962689882,0.6666666666666666,0.1282051282051282,0.21138211382113822,0.14725059962689882,0.6666666666666666,0.1282051282051282,0.21138211382113822,0.28837612707995797,E_stale,epara_priv,5,1.0,0.4,1.0,0.25,False,0.1,0.3,30
rr,1.0,0.2986281105260377,0.21118996882869873,678.28,530.88,0.23373192680908017,30.44856439067629,0.01771657010020605,1.689625416057623,1.0,0.0,1.9649380031369994,20.652652254907913,0.07799628849260352,0.2964555387758728,0.6458333333333334,0.15384615384615385,0.3902439024390244,0.23194456782446476,0.5208333333333334,0.1282051282051282,0.3008130081300813,0.2954490093732519,E_stale,rr,5,1.0,0.4,1.0,0.25,False,0.25,0.3,30
epara,0.8,0.9915254237288136,0.1900632299991218,1806.48,1463.16,0.8030868534293493,8.684658881208081,0.059212259594274175,0.5373232633705103,1.0,0.0,11.610736950634909,15.688662575724775,0.0709659256831921,0.9916670360356368,0.9838187702265372,0.75,1.0,0.803000753512699,0.8284789644012945,0.5,0.8247422680412371,0.7390554964888076,E_stale,epara,5,1.0,0.4,1.0,0.25,False,0.5,0.3,30
epara,1.0,0.15772326224398148,0.18507299719986617,358.24,292.92,0.12896465491432296,57.80037811218436,0.001655425039184263,0.7232622439814733,1.0,0.0,19.59455354119837,20.706407454908927,0.04582222774640959,0.15522785822155102,0.5625,0.10256410256410256,0.21138211382113822,0.12696100204317315,0.4583333333333333,0.07692307692307693,0.16260162601626016,0.2062047595789609,E_stale,epara,5,1.0,0.4,1.0,0.25,False,0.25,0.3,30
epara_priv,1.0,0.2410932849620485,0.0,547.6,547.6,0.2410932849620485,33.07660272302486,0.0012151524223799376,0.9735836429917405,1.0,0.0,41.99628441499019,18.112747651128416,0.056049568023364964,0.2382339877409612,0.7142857142857143,0.1794871794871795,0.2764227642276423,0.2382339877409612,0.7142857142857143,0.1794871794871795,0.2764227642276423,0.35210741143537433,E_stale,epara_priv,5,1.0,0.4,1.0,0.25,False,0.25,0.3,30
rr,1.0,0.2986281105260377,0.21118996882869873,678.28,530.88,0.23373192680908017,30.44856439067629,0.01771657010020605,1.689625416057623,1.0,0.0,1.9530784121716607,20.652652254907913,0.0779962884926035,0.2964555387758728,0.6458333333333334,0.15384615384615385,0.3902439024390244,0.23194456782446476,0.5208333333333334,0.1282051282051282,0.3008130081300813,0.2954490093732519,E_stale,rr,5,1.0,0.4,1.0,0.25,False,0.5,0.3,30
epara_priv,0.8,0.866097303943093,0.0,1577.96,1577.96,0.866097303943093,9.465801357008088,0.045402652147185384,0.723171160094845,1.0,0.0,26.358301527103386,14.936655909304482,0.08094629631848271,0.8657196046274545,0.919093851132686,0.85,0.8762886597938144,0.8657196046274545,0.919093851132686,0.85,0.8762886597938144,0.8777755288884888,E_stale,epara_priv,5,1.0,0.4,1.0,0.25,False,0.5,0.3,30
rr,0.8,0.7165188372705718,0.19241240010538332,1305.44,1064.52,0.5842847106349346,12.011061539193015,0.024150346886800737,1.1652761921489418,1.0,0.0,1.3914319809477163,15.67972017572413,0.06433866102931765,0.7154824697486813,0.86084142394822,0.6,0.7628865979381443,0.5831966668144143,0.7313915857605178,0.5,0.6391752577319587,0.6134408775767227,E_stale,rr,5,1.0,0.4,1.0,0.25,False,1.0,0.3,30
epara,0.8,0.9734346184245192,0.2146526741020462,1773.52,1393.0,0.7645780275753051,8.85274943373894,0.055260384649161325,0.6648151400720119,1.0,0.0,14.875843750455624,15.700528175724683,0.06056730181749081,0.9734275962944905,0.9805825242718447,0.8,0.9896907216494846,0.764305660210097,0.7993527508090615,0.75,0.7835051546391752,0.7742908914145834,E_stale,epara,5,1.0,0.4,1.0,0.25,False,1.0,0.3,30
epara,1.0,0.1601887888980857,0.20823133684377365,363.84,294.88,0.12982758924325943,56.973916707644214,0.0021661412746772804,0.7628691685891904,1.0,0.0,20.957695580750006,20.729389854909268,0.04748675221863152,0.1581949009505197,0.4880952380952381,0.07692307692307693,0.2032520325203252,0.12831127298569778,0.3869047619047619,0.02564102564102564,0.15447154471544716,0.17383215131173313,E_stale,epara,5,1.0,0.4,1.0,0.25,False,0.5,0.3,30
epara_priv,1.0,0.34788581089410564,0.0,790.16,790.16,0.34788581089410564,22.97153440981182,0.0050543296409136535,1.122554285613652,1.0,0.0,43.288986194865096,18.15118762925691,0.04650250321772927,0.3451541263214,0.7529761904761905,0.3333333333333333,0.4959349593495935,0.3451541263214,0.7529761904761905,0.3333333333333333,0.4959349593495935,0.4818496523701293,E_stale,epara_priv,5,1.0,0.4,1.0,0.25,False,0.5,0.3,30
rr,1.0,0.2986281105260377,0.21118996882869873,678.28,530.88,0.23373192680908017,30.44856439067629,0.01771657010020605,1.689625416057623,1.0,0.0,1.9648772503068257,20.652652254907913,0.07799628849260348,0.2964555387758728,0.6458333333333334,0.15384615384615385,0.3902439024390244,0.23194456782446476,0.5208333333333334,0.1282051282051282,0.3008130081300813,0.2954490093732519,E_stale,rr,5,1.0,0.4,1.0,0.25,False,1.0,0.3,30
epara_priv,0.8,0.8735400017563889,0.0,1591.52,1591.52,0.8735400017563889,9.277302077158119,0.035237551593922896,0.711732677614824,1.0,0.0,26.442682117364818,14.765011801838689,0.06872882960713039,0.8733655423075218,0.9061488673139159,0.85,0.8556701030927835,0.8733655423075218,0.9061488673139159,0.85,0.8556701030927835,0.8712961281785553,E_stale,epara_priv,5,1.0,0.4,1.0,0.25,False,1.0,0.3,30
rr,0.8,0.7165188372705718,0.19241240010538332,1305.44,1064.52,0.5842847106349346,12.011061539193015,0.024150346886800737,1.1652761921489418,1.0,0.0,1.4261479985798826,15.67972017572413,0.06433866102931765,0.7154824697486813,0.86084142394822,0.6,0.7628865979381443,0.5831966668144143,0.7313915857605178,0.5,0.6391752577319587,0.6134408775767227,E_stale,rr,5,1.0,0.4,1.0,0.25,False,2.0,0.3,30
epara,0.8,0.9327083516290506,0.20780275753051725,1699.32,1349.08,0.7404715904101168,9.251418317753407,0.05264775621322561,0.8210678844296128,1.0,0.0,17.052750716724105,15.721120175724717,0.07119196855380369,0.9328708833828288,0.9255663430420712,0.55,0.9587628865979382,0.7403483888125526,0.7669902912621359,0.45,0.7731958762886598,0.6826336390908371,E_stale,epara,5,1.0,0.4,1.0,0.25,False,2.0,0.3,30
epara,1.0,0.2125812302978004,0.20014793159924626,482.84,398.76,0.17556310867689273,43.1258575406134,0.0017258686578729549,1.00753746719969,1.0,0.0,24.842296188225866,20.82288905490978,0.08560740027866667,0.21058896686506173,0.5,0.38461538461538464,0.2845528455284553,0.17406058452518433,0.40476190476190477,0.20512820512820512,0.22764227642276422,0.2528982427095146,E_stale,epara,5,1.0,0.4,1.0,0.25,False,1.0,0.3,30
local,0.4,0.6075847229693384,0.16283716283716285,632.52,512.28,0.4920848382386844,14.661531294147286,0.0011526934603857681,0.0,1.0,0.0,0.0,9.273711774174041,0.41891915140959235,0.6074117190531626,0.6593406593406593,0.36363636363636365,0.5714285714285714,0.4920838183934808,0.5164835164835165,0.36363636363636365,0.4444444444444444,0.45416203573945135,A_load,local,6,1.0,0.4,1.0,0.25,False,1.0,0.3,30
rr,0.4,0.9958118804272651,0.1853531084300315,1036.68,844.52,0.8112272343041573,8.928446747476533,0.0,0.24683009298393913,1.0,0.0,0.32091689269510326,9.255942174173974,0.3637170476470507,0.995964299573147,0.989010989010989,0.8181818181818182,0.9841269841269841,0.8116414435389988,0.7747252747252747,0.7272727272727273,0.7619047619047619,0.7688860518604408,A_load,rr,6,1.0,0.4,1.0,0.25,False,1.0,0.3,30
epara_priv,1.0,0.38023704277688747,0.0,863.64,863.64,0.38023704277688747,21.034601615106016,0.007590299913706567,1.1387210961027068,1.0,0.0,42.451359749242116,18.166323338870157,0.06526998548787784,0.3780758639069024,0.7023809523809523,0.28205128205128205,0.5203252032520326,0.3780758639069024,0.7023809523809523,0.28205128205128205,0.5203252032520326,0.4707083253977923,E_stale,epara_priv,5,1.0,0.4,1.0,0.25,False,1.0,0.3,30
rr,1.0,0.2986281105260377,0.21118996882869873,678.28,530.88,0.23373192680908017,30.44856439067629,0.01771657010020605,1.689625416057623,1.0,0.0,1.9392365582913873,20.652652254907913,0.0779962884926035,0.2964555387758728,0.6458333333333334,0.15384615384615385,0.3902439024390244,0.23194456782446476,0.5208333333333334,0.1282051282051282,0.3008130081300813,0.2954490093732519,E_stale,rr,5,1.0,0.4,1.0,0.25,False,2.0,0.3,30
rr_g,0.4,0.9986551909628832,0.1803965265503727,1039.64,852.24,0.8186428955659725,8.904106588986563,0.000999000999000999,0.18731268731268733,1.0,0.0,0.1397131711249432,9.25706537417399,0.37828856813848943,0.9986418315871168,1.0,1.0,1.0,0.818975552968568,0.7857142857142857,0.8181818181818182,0.7777777777777778,0.8001623586606125,A_load,rr_g,6,1.0,0.4,1.0,0.25,False,1.0,0.3,30
epara_priv,0.8,0.8391147800122947,0.0,1528.8,1528.8,0.8391147800122947,9.722619467128133,0.02873891279529288,0.8288399051550013,1.0,0.0,30.170259099641996,14.863940641345492,0.0647600340574422,0.8387926067106954,0.883495145631068,0.8,0.8556701030927835,0.8387926067106954,0.883495145631068,0.8,0.8556701030927835,0.8444894638586367,E_stale,epara_priv,5,1.0,0.4,1.0,0.25,False,2.0,0.3,30
epara,0.4,0.999615768846538,0.181856604933528,1040.64,851.4,0.8178360101437024,8.894470877704078,0.0,0.1784369476677169,1.0,0.0,3.9404311766518214,9.255942174173974,0.36563261235000755,0.9996119518820333,1.0,1.0,1.0,0.8180442374854482,0.7967032967032966,0.8181818181818182,0.7936507936507936,0.8066450365053391,A_load,epara,6,1.0,0.4,1.0,0.25,False,1.0,0.3,30
epara_priv,0.4,0.9930838392376854,0.0,1033.84,1033.84,0.9930838392376854,8.937489528528651,0.004418658264812111,0.3496887727656958,1.0,0.0,12.204143160554434,9.239934174174062,0.36407141931130393,0.9931315483119907,0.9835164835164835,1.0,1.0,0.9931315483119907,0.9835164835164835,1.0,1.0,0.9941620079571185,A_load,epara_priv,6,1.0,0.4,1.0,0.25,False,1.0,0.3,30
epara,1.0,0.24894774844583767,0.2076853987989363,565.44,461.08,0.20300089815613828,36.671077134460724,0.007572689009034394,1.033900991493933,1.0,0.0,25.18157468632719,20.73529385490947,0.060404542036671297,0.24734831660300258,0.47619047619047616,0.28205128205128205,0.34959349593495936,0.20167007195522785,0.4017857142857143,0.1794871794871795,0.2764227642276423,0.264841432488941,E_stale,epara,5,1.0,0.4,1.0,0.25,False,2.0,0.3,30
epara_priv,0.4,0.9934296472758011,0.0,1034.2,1034.2,0.9934296472758011,8.931955689590067,0.0021901175747329592,0.3228694382540536,1.0,0.0,12.92736239880179,9.237428574174047,0.3541822456898981,0.9934807916181606,0.9835164835164835,1.0,1.0,0.9934807916181606,0.9835164835164835,1.0,1.0,0.994249318783661,A_load,tera,6,1.0,0.4,1.0,0.25,False,1.0,0.3,30
ours,0.4,0.9924690693921463,0.0,1033.2,1033.2,0.9924690693921463,8.938217357891995,0.0,0.35522170137554754,1.0,0.0,13.382025170245443,9.234966174174009,0.3590222269940351,0.9925494761350407,0.9835164835164835,0.9090909090909091,1.0,0.9925494761350407,0.9835164835164835,0.9090909090909091,1.0,0.9712892171856083,A_load,ours,6,1.0,0.4,1.0,0.25,False,1.0,0.3,30
local,0.6,0.3993111779371321,0.1639036677204616,621.44,499.48,0.32094481712802325,23.987316338492057,5.140463155730331e-05,0.0,1.0,0.0,0.0,14.906677865392505,0.2469718087493129,0.39848335324365036,0.48936170212765956,0.47619047619047616,0.4489795918367347,0.3204955071936841,0.3829787234042553,0.2857142857142857,0.32653061224489793,0.32892978213928076,A_load,local,6,1.0,0.4,1.0,0.25,False,1.0,0.3,30
rr,0.6,0.9325057187652608,0.19711105970647955,1451.24,1162.4,0.7469092965276172,10.297154616322919,0.04186907240342355,0.6286786439458195,1.0,0.0,0.7554451380142171,14.943642665392472,0.14210240460461365,0.9322962655170622,0.9609929078014184,0.7142857142857143,0.9795918367346939,0.7470004674596167,0.7340425531914894,0.47619047619047616,0.8061224489795918,0.6908389864552935,A_load,rr,6,1.0,0.4,1.0,0.25,False,1.0,0.3,30
epara_priv,1.0,0.33337442544423507,0.0,757.2,757.2,0.33337442544423507,23.88624679981957,0.0047021115474701934,1.041931564024444,1.0,0.0,41.861387737717514,18.086666076823377,0.06844528834462212,0.331846850848361,0.5535714285714286,0.3333333333333333,0.43089430894308944,0.331846850848361,0.5535714285714286,0.3333333333333333,0.43089430894308944,0.41241148042405307,E_stale,epara_priv,5,1.0,0.4,1.0,0.25,False,2.0,0.3,30
rr_g,0.6,0.9629629629629629,0.18708715655280542,1498.64,1218.88,0.7832009664070733,9.921484723077013,0.03153674146040558,0.49122265916159047,1.0,0.0,0.3716179328516475,14.868733865392137,0.15878877077183864,0.9629927803459201,0.9858156028368794,0.6666666666666666,0.9489795918367347,0.7835142575183088,0.7836879432624113,0.38095238095238093,0.7448979591836735,0.6732631352291936,A_load,rr_g,6,1.0,0.4,1.0,0.25,False,1.0,0.3,30
epara,0.6,0.9963245688436528,0.1831032976071144,1550.56,1267.12,0.8141979592361271,9.595628589278787,0.032539131775773,0.37355745752692315,1.0,0.0,7.25642611618447,14.878597865392116,0.11189196187833068,0.9962862930452397,1.0,1.0,1.0,0.8145483820703266,0.776595744680851,0.7619047619047619,0.7959183673469388,0.7872418140007196,A_load,epara,6,1.0,0.4,1.0,0.25,False,1.0,0.3,30
epara_priv,0.6,0.950934279178554,0.0,1479.92,1479.92,0.950934279178554,9.997381852835053,0.02606214819955278,0.5082118898912792,1.0,0.0,18.269213613264863,14.79532535164765,0.15958912289507116,0.9508648002908637,0.9539007092198581,0.9523809523809523,0.9693877551020408,0.9508648002908637,0.9539007092198581,0.9523809523809523,0.9693877551020408,0.9566335542484288,A_load,epara_priv,6,1.0,0.4,1.0,0.25,False,1.0,0.3,30
epara_priv,0.6,0.9535045107564192,0.0,1483.92,1483.92,0.9535045107564192,9.934752995708834,0.016372375151001105,0.505795872208086,1.0,0.0,20.181621951527887,14.742378665392252,0.13864162359911558,0.9534098582039163,0.9645390070921985,0.8571428571428571,0.9795918367346939,0.9534098582039163,0.9645390070921985,0.8571428571428571,0.9795918367346939,0.9386708897934164,A_load,tera,6,1.0,0.4,1.0,0.25,False,1.0,0.3,30
local,0.8,0.29986340111972604,0.166996940954653,623.44,494.32,0.23775900879235046,32.37749146060379,0.0007888104353848818,0.0,1.0,0.0,0.0,20.18542327619883,0.23739540092653952,0.29965576926816934,0.3743718592964824,0.25,0.16666666666666666,0.2375581010910364,0.3015075376884422,0.21428571428571427,0.12878787878787878,0.2205348079632679,A_load,local,6,1.0,0.4,1.0,0.25,False,1.0,0.3,30
ours,0.6,0.9615750379109158,0.0,1496.48,1496.48,0.9615750379109158,9.820574859264145,0.0005397486313516847,0.5550929138715398,1.0,0.0,21.349618455830242,14.696293865391608,0.12612755889405206,0.9614865215810523,0.975177304964539,0.7619047619047619,1.0,0.9614865215810523,0.975177304964539,0.7619047619047619,1.0,0.9246421471125883,A_load,ours,6,1.0,0.4,1.0,0.25,False,1.0,0.3,30
rr,0.8,0.6343767435596513,0.2108047790368817,1318.92,1024.92,0.49296804355772744,15.286341609953052,0.04394251303461146,1.2957269561536833,1.0,0.0,1.5029166033236385,20.16146167619928,0.03606535641469799,0.632295454987456,0.8793969849246231,0.5714285714285714,0.7196969696969697,0.49102471848927437,0.7010050251256281,0.4642857142857143,0.6287878787878788,0.5712758341721239,A_load,rr,6,1.0,0.4,1.0,0.25,False,1.0,0.3,30
rr_g,0.8,0.6349924004848299,0.1963560805741001,1320.2,1072.44,0.5158243069049772,15.185526493105867,0.019835696558093002,1.290570829405314,1.0,0.0,0.8579021623565272,20.047932076198364,0.05004485423290003,0.6332289620568272,0.8743718592964824,0.42857142857142855,0.6439393939393939,0.5144207394153912,0.7135678391959799,0.35714285714285715,0.5,0.5212828589385571,A_load,rr_g,6,1.0,0.4,1.0,0.25,False,1.0,0.3,30
epara,0.8,0.9165207688015853,0.19154626084614348,1905.52,1545.04,0.743136387248206,10.676522564024365,0.07676472285818728,0.8827943128691537,1.0,0.0,18.05970703724455,20.344327276199706,0.01845569961565037,0.9163344289076022,0.9673366834170855,0.5357142857142857,0.9166666666666666,0.7429160427079484,0.7914572864321608,0.39285714285714285,0.7575757575757576,0.6712015573932525,A_load,epara,6,1.0,0.4,1.0,0.25,False,1.0,0.3,30
local,0.9,0.27460154241645246,0.16334190231362467,640.92,522.36,0.22380462724935732,33.16229037158268,0.003821765209940017,0.0,1.0,0.0,0.0,21.25437514495477,0.1927443591107787,0.27423817923973576,0.34877384196185285,0.18181818181818182,0.25,0.2237210750233475,0.25885558583106266,0.18181818181818182,0.171875,0.20906746066814802,A_load,local,6,1.0,0.4,1.0,0.25,False,1.0,0.3,30
rr_g,0.9,0.6109168808911739,0.19782347900599828,1425.88,1149.92,0.4926820908311911,14.93714979167578,0.015698371893744643,1.2948414738646101,1.0,0.0,0.8860950910311908,21.298583144954662,0.04273823031732201,0.6092490747466363,0.8501362397820164,0.3333333333333333,0.75,0.4913527723012002,0.6893732970027248,0.24242424242424243,0.59375,0.5042250779320419,A_load,rr_g,6,1.0,0.4,1.0,0.25,False,1.0,0.3,30
rr,0.9,0.5694601542416452,0.19328191945158527,1329.12,1077.32,0.46157669237360754,15.99894121294908,0.027077977720651243,1.3528363324764352,1.0,0.0,1.5961264795977854,21.26451274495488,0.03862228684080601,0.567586731693819,0.8528610354223434,0.36363636363636365,0.65625,0.4602054581301235,0.6648501362397821,0.3333333333333333,0.53125,0.4974097319258097,A_load,rr,6,1.0,0.4,1.0,0.25,False,1.0,0.3,30
epara_priv,0.8,0.742905515901264,0.0,1544.56,1544.56,0.742905515901264,12.741218429624793,0.06014198587836928,0.997344979510168,1.0,0.0,34.382816558085715,19.67957633766127,0.03900779930139619,0.7416713666154534,0.9120603015075377,0.42857142857142855,0.7803030303030303,0.7416713666154534,0.9120603015075377,0.42857142857142855,0.7803030303030303,0.7156515317493625,A_load,epara_priv,6,1.0,0.4,1.0,0.25,False,1.0,0.3,30
epara_priv,0.8,0.7465994574523347,0.0,1552.24,1552.24,0.7465994574523347,12.8360522909255,0.04869461492583258,1.0093310502722357,1.0,0.0,37.96216338149424,19.924633808066197,0.035846019527874404,0.7449191932943076,0.9472361809045227,0.4642857142857143,0.8560606060606061,0.7449191932943076,0.9472361809045227,0.4642857142857143,0.8560606060606061,0.7531254236362876,A_load,tera,6,1.0,0.4,1.0,0.25,False,1.0,0.3,30
ours,0.8,0.7886565211535872,0.0,1639.68,1639.68,0.7886565211535872,11.759994019829707,0.01196683148315601,1.0185466648710007,1.0,0.0,39.21755074575459,19.282626994434374,0.012176731742990343,0.787374316886754,0.9447236180904522,0.6071428571428571,0.8560606060606061,0.787374316886754,0.9447236180904522,0.6071428571428571,0.8560606060606061,0.7988253495451674,A_load,ours,6,1.0,0.4,1.0,0.25,False,1.0,0.3,30
epara,0.9,0.5366580976863753,0.20870608397600685,1252.56,1000.88,0.4288260497000857,16.974852737556287,0.014190231362467866,1.208483290488432,1.0,0.0,24.33270553250928,21.262021544953498,0.022203711284867877,0.533983604856283,0.9128065395095368,0.36363636363636365,0.7109375,0.4268617481235516,0.7138964577656676,0.30303030303030304,0.53125,0.49375962722988054,A_load,epara,6,1.0,0.4,1.0,0.25,False,1.0,0.3,30
local,1.0,0.16786770140428678,0.16398743532889876,436.08,346.48,0.13337644740083765,57.946295504917586,0.004619364375461937,0.0,1.0,0.0,0.0,25.269220543784463,0.17418006859357815,0.16702452078665672,0.2830578512396694,0.1388888888888889,0.16447368421052633,0.13268608414239483,0.22520661157024793,0.08333333333333333,0.14473684210526316,0.1464907177878098,A_load,local,6,1.0,0.4,1.0,0.25,False,1.0,0.3,30
rr,1.0,0.32740514905149054,0.20543853165804385,850.52,665.44,0.25615915250061594,29.469427343020424,0.0019247351564424735,1.6389042867701404,1.0,0.0,1.9529712682871252,25.064337343785727,0.11302458424171413,0.32528939507094845,0.6260330578512396,0.1111111111111111,0.3223684210526316,0.2543098083146627,0.5206611570247934,0.027777777777777776,0.25,0.26318718577930844,A_load,rr,6,1.0,0.4,1.0,0.25,False,1.0,0.3,30
epara_priv,0.9,0.5200342759211654,0.0,1213.76,1213.76,0.5200342759211654,16.848607139992904,0.023684661525278494,1.1434275921165382,1.0,0.0,40.60896726148037,20.450165402237786,0.028335092237750693,0.5175192833177683,0.8692098092643051,0.45454545454545453,0.671875,0.5175192833177683,0.8692098092643051,0.45454545454545453,0.671875,0.628287386781882,A_load,epara_priv,6,1.0,0.4,1.0,0.25,False,1.0,0.3,30
rr_g,1.0,0.3791420300566642,0.204530056664203,984.92,791.4,0.3046470805617147,25.262823928629366,0.00023096821877309682,1.6063839615668885,1.0,0.0,1.1145213353776227,24.881860543785635,0.037127407525977325,0.3765403286034354,0.7148760330578512,0.2222222222222222,0.4473684210526316,0.3026201145133184,0.5681818181818182,0.1388888888888889,0.3618421052631579,0.34288323171179586,A_load,rr_g,6,1.0,0.4,1.0,0.25,False,1.0,0.3,30
epara_priv,0.9,0.6075749785775493,0.0,1418.08,1418.08,0.6075749785775493,14.433271561089155,0.013470437017994859,1.098166238217652,1.0,0.0,42.3581598610694,20.46753373534931,0.01918470724237588,0.6058247725779116,0.8664850136239782,0.5151515151515151,0.6796875,0.6058247725779116,0.8664850136239782,0.5151515151515151,0.6796875,0.6667872003383513,A_load,tera,6,1.0,0.4,1.0,0.25,False,1.0,0.3,30
ours,0.9,0.5573264781491003,0.0,1300.8,1300.8,0.5573264781491003,15.403439009159353,0.009717223650385604,1.1577720651242502,1.0,0.0,43.572959992117845,20.036793463114485,0.03935596329946887,0.5551347238075472,0.8610354223433242,0.5454545454545454,0.6796875,0.5551347238075472,0.8610354223433242,0.5454545454545454,0.6796875,0.6603280479013542,A_load,ours,6,1.0,0.4,1.0,0.25,False,1.0,0.3,30
epara,1.0,0.38577851687607784,0.1879619364375462,1002.16,805.84,0.31020571569352057,24.963975157445084,0.0024944567627494456,0.7974254742547425,1.0,0.0,20.37621522053146,25.017897343785165,0.02702695885531225,0.3842886482449589,0.5929752066115702,0.2777777777777778,0.3815789473684211,0.3090148120487926,0.47520661157024796,0.19444444444444445,0.3157894736842105,0.3236138354369239,A_load,epara,6,1.0,0.4,1.0,0.25,False,1.0,0.3,30
energy,0.8,0.7861554148950497,0.1883525405467803,1634.48,1338.28,0.6436885545529754,12.306291955972704,0.03709332974200127,1.0137176058641322,1.0,0.0,22.861202121787656,20.114388076198264,0.023406341455935616,0.7846126918065307,0.957286432160804,0.5,0.9318181818181818,0.6426612730702659,0.7638190954773869,0.39285714285714285,0.7348484848484849,0.6335464990633201,B_energy,energy,6,1.0,0.4,1.0,0.25,False,1.0,0.3,30
epara_priv,1.0,0.35122567134762256,0.0,912.4,912.4,0.35122567134762256,25.70429793238488,0.0059897758068489775,0.9719142645971914,1.0,0.0,39.80452965651375,23.45260143350796,0.03094271776454862,0.3488766492407269,0.6549586776859504,0.19444444444444445,0.4144736842105263,0.3488766492407269,0.6549586776859504,0.19444444444444445,0.4144736842105263,0.403188363895412,A_load,epara_priv,6,1.0,0.4,1.0,0.25,False,1.0,0.3,30
epara_priv,0.8,0.742905515901264,0.0,1544.56,1544.56,0.742905515901264,12.741218429624793,0.06014198587836928,0.997344979510168,1.0,0.0,35.23699750739293,19.67957633766127,0.03900779930139619,0.7416713666154534,0.9120603015075377,0.42857142857142855,0.7803030303030303,0.7416713666154534,0.9120603015075377,0.42857142857142855,0.7803030303030303,0.7156515317493625,B_energy,epara_priv,6,1.0,0.4,1.0,0.25,False,1.0,0.3,30
ours,0.8,0.7886565211535872,0.0,1639.68,1639.68,0.7886565211535872,11.759994019829707,0.01196683148315601,1.0185466648710007,1.0,0.0,39.33706153763721,19.282626994434374,0.012176731742990343,0.787374316886754,0.9447236180904522,0.6071428571428571,0.8560606060606061,0.787374316886754,0.9447236180904522,0.6071428571428571,0.8560606060606061,0.7988253495451674,B_energy,ours,6,1.0,0.4,1.0,0.25,False,1.0,0.3,30
epara_priv,1.0,0.3702112589307711,0.0,961.72,961.72,0.3702112589307711,24.50194309688207,0.008699802907119981,0.9377925597437793,1.0,0.0,44.69943066919337,23.564008715133422,0.04101251454305249,0.36804518297236744,0.6446280991735537,0.25,0.4407894736842105,0.36804518297236744,0.6446280991735537,0.25,0.4407894736842105,0.42586568895753296,A_load,tera,6,1.0,0.4,1.0,0.25,False,1.0,0.3,30
ours,1.0,0.3541666666666667,0.0,920.04,920.04,0.3541666666666667,25.83756187271055,0.002448263118994826,1.0035723084503572,1.0,0.0,46.07128675314484,23.771590425368615,0.05422974485669799,0.35159945232760764,0.6859504132231405,0.2777777777777778,0.40131578947368424,0.35159945232760764,0.6859504132231405,0.2777777777777778,0.40131578947368424,0.42916085820055255,A_load,ours,6,1.0,0.4,1.0,0.25,False,1.0,0.3,30
ours,0.8,0.726609846662947,0.0,1510.68,1510.68,0.726609846662947,12.91563656783772,0.019931892952652134,1.054293245089174,1.0,0.0,44.42614830925141,19.511393850301086,0.026339548629723177,0.7247709990470449,0.9195979899497487,0.5714285714285714,0.8939393939393939,0.7247709990470449,0.9195979899497487,0.5714285714285714,0.8939393939393939,0.7774342385911897,B_energy,ours_b,6,1.0,0.4,1.0,0.25,False,1.0,0.3,30
energy,0.8,0.6869576928256729,0.192373549839352,1428.24,1150.56,0.5533986186197741,13.664118035624261,0.00542547665313504,1.1930854031590896,0.892,38.4,27.68693941757585,19.515639943199993,0.02372192334185464,0.6843190260409576,0.957286432160804,0.6428571428571429,0.9090909090909091,0.5513331647834459,0.7663316582914573,0.5,0.7272727272727273,0.6362343875869076,B_energy,energy,6,1.0,0.4,1.0,0.25,True,1.0,0.3,30
ours,0.8,0.7863093291263443,0.0,1634.8,1634.8,0.7863093291263443,12.105370125502235,0.0506762606537507,0.9246012659445524,1.0,0.0,33.86161938371966,19.789859081171056,0.0272352918963784,0.7848849647017639,0.9547738693467337,0.5714285714285714,0.8787878787878788,0.7848849647017639,0.9547738693467337,0.5714285714285714,0.8787878787878788,0.7974688210662371,B_energy,ours_c,6,1.0,0.4,1.0,0.0,False,1.0,0.3,30
epara_priv,0.8,0.8086076533851512,0.0,1681.16,1681.16,0.8086076533851512,10.422735868915304,0.005136887469457644,0.9863208726936914,0.9293333333333333,28.799999999999997,35.20777523828306,17.52228663338565,0.026293985528085508,0.8078725762850308,0.907035175879397,0.4642857142857143,0.8712121212121212,0.8078725762850308,0.907035175879397,0.4642857142857143,0.8712121212121212,0.7626013969155658,B_energy,epara_priv,6,1.0,0.4,1.0,0.25,True,1.0,0.3,30
ours,0.8,0.8637859053042692,0.0,1795.88,1795.88,0.8637859053042692,10.412597067472085,0.0001346749523827847,0.8821401773861516,0.94,26.4,34.87311825234133,18.69977482153177,0.022658189214872945,0.8632023182092222,0.9346733668341709,0.6071428571428571,0.9318181818181818,0.8632023182092222,0.9346733668341709,0.6071428571428571,0.9318181818181818,0.834209181001108,B_energy,ours,6,1.0,0.4,1.0,0.25,True,1.0,0.3,30
ours,0.8,0.7680127748811975,0.0,1596.76,1596.76,0.7680127748811975,11.593665143306277,0.0017700136598880274,1.032360467129692,0.9346666666666666,21.599999999999998,43.6625777736743,18.512300754225734,0.01938112582790393,0.7667010249129699,0.914572864321608,0.6071428571428571,0.8712121212121212,0.7667010249129699,0.914572864321608,0.6071428571428571,0.8712121212121212,0.7899072168973891,B_energy,ours_b,6,1.0,0.4,1.0,0.25,True,1.0,0.3,30
ours,0.8,0.6526155799680627,0.0,1356.84,1356.84,0.6526155799680627,13.882778579920178,0.004021009292571714,1.06804932951113,0.9053333333333333,31.200000000000003,39.86517104321736,18.83670928837889,0.01935027842607832,0.6508294599272643,0.8442211055276382,0.5,0.803030303030303,0.6508294599272643,0.8442211055276382,0.5,0.803030303030303,0.6995202171213013,B_energy,ours_c,6,1.0,0.4,1.0,0.0,True,1.0,0.3,30
energy,0.8,0.44096427265906074,0.20713007676472286,916.8,735.04,0.35354098928372163,23.25850531872638,0.10400754179733343,1.3302037439636762,1.0,0.0,31.35272683423032,21.323397676208348,0.002583204851313023,0.4372508216807017,0.8743718592964824,0.42857142857142855,0.5833333333333334,0.35045411229312123,0.7010050251256281,0.39285714285714285,0.5,0.48607907006897305,B_energy,energy,6,0.7,0.4,1.0,0.25,False,1.0,0.3,30
epara_priv,0.8,0.46108855840083113,0.0,958.64,958.64,0.46108855840083113,21.197153317071468,0.08890470785154972,1.2186159262750833,1.0,0.0,44.7237558149061,20.320439055877394,0.00518495506780592,0.45811859429393803,0.8165829145728644,0.42857142857142855,0.553030303030303,0.45811859429393803,0.8165829145728644,0.42857142857142855,0.553030303030303,0.5640758101171335,B_energy,epara_priv,6,0.7,0.4,1.0,0.25,False,1.0,0.3,30
ours,0.8,0.4906593300883083,0.0,1020.12,1020.12,0.4906593300883083,19.63509855581349,0.10108317140273583,1.2952459741808877,1.0,0.0,50.99276709804434,20.030156738756453,0.019120605544711265,0.4878546840662012,0.8467336683417085,0.42857142857142855,0.5227272727272727,0.4878546840662012,0.8467336683417085,0.42857142857142855,0.5227272727272727,0.5714717634266527,B_energy,ours,6,0.7,0.4,1.0,0.25,False,1.0,0.3,30
ours,0.8,0.5857783250283779,0.0,1217.88,1217.88,0.5857783250283779,16.182795223565837,0.0774380976201012,1.186505569771245,1.0,0.0,51.84719814805322,19.70870264687636,0.021345469821118353,0.5833252299733561,0.871859296482412,0.42857142857142855,0.7121212121212122,0.5833252299733561,0.871859296482412,0.42857142857142855,0.7121212121212122,0.6489692917871022,B_energy,ours_b,6,0.7,0.4,1.0,0.25,False,1.0,0.3,30
ours,0.8,0.6294130096004001,0.0,1308.6,1308.6,0.6294130096004001,15.65084316535659,0.1346172345460492,1.050541585701368,1.0,0.0,38.36082748611923,20.480693366185633,0.006825201598637863,0.6275501273848189,0.864321608040201,0.4642857142857143,0.6818181818181818,0.6275501273848189,0.864321608040201,0.4642857142857143,0.6818181818181818,0.659493907882229,B_energy,ours_c,6,0.7,0.4,1.0,0.0,False,1.0,0.3,30
epara_priv,0.8,0.7158550897512361,0.0,1488.32,1488.32,0.7158550897512361,10.12647712842377,0.011909113646420532,1.1220347461377147,0.7186666666666668,98.39999999999999,38.562441796897964,15.071438439775665,0.004941017830787452,0.7154942725451682,0.7688442211055276,0.42857142857142855,0.7575757575757576,0.7154942725451682,0.7688442211055276,0.42857142857142855,0.7575757575757576,0.6676214199494704,B_energy,epara_priv,6,0.7,0.4,1.0,0.25,True,1.0,0.3,30
energy,0.8,0.41472189622332956,0.1644958346961156,862.24,685.8,0.32985743694326336,18.645777716122048,0.015025876830136406,1.51774823479616,0.6599999999999998,103.2,35.43832749154849,16.077135377949077,0.005073348103736047,0.4111904159940878,0.8040201005025126,0.5357142857142857,0.5909090909090909,0.32684416266360683,0.6582914572864321,0.5,0.4772727272727273,0.49060208680569156,B_energy,energy,6,0.7,0.4,1.0,0.25,True,1.0,0.3,30
ours,0.8,0.5315235584970275,0.0,1105.08,1105.08,0.5315235584970275,13.935004345430453,0.011678242299478616,1.3792831444677454,0.7120000000000001,93.60000000000001,56.639872370749345,15.399294602048284,0.009749427417776164,0.5295707812287287,0.7613065326633166,0.39285714285714285,0.6287878787878788,0.5295707812287287,0.7613065326633166,0.39285714285714285,0.6287878787878788,0.5781305838842667,B_energy,ours_b,6,0.7,0.4,1.0,0.25,True,1.0,0.3,30
ours,0.8,0.4297670123323778,0.0,893.52,893.52,0.4297670123323778,17.53221435014971,0.00319372029936318,1.5044154145102642,0.6919999999999998,98.39999999999999,56.872580999224326,15.66538416614577,0.005197528029286097,0.4260292887843015,0.8417085427135679,0.42857142857142855,0.6439393939393939,0.4260292887843015,0.8417085427135679,0.42857142857142855,0.6439393939393939,0.5850621635021729,B_energy,ours,6,0.7,0.4,1.0,0.25,True,1.0,0.3,30
ours,0.8,0.44417723223733574,0.0,923.48,923.48,0.44417723223733574,17.297852575005017,0.010100621428708852,1.172768724628201,0.684,98.39999999999999,43.794778770310415,15.974220895965631,0.0039508813714294235,0.44121822672552946,0.7889447236180904,0.2857142857142857,0.5909090909090909,0.44121822672552946,0.7889447236180904,0.2857142857142857,0.5909090909090909,0.526696581741749,B_energy,ours_c,6,0.7,0.4,1.0,0.0,True,1.0,0.3,30
energy,0.8,0.2478403909421475,0.1872559016488062,515.28,423.28,0.2035900494449468,43.46496987311162,0.07789984031398503,1.360140061950478,1.0,0.0,33.91138531530361,22.396629676216957,0.0,0.24378148155351134,0.7562814070351759,0.14285714285714285,0.3181818181818182,0.20041229895563897,0.6030150753768844,0.14285714285714285,0.25,0.2990711292974165,B_energy,energy,6,0.5,0.4,1.0,0.25,False,1.0,0.3,30
epara_priv,0.8,0.28081651499701793,0.0,583.84,583.84,0.28081651499701793,36.734311780222455,0.09065548223252592,1.2570367662620006,1.0,0.0,47.38191957076251,21.446960589765077,0.00023380560829903472,0.27738773605087613,0.7135678391959799,0.25,0.3181818181818182,0.27738773605087613,0.7135678391959799,0.25,0.3181818181818182,0.3897843483571685,B_energy,epara_priv,6,0.5,0.4,1.0,0.25,False,1.0,0.3,30
ours,0.8,0.2668872770648556,0.0,554.88,554.88,0.2668872770648556,38.02637057504817,0.08761567616445735,1.2866267772283895,1.0,0.0,54.013101974349134,21.100072504682725,0.0,0.2632295454987456,0.7361809045226131,0.10714285714285714,0.3106060606060606,0.2632295454987456,0.7361809045226131,0.10714285714285714,0.3106060606060606,0.35428984194256913,B_energy,ours,6,0.5,0.4,1.0,0.25,False,1.0,0.3,30
ours,0.8,0.24297285337745542,0.0,505.16,505.16,0.24297285337745542,42.14312621982285,0.08524924485830271,1.201666121553764,1.0,0.0,58.33725283789133,21.289021641205707,0.0004217592394090499,0.2393862191018884,0.6909547738693468,0.21428571428571427,0.29545454545454547,0.2393862191018884,0.6909547738693468,0.21428571428571427,0.29545454545454547,0.3600203131778737,B_energy,ours_b,6,0.5,0.4,1.0,0.25,False,1.0,0.3,30
epara_priv,0.8,0.5549185216538084,0.0,1153.72,1153.72,0.5549185216538084,10.036489735519586,0.02043211420435962,1.3998306943455758,0.4893333333333333,153.6,47.20726416320702,11.579298937663657,0.0,0.5549116085493689,0.5477386934673367,0.39285714285714285,0.6136363636363636,0.5549116085493689,0.5477386934673367,0.39285714285714285,0.6136363636363636,0.527285952127553,B_energy,epara_priv,6,0.5,0.4,1.0,0.25,True,1.0,0.3,30
ours,0.8,0.36483444600496373,0.0,758.52,758.52,0.36483444600496373,28.18603081650125,0.17072936106354733,1.0939838774842718,1.0,0.0,43.78767145317516,21.37966809493253,0.0,0.3620451584044808,0.7311557788944724,0.2857142857142857,0.36363636363636365,0.3620451584044808,0.7311557788944724,0.2857142857142857,0.36363636363636365,0.4356378966624006,B_energy,ours_c,6,0.5,0.4,1.0,0.0,False,1.0,0.3,30
energy,0.8,0.2728706928064336,0.10173730688573793,567.32,466.44,0.22434923139080748,20.27822111253636,0.007811147238201512,1.7042538045674047,0.4026666666666667,168.0,38.68469428179293,11.504240401564129,0.0,0.26999747175168715,0.6080402010050251,0.35714285714285715,0.36363636363636365,0.2221746825103561,0.4798994974874372,0.21428571428571427,0.30303030303030304,0.30484754932845265,B_energy,energy,6,0.5,0.4,1.0,0.25,True,1.0,0.3,30
ours,0.8,0.28543394193585625,0.0,593.44,593.44,0.28543394193585625,19.568979391859425,0.013313581006983858,1.6868999749889375,0.39866666666666667,172.79999999999998,61.35952428897925,11.613015130305056,0.0,0.28259981718819893,0.592964824120603,0.35714285714285715,0.44696969696969696,0.28259981718819893,0.592964824120603,0.35714285714285715,0.44696969696969696,0.419919298855339,B_energy,ours,6,0.5,0.4,1.0,0.25,True,1.0,0.3,30
ours,0.8,0.3792254266310099,0.0,788.44,788.44,0.3792254266310099,15.319772006283932,0.008984743251822922,1.5678665563614675,0.4493333333333333,172.79999999999998,63.58998048877943,12.078721040634502,0.0,0.37715630408992784,0.6030150753768844,0.39285714285714285,0.5075757575757576,0.37715630408992784,0.6030150753768844,0.39285714285714285,0.5075757575757576,0.47015106997492817,B_energy,ours_b,6,0.5,0.4,1.0,0.25,True,1.0,0.3,30
ours,0.8,0.21207457144506223,0.0,440.92,440.92,0.21207457144506223,27.119519002482868,0.0019624064490062912,1.1417934855801604,0.37066666666666664,170.39999999999998,47.43271428036589,11.957538318574745,0.0,0.2090083432194325,0.5728643216080402,0.17857142857142858,0.32575757575757575,0.2090083432194325,0.5728643216080402,0.17857142857142858,0.32575757575757575,0.32155041728911926,B_energy,ours_c,6,0.5,0.4,1.0,0.0,True,1.0,0.3,30
epara_priv,0.8,0.20797660503684323,0.0,432.4,432.4,0.20797660503684323,51.54285906723033,0.10954845412393943,1.3437866748754257,1.0,0.0,50.921785055271734,22.287132260670397,0.0,0.20414632723312395,0.6984924623115578,0.10714285714285714,0.24242424242424243,0.20414632723312395,0.6984924623115578,0.10714285714285714,0.24242424242424243,0.3130514722779454,B_energy,epara_priv,6,0.35,0.4,1.0,0.25,False,1.0,0.3,30
energy,0.8,0.16997902918598612,0.2224637820574485,353.4,289.2,0.13909998653250477,66.9342684669464,0.10229524597418088,1.2435500317448103,1.0,0.0,33.764322114930366,23.65457047621886,0.0,0.16635873898753378,0.6381909547738693,0.07142857142857142,0.1893939393939394,0.13623368793636592,0.507537688442211,0.07142857142857142,0.1590909090909091,0.21857271422451435,B_energy,energy,6,0.35,0.4,1.0,0.25,False,1.0,0.3,30
ours,0.8,0.20178155722723512,0.0,419.52,419.52,0.20178155722723512,52.934823410950905,0.1063162552667526,1.300652211555111,1.0,0.0,59.39915655262182,22.207217117362124,0.0,0.19774791419514187,0.7286432160804021,0.17857142857142858,0.1893939393939394,0.19774791419514187,0.7286432160804021,0.17857142857142858,0.1893939393939394,0.323589124560228,B_energy,ours,6,0.35,0.4,1.0,0.25,False,1.0,0.3,30
ours,0.8,0.18109933239702175,0.0,376.52,376.52,0.18109933239702175,58.74595907249709,0.0961001981645728,1.1957211843700097,1.0,0.0,61.07471173242902,22.1190285099766,0.0,0.17769696026760537,0.6231155778894473,0.10714285714285714,0.1893939393939394,0.17769696026760537,0.6231155778894473,0.10714285714285714,0.1893939393939394,0.2743373336734623,B_energy,ours_b,6,0.35,0.4,1.0,0.25,False,1.0,0.3,30
ours,0.8,0.26457856359543647,0.0,550.08,550.08,0.26457856359543647,39.769527115009204,0.17852126902283702,0.9352983050195278,1.0,0.0,43.12033159255214,21.876421475424262,0.0,0.262179350045703,0.6080402010050251,0.17857142857142858,0.18181818181818182,0.262179350045703,0.6080402010050251,0.17857142857142858,0.18181818181818182,0.3076522903600846,B_energy,ours_c,6,0.35,0.4,1.0,0.0,False,1.0,0.3,30
energy,0.8,0.1819266213902303,0.07807299382419147,378.24,305.48,0.1469303730496181,21.35817035501199,0.009754314408295977,1.8123400734940454,0.18799999999999997,218.4,42.32020893522262,8.078514355079735,0.0,0.17975845504580018,0.42462311557788945,0.14285714285714285,0.30303030303030304,0.14514090122328321,0.35175879396984927,0.10714285714285714,0.23484848484848486,0.2097227592961186,B_energy,energy,6,0.35,0.4,1.0,0.25,True,1.0,0.3,30
epara_priv,0.8,0.4487754198972623,0.0,933.04,933.04,0.4487754198972623,9.031526319710258,0.02097081401389076,1.5382573061161668,0.32,199.2,54.3226984142804,8.426775317342457,0.0,0.4492502771349112,0.41708542713567837,0.32142857142857145,0.38636363636363635,0.4492502771349112,0.41708542713567837,0.32142857142857145,0.38636363636363635,0.39353197801569934,B_energy,epara_priv,6,0.35,0.4,1.0,0.25,True,1.0,0.3,30
epara,0.8,0.9165207688015853,0.0,1905.52,1905.52,0.9165207688015853,10.676522564024365,0.07676472285818728,0.8827943128691537,1.0,0.0,19.373550526495002,20.344327276199706,0.01845569961565037,0.9163344289076022,0.9673366834170855,0.5357142857142857,0.9166666666666666,0.9163344289076022,0.9673366834170855,0.5357142857142857,0.9166666666666666,0.83401301617641,C_privacy,epara,6,1.0,0.0,1.0,0.25,False,1.0,0.3,30
ours,0.8,0.2537853281259018,0.0,527.64,527.64,0.2537853281259018,15.211277491923639,0.0061758085306962696,1.7429247551801759,0.22133333333333333,204.0,68.29446301240334,8.026078455838588,0.0,0.2521635971139073,0.4547738693467337,0.14285714285714285,0.30303030303030304,0.2521635971139073,0.4547738693467337,0.14285714285714285,0.30303030303030304,0.2882062280870217,B_energy,ours,6,0.35,0.4,1.0,0.25,True,1.0,0.3,30
epara_priv,0.8,0.9165207688015853,0.0,1905.52,1905.52,0.9165207688015853,10.676522564024365,0.07676472285818728,0.8827943128691537,1.0,0.0,30.901339504737876,20.344327276199706,0.01845569961565037,0.9163344289076022,0.9673366834170855,0.5357142857142857,0.9166666666666666,0.9163344289076022,0.9673366834170855,0.5357142857142857,0.9166666666666666,0.83401301617641,C_privacy,epara_priv,6,1.0,0.0,1.0,0.25,False,1.0,0.3,30
epara,0.8,0.9165207688015853,0.09939011485849511,1905.52,1718.04,0.826346268541855,10.676522564024365,0.07676472285818728,0.8827943128691537,1.0,0.0,19.144159932279756,20.344327276199706,0.01845569961565037,0.9163344289076022,0.9673366834170855,0.5357142857142857,0.9166666666666666,0.8260176199459344,0.8994974874371859,0.42857142857142855,0.8181818181818182,0.7430670885340918,C_privacy,epara,6,1.0,0.2,1.0,0.25,False,1.0,0.3,30
ours,0.8,0.1764626661792716,0.0,366.88,366.88,0.1764626661792716,21.63621932951803,0.006348962040902707,1.0447505627489082,0.17733333333333326,208.8,49.036791502592685,7.937896147613576,0.0,0.17477975067582022,0.35175879396984927,0.17857142857142858,0.30303030303030304,0.17477975067582022,0.35175879396984927,0.17857142857142858,0.30303030303030304,0.2520350690618503,B_energy,ours_c,6,0.35,0.4,1.0,0.0,True,1.0,0.3,30
ours,0.8,0.286569059391654,0.0,595.8,595.8,0.286569059391654,13.487801045312715,0.018238836408411414,1.7182984781730382,0.252,208.8,74.31215604811175,8.036031862797316,0.0,0.2854003383963126,0.4221105527638191,0.21428571428571427,0.3484848484848485,0.2854003383963126,0.4221105527638191,0.21428571428571427,0.3484848484848485,0.3175703634826736,B_energy,ours_b,6,0.35,0.4,1.0,0.25,True,1.0,0.3,30
epara_priv,0.8,0.7420589876291437,0.0,1542.8,1542.8,0.7420589876291437,13.105572774305953,0.03455374492564019,1.1156280662600766,1.0,0.0,42.47464960014693,20.219277676199226,0.018899694254956915,0.7399404889243276,0.9773869346733668,0.6071428571428571,0.8863636363636364,0.7399404889243276,0.9773869346733668,0.6071428571428571,0.8863636363636364,0.8027084792760469,C_privacy,tera,6,1.0,0.0,1.0,0.25,False,1.0,0.3,30
epara,0.8,0.9165207688015853,0.1963753198530119,1905.52,1535.84,0.7387113530984859,10.676522564024365,0.07676472285818728,0.8827943128691537,1.0,0.0,18.37870956415607,20.344327276199706,0.01845569961565037,0.9163344289076022,0.9673366834170855,0.5357142857142857,0.9166666666666666,0.7384624360644898,0.7889447236180904,0.39285714285714285,0.7575757575757576,0.6694600150288702,C_privacy,epara,6,1.0,0.4,1.0,0.25,False,1.0,0.3,30
epara_priv,0.8,0.7203186024587799,0.0,1497.6,1497.6,0.7203186024587799,13.165135189403065,0.053350520422494566,1.0537160667218193,1.0,0.0,35.72853005151824,19.716106459650028,0.01954705085715197,0.7181975534335557,0.949748743718593,0.6071428571428571,0.8787878787878788,0.7181975534335557,0.949748743718593,0.6071428571428571,0.8787878787878788,0.7884692582707212,C_privacy,epara_priv,6,1.0,0.2,1.0,0.25,False,1.0,0.3,30
epara,0.8,0.9165207688015853,0.29337976412644057,1905.52,1352.12,0.6503453450564672,10.676522564024365,0.07676472285818728,0.8827943128691537,1.0,0.0,18.787039320793227,20.344327276199706,0.01845569961565037,0.9163344289076022,0.9673366834170855,0.5357142857142857,0.9166666666666666,0.6501293296252358,0.6884422110552764,0.32142857142857145,0.6893939393939394,0.5873485128757558,C_privacy,epara,6,1.0,0.6,1.0,0.25,False,1.0,0.3,30
epara_priv,0.8,0.7130076764722858,0.0,1482.4,1482.4,0.7130076764722858,13.52557334029155,0.03872866844950651,1.0314177424630124,1.0,0.0,42.10087779223927,20.050309919648193,0.030614088941471305,0.7112351465411618,0.9321608040201005,0.4642857142857143,0.7954545454545454,0.7112351465411618,0.9321608040201005,0.4642857142857143,0.7954545454545454,0.7257840525753805,C_privacy,tera,6,1.0,0.2,1.0,0.25,False,1.0,0.3,30
epara_priv,0.8,0.7745926082690421,0.0,1610.44,1610.44,0.7745926082690421,11.999521587956728,0.015333705292725628,0.9346826480943494,1.0,0.0,34.844181825253344,19.32450954610903,0.018165063274644046,0.773430055038021,0.9020100502512562,0.6428571428571429,0.8712121212121212,0.773430055038021,0.9020100502512562,0.6428571428571429,0.8712121212121212,0.7973773423396353,C_privacy,epara_priv,6,1.0,0.4,1.0,0.25,False,1.0,0.3,30
epara_priv,0.8,0.7763049040921947,0.0,1614.0,1614.0,0.7763049040921947,12.1663546784694,0.04203782442234065,0.9532677915231738,1.0,0.0,38.77727182633249,19.63649645104961,0.02992236143045252,0.7750442443454754,0.9195979899497487,0.5,0.8939393939393939,0.7750442443454754,0.9195979899497487,0.5,0.8939393939393939,0.7721454070586545,C_privacy,tera,6,1.0,0.4,1.0,0.25,False,1.0,0.3,30
epara_priv,0.8,0.6810319949208303,0.0,1415.92,1415.92,0.6810319949208303,13.526377539487644,0.05383150239529023,0.9146353194682263,1.0,0.0,35.55982555908363,19.152268485711346,0.03252042617147265,0.6795931465022657,0.8417085427135679,0.5357142857142857,0.7878787878787878,0.6795931465022657,0.8417085427135679,0.5357142857142857,0.7878787878787878,0.7112236907022267,C_privacy,epara_priv,6,1.0,0.6,1.0,0.25,False,1.0,0.3,30
epara,0.8,0.9165207688015853,0.39059584046789925,1905.52,1168.16,0.5618639013409777,10.676522564024365,0.07676472285818728,0.8827943128691537,1.0,0.0,17.87420252274024,20.344327276199706,0.01845569961565037,0.9163344289076022,0.9673366834170855,0.5357142857142857,0.9166666666666666,0.5616211906104748,0.5979899497487438,0.2857142857142857,0.6060606060606061,0.5128465080335275,C_privacy,epara,6,1.0,0.8,1.0,0.25,False,1.0,0.3,30
epara_priv,0.8,0.7960059256979048,0.0,1654.96,1654.96,0.7960059256979048,11.53973496977501,0.05244627431363873,0.8357542759297382,1.0,0.0,35.54710677544035,19.097799785578854,0.04260759145836561,0.7955230556798071,0.8693467336683417,0.5357142857142857,0.8181818181818182,0.7955230556798071,0.8693467336683417,0.5357142857142857,0.8181818181818182,0.7546914733110631,C_privacy,tera,6,1.0,0.6,1.0,0.25,False,1.0,0.3,30
epara_priv,0.8,0.37834041980106586,0.0,786.6,786.6,0.37834041980106586,22.51261620721162,0.008946264693999268,0.9437828270196433,1.0,0.0,40.86569066160003,17.70842390859266,0.10747673431878921,0.3756004589743091,0.6884422110552764,0.42857142857142855,0.5,0.3756004589743091,0.6884422110552764,0.42857142857142855,0.5,0.49815352465025353,C_privacy,epara_priv,6,1.0,0.8,1.0,0.25,False,1.0,0.3,30
epara_priv,0.8,0.37081786174654174,0.0,770.96,770.96,0.37081786174654174,23.128009280000818,0.005598630163341478,0.8334070839024953,1.0,0.0,44.10275665298372,17.830770034509428,0.08879708817859876,0.36836577918668195,0.6432160804020101,0.4642857142857143,0.48484848484848486,0.36836577918668195,0.6432160804020101,0.4642857142857143,0.48484848484848486,0.4901790146807228,C_privacy,tera,6,1.0,0.8,1.0,0.25,False,1.0,0.3,30
ours,0.8,0.28081651499701793,0.0,583.84,583.84,0.28081651499701793,36.734311780222455,0.09065548223252592,1.2570367662620006,1.0,0.0,50.359366618606174,21.446960589765077,0.00023380560829903472,0.27738773605087613,0.7135678391959799,0.25,0.3181818181818182,0.27738773605087613,0.7135678391959799,0.25,0.3181818181818182,0.3897843483571685,D_ablate,ours,6,0.5,0.4,0.0,0.0,False,1.0,0.3,30
ours,0.8,0.5549185216538084,0.0,1153.72,1153.72,0.5549185216538084,10.036489735519586,0.02043211420435962,1.3998306943455758,0.4893333333333333,153.6,50.18885164136676,11.579298937663657,0.0,0.5549116085493689,0.5477386934673367,0.39285714285714285,0.6136363636363636,0.5549116085493689,0.5477386934673367,0.39285714285714285,0.6136363636363636,0.527285952127553,D_ablate,ours,6,0.5,0.4,0.0,0.0,True,1.0,0.3,30
ours,0.8,0.271389268330223,0.0,564.24,564.24,0.271389268330223,37.69936817694136,0.07251284221867364,1.3335321392154222,1.0,0.0,53.2259012425522,21.271491500157396,0.0,0.2673525350551353,0.7839195979899497,0.21428571428571427,0.3106060606060606,0.2673525350551353,0.7839195979899497,0.21428571428571427,0.3106060606060606,0.3940409769842149,D_ablate,ours,6,0.5,0.4,0.0,0.25,False,1.0,0.3,30
ours,0.8,0.5589010523885565,0.0,1162.0,1162.0,0.5589010523885565,9.676387208812315,0.031571656694307094,1.3763587740731478,0.49733333333333335,146.4,53.72798886001031,11.24396193663991,0.0005101162578482845,0.5586650848907991,0.6055276381909548,0.35714285714285715,0.553030303030303,0.5586650848907991,0.6055276381909548,0.35714285714285715,0.553030303030303,0.5185914708137285,D_ablate,ours,6,0.5,0.4,0.0,0.25,True,1.0,0.3,30
ours,0.8,0.3337245320045405,0.0,693.84,693.84,0.3337245320045405,30.725329853060266,0.13282798160724937,1.312291975296766,1.0,0.0,49.736602459037684,21.318462865247334,0.0,0.3304226064295299,0.7663316582914573,0.21428571428571427,0.3409090909090909,0.3304226064295299,0.7663316582914573,0.21428571428571427,0.3409090909090909,0.41298726747894804,D_ablate,ours,6,0.5,0.4,0.5,0.0,False,1.0,0.3,30
ours,0.8,0.4064874848490679,0.0,845.12,845.12,0.4064874848490679,13.956824480247276,0.014390980626046136,1.5656348000076956,0.41200000000000003,172.79999999999998,54.77762891738556,11.795191504746578,0.0,0.40490869133977714,0.585427135678392,0.39285714285714285,0.48484848484848486,0.40490869133977714,0.585427135678392,0.39285714285714285,0.48484848484848486,0.46701036368094917,D_ablate,ours,6,0.5,0.4,0.5,0.0,True,1.0,0.3,30
ours,0.8,0.25728687688785423,0.0,534.92,534.92,0.25728687688785423,39.99607252683636,0.10212209246397445,1.2611347326702196,1.0,0.0,50.877906835602396,21.394699116055303,0.0004543880899929047,0.2535638577179642,0.7361809045226131,0.14285714285714285,0.2878787878787879,0.2535638577179642,0.7361809045226131,0.14285714285714285,0.2878787878787879,0.355120173244127,D_ablate,ours,6,0.5,0.4,1.0,0.0,False,1.0,0.3,30
ours,0.8,0.3000557939088443,0.0,623.84,623.84,0.3000557939088443,18.826807711933185,0.005867980068107047,1.645285414702657,0.43333333333333335,160.8,57.57785837575164,11.744915723012397,0.0,0.29732200159474126,0.6005025125628141,0.25,0.4696969696969697,0.29732200159474126,0.6005025125628141,0.25,0.4696969696969697,0.4043803709636313,D_ablate,ours,6,0.5,0.4,1.0,0.0,True,1.0,0.3,30
ours,0.8,0.2668872770648556,0.0,554.88,554.88,0.2668872770648556,38.02637057504817,0.08761567616445735,1.2866267772283895,1.0,0.0,53.68091625466549,21.100072504682725,0.0,0.2632295454987456,0.7361809045226131,0.10714285714285714,0.3106060606060606,0.2632295454987456,0.7361809045226131,0.10714285714285714,0.3106060606060606,0.35428984194256913,D_ablate,ours,6,0.5,0.4,1.0,0.25,False,1.0,0.3,30
ours,0.8,0.28543394193585625,0.0,593.44,593.44,0.28543394193585625,19.568979391859425,0.013313581006983858,1.6868999749889375,0.39866666666666667,172.79999999999998,59.33919957054035,11.613015130305056,0.0,0.28259981718819893,0.592964824120603,0.35714285714285715,0.44696969696969696,0.28259981718819893,0.592964824120603,0.35714285714285715,0.44696969696969696,0.419919298855339,D_ablate,ours,6,0.5,0.4,1.0,0.25,True,1.0,0.3,30
ours,0.8,0.29913230852107664,0.0,621.92,621.92,0.29913230852107664,34.10281473793145,0.15014333262789312,1.2944764030244147,1.0,0.0,54.03068774776705,21.209222541814327,0.0,0.2955911239036154,0.7688442211055276,0.21428571428571427,0.2803030303030303,0.2955911239036154,0.7688442211055276,0.21428571428571427,0.2803030303030303,0.3897560223994719,D_ablate,ours,6,0.5,0.4,2.0,0.25,False,1.0,0.3,30
ours,0.8,0.2565942628470285,0.0,533.48,533.48,0.2565942628470285,21.89572804016063,0.00521384458510495,1.713430940608346,0.3893333333333334,172.79999999999998,61.25206475351908,11.680932994864893,0.0,0.2530971041832786,0.6683417085427136,0.2857142857142857,0.3712121212121212,0.2530971041832786,0.6683417085427136,0.2857142857142857,0.3712121212121212,0.3945913049130998,D_ablate,ours,6,0.5,0.4,2.0,0.25,True,1.0,0.3,30
ours,0.8,0.3067703022490717,0.0,637.8,637.8,0.3067703022490717,33.95209052489391,0.11530099851857552,1.335013563691633,1.0,0.0,56.286200264165736,21.65464333677734,0.0,0.3031758688422568,0.7788944723618091,0.25,0.29545454545454547,0.3031758688422568,0.7788944723618091,0.25,0.29545454545454547,0.4068812216646528,D_ablate,ours,6,0.5,0.4,1.0,0.4,False,1.0,0.3,30
epara_priv,0.8,0.6810319949208303,0.0,1415.92,1415.92,0.6810319949208303,13.526377539487644,0.05383150239529023,0.9146353194682263,1.0,0.0,39.95888995064112,19.152268485711346,0.03252042617147265,0.6795931465022657,0.8417085427135679,0.5357142857142857,0.7878787878787878,0.6795931465022657,0.8417085427135679,0.5357142857142857,0.7878787878787878,0.7112236907022267,D_gamma,tera,6,1.0,0.6,1.0,0.25,False,1.0,1.0,30
epara_priv,0.8,0.6284125670969852,0.0,1306.52,1306.52,0.6284125670969852,14.370508680808953,0.02633857283029032,0.95101679589049,1.0,0.0,40.77533553967483,18.775357001650512,0.0478464795151021,0.6267916528909547,0.8115577889447236,0.6071428571428571,0.7121212121212122,0.6267916528909547,0.8115577889447236,0.6071428571428571,0.7121212121212122,0.689403377774937,D_gamma,tera,6,1.0,0.6,1.0,0.25,False,1.0,0.5,30
ours,0.8,0.3382650018277315,0.0,703.28,703.28,0.3382650018277315,17.39567768996128,0.008542239836850915,1.6089231775593051,0.4293333333333333,168.0,62.87542984309977,12.234032205795968,0.0,0.33588751239814074,0.5904522613065326,0.39285714285714285,0.49242424242424243,0.33588751239814074,0.5904522613065326,0.39285714285714285,0.49242424242424243,0.45290528974651467,D_ablate,ours,6,0.5,0.4,1.0,0.4,True,1.0,0.3,30
epara_priv,0.8,0.7960059256979048,0.0,1654.96,1654.96,0.7960059256979048,11.53973496977501,0.05244627431363873,0.8357542759297382,1.0,0.0,35.57529126127862,19.097799785578854,0.04260759145836561,0.7955230556798071,0.8693467336683417,0.5357142857142857,0.8181818181818182,0.7955230556798071,0.8693467336683417,0.5357142857142857,0.8181818181818182,0.7546914733110631,D_gamma,tera,6,1.0,0.6,1.0,0.25,False,1.0,0.3,30
rr,0.8,0.6343767435596513,0.2108047790368817,1318.92,1024.92,0.49296804355772744,15.286341609953052,0.04394251303461146,1.2957269561536833,1.0,0.0,1.54322350689115,20.16146167619928,0.036065356414697956,0.632295454987456,0.8793969849246231,0.5714285714285714,0.7196969696969697,0.49102471848927437,0.7010050251256281,0.4642857142857143,0.6287878787878788,0.5712758341721239,E_stale,rr,6,1.0,0.4,1.0,0.25,False,0.1,0.3,30
epara_priv,0.8,0.7023683552340458,0.0,1460.28,1460.28,0.7023683552340458,13.12794492548775,0.020374396367624142,0.9546914981626489,1.0,0.0,39.52060318140057,19.170475415791252,0.04779205475582338,0.7008498803944068,0.8768844221105527,0.42857142857142855,0.8257575757575758,0.7008498803944068,0.8768844221105527,0.42857142857142855,0.8257575757575758,0.708015826708491,D_gamma,tera,6,1.0,0.6,1.0,0.25,False,1.0,0.1,30
epara,0.8,0.7485618639013409,0.20641822344498528,1556.32,1249.96,0.6012082267156627,13.018610617482517,0.06831867941589549,0.9538642091694404,1.0,0.0,19.422796354355153,20.26112407620039,0.014311318254204142,0.7464555903459811,0.9824120603015075,0.8214285714285714,0.8484848484848485,0.5997393959431339,0.7763819095477387,0.6428571428571429,0.6363636363636364,0.6638355211779129,E_stale,epara,6,1.0,0.4,1.0,0.25,False,0.1,0.3,30
rr,1.0,0.32740514905149054,0.20543853165804385,850.52,665.44,0.25615915250061594,29.469427343020424,0.0019247351564424735,1.6389042867701404,1.0,0.0,1.8634502389152907,25.064337343785727,0.11302458424171412,0.32528939507094845,0.6260330578512396,0.1111111111111111,0.3223684210526316,0.2543098083146627,0.5206611570247934,0.027777777777777776,0.25,0.26318718577930844,E_stale,rr,6,1.0,0.4,1.0,0.25,False,0.1,0.3,30
rr,0.8,0.6343767435596513,0.2108047790368817,1318.92,1024.92,0.49296804355772744,15.286341609953052,0.04394251303461146,1.2957269561536833,1.0,0.0,1.4796263513306538,20.16146167619928,0.03606535641469799,0.632295454987456,0.8793969849246231,0.5714285714285714,0.7196969696969697,0.49102471848927437,0.7010050251256281,0.4642857142857143,0.6287878787878788,0.5712758341721239,E_stale,rr,6,1.0,0.4,1.0,0.25,False,0.25,0.3,30
epara,1.0,0.31810482877556046,0.1969081054446908,826.36,661.12,0.2544961813254496,30.29086565635545,0.009069352057156935,0.6130358462675536,1.0,0.0,16.967449602583905,25.031159743785892,0.05590800784682801,0.31600074682598955,0.6115702479338843,0.2222222222222222,0.29605263157894735,0.2527850385860095,0.4855371900826446,0.1388888888888889,0.26973684210526316,0.2867369899157015,E_stale,epara,6,1.0,0.4,1.0,0.25,False,0.1,0.3,30
epara_priv,0.8,0.6370317640494835,0.0,1324.44,1324.44,0.6370317640494835,14.917780459252546,0.04219173865363526,1.0497720145448948,1.0,0.0,36.66808953579356,19.75770515145244,0.02775640924805989,0.6345903265329936,0.9346733668341709,0.5714285714285714,0.7045454545454546,0.6345903265329936,0.9346733668341709,0.5714285714285714,0.7045454545454546,0.7113094298352975,E_stale,epara_priv,6,1.0,0.4,1.0,0.25,False,0.1,0.3,30
epara,0.8,0.8179579429362988,0.18619774130865574,1700.6,1381.4,0.6644284972199243,11.861782004115682,0.05565923389191373,0.9258325797949093,1.0,0.0,18.323555221192652,20.17214647619913,0.018128991694221126,0.8164102763569887,0.9849246231155779,0.7857142857142857,0.9242424242424242,0.6632373247243237,0.7914572864321608,0.6428571428571429,0.75,0.7118879385034068,E_stale,epara,6,1.0,0.4,1.0,0.25,False,0.25,0.3,30
epara_priv,1.0,0.28937238236018725,0.0,751.72,751.72,0.28937238236018725,30.357636515783916,0.010085612219758561,0.7150468095590047,1.0,0.0,34.389131920583516,22.820442521645088,0.05890185484664076,0.2865166791137665,0.6673553719008265,0.19444444444444445,0.3157894736842105,0.2865166791137665,0.6673553719008265,0.19444444444444445,0.3157894736842105,0.36602649228581197,E_stale,epara_priv,6,1.0,0.4,1.0,0.25,False,0.1,0.3,30
rr,1.0,0.32740514905149054,0.20543853165804385,850.52,665.44,0.25615915250061594,29.469427343020424,0.0019247351564424735,1.6389042867701404,1.0,0.0,1.9155840906439385,25.064337343785727,0.11302458424171413,0.32528939507094845,0.6260330578512396,0.1111111111111111,0.3223684210526316,0.2543098083146627,0.5206611570247934,0.027777777777777776,0.25,0.26318718577930844,E_stale,rr,6,1.0,0.4,1.0,0.25,False,0.25,0.3,30
rr,0.8,0.6343767435596513,0.2108047790368817,1318.92,1024.92,0.49296804355772744,15.286341609953052,0.04394251303461146,1.2957269561536833,1.0,0.0,1.5418748264595943,20.16146167619928,0.03606535641469802,0.632295454987456,0.8793969849246231,0.5714285714285714,0.7196969696969697,0.49102471848927437,0.7010050251256281,0.4642857142857143,0.6287878787878788,0.5712758341721239,E_stale,rr,6,1.0,0.4,1.0,0.25,False,0.5,0.3,30
epara_priv,0.8,0.6837639725263097,0.0,1421.6,1421.6,0.6837639725263097,14.08473576213108,0.05402389518440849,1.021932777959482,1.0,0.0,35.34352834309204,20.02286035944554,0.03739554931860291,0.6814601606410082,0.9371859296482412,0.5714285714285714,0.8409090909090909,0.6814601606410082,0.9371859296482412,0.5714285714285714,0.8409090909090909,0.757745938156728,E_stale,epara_priv,6,1.0,0.4,1.0,0.25,False,0.25,0.3,30
epara,1.0,0.3281288494703129,0.18226472037447647,852.4,695.8,0.2678461443705346,29.28511279186438,0.00655949741315595,0.6830192165558019,1.0,0.0,18.059195898985326,24.962630143785194,0.04226463920307121,0.3260673388100573,0.6012396694214877,0.25,0.34868421052631576,0.26615011202389843,0.48760330578512395,0.19444444444444445,0.3026315789473684,0.3127073603002088,E_stale,epara,6,1.0,0.4,1.0,0.25,False,0.25,0.3,30
epara,0.8,0.8130711660926948,0.19685630182580757,1690.44,1370.28,0.6590799776824364,11.846185890181493,0.03143698174192431,0.954903130230679,1.0,0.0,19.294557114750177,20.025266476198407,0.01284113879624358,0.8116649487543515,0.9748743718592965,0.6428571428571429,0.9090909090909091,0.6581030358427818,0.7713567839195979,0.5,0.7348484848484849,0.6660770761527162,E_stale,epara,6,1.0,0.4,1.0,0.25,False,0.5,0.3,30
rr,1.0,0.32740514905149054,0.20543853165804385,850.52,665.44,0.25615915250061594,29.469427343020424,0.0019247351564424735,1.6389042867701404,1.0,0.0,1.9323139259370696,25.064337343785727,0.11302458424171412,0.32528939507094845,0.6260330578512396,0.1111111111111111,0.3223684210526316,0.2543098083146627,0.5206611570247934,0.027777777777777776,0.25,0.26318718577930844,E_stale,rr,6,1.0,0.4,1.0,0.25,False,0.5,0.3,30
epara_priv,1.0,0.2807341709780734,0.0,729.28,729.28,0.2807341709780734,30.691980191781955,0.006682680463168268,0.8093896279871889,1.0,0.0,37.41564427631157,22.383047314262743,0.036878661062953705,0.2778348269853124,0.6652892561983471,0.2222222222222222,0.29605263157894735,0.2778348269853124,0.6652892561983471,0.2222222222222222,0.29605263157894735,0.3653497342462073,E_stale,epara_priv,6,1.0,0.4,1.0,0.25,False,0.25,0.3,30
rr,0.8,0.6343767435596513,0.2108047790368817,1318.92,1024.92,0.49296804355772744,15.286341609953052,0.04394251303461146,1.2957269561536833,1.0,0.0,1.5300403139090561,20.16146167619928,0.03606535641469799,0.632295454987456,0.8793969849246231,0.5714285714285714,0.7196969696969697,0.49102471848927437,0.7010050251256281,0.4642857142857143,0.6287878787878788,0.5712758341721239,E_stale,rr,6,1.0,0.4,1.0,0.25,False,1.0,0.3,30
epara_priv,0.8,0.758527810377667,0.0,1577.04,1577.04,0.758527810377667,12.519048567162027,0.04961810031360025,0.9568078188429497,1.0,0.0,33.33894382714196,19.743040352357202,0.024431860474306694,0.7569186487485171,0.9346733668341709,0.6071428571428571,0.8863636363636364,0.7569186487485171,0.9346733668341709,0.6071428571428571,0.8863636363636364,0.7962746272722954,E_stale,epara_priv,6,1.0,0.4,1.0,0.25,False,0.5,0.3,30
epara,1.0,0.3619425966986943,0.19603042621335304,940.24,764.64,0.2943458980044346,26.688840023596704,0.005774205469327421,0.7320152746982015,1.0,0.0,19.16906851380436,25.09391494378657,0.047066064201238406,0.3599856858352004,0.6198347107438017,0.25,0.39473684210526316,0.2928180234005477,0.49793388429752067,0.16666666666666666,0.3223684210526316,0.31994674885434166,E_stale,epara,6,1.0,0.4,1.0,0.25,False,0.5,0.3,30
epara,0.8,0.9165207688015853,0.19154626084614348,1905.52,1545.04,0.743136387248206,10.676522564024365,0.07676472285818728,0.8827943128691537,1.0,0.0,18.088806412214876,20.344327276199706,0.01845569961565037,0.9163344289076022,0.9673366834170855,0.5357142857142857,0.9166666666666666,0.7429160427079484,0.7914572864321608,0.39285714285714285,0.7575757575757576,0.6712015573932525,E_stale,epara,6,1.0,0.4,1.0,0.25,False,1.0,0.3,30
epara_priv,1.0,0.31630327666913033,0.0,821.68,821.68,0.31630327666913033,27.706613831136398,0.009053954175905396,0.8472068243409707,1.0,0.0,39.04954115713875,22.765970452768155,0.025361107135407863,0.31360468010953446,0.6735537190082644,0.19444444444444445,0.34868421052631576,0.31360468010953446,0.6735537190082644,0.19444444444444445,0.34868421052631576,0.3825717635221398,E_stale,epara_priv,6,1.0,0.4,1.0,0.25,False,0.5,0.3,30
rr,1.0,0.32740514905149054,0.20543853165804385,850.52,665.44,0.25615915250061594,29.469427343020424,0.0019247351564424735,1.6389042867701404,1.0,0.0,1.986339237428779,25.064337343785727,0.11302458424171413,0.32528939507094845,0.6260330578512396,0.1111111111111111,0.3223684210526316,0.2543098083146627,0.5206611570247934,0.027777777777777776,0.25,0.26318718577930844,E_stale,rr,6,1.0,0.4,1.0,0.25,False,1.0,0.3,30
rr,0.8,0.6343767435596513,0.2108047790368817,1318.92,1024.92,0.49296804355772744,15.286341609953052,0.04394251303461146,1.2957269561536833,1.0,0.0,1.521154203966922,20.16146167619928,0.03606535641469799,0.632295454987456,0.8793969849246231,0.5714285714285714,0.7196969696969697,0.49102471848927437,0.7010050251256281,0.4642857142857143,0.6287878787878788,0.5712758341721239,E_stale,rr,6,1.0,0.4,1.0,0.25,False,2.0,0.3,30
epara_priv,0.8,0.742905515901264,0.0,1544.56,1544.56,0.742905515901264,12.741218429624793,0.06014198587836928,0.997344979510168,1.0,0.0,35.1934230348417,19.67957633766127,0.03900779930139619,0.7416713666154534,0.9120603015075377,0.42857142857142855,0.7803030303030303,0.7416713666154534,0.9120603015075377,0.42857142857142855,0.7803030303030303,0.7156515317493625,E_stale,epara_priv,6,1.0,0.4,1.0,0.25,False,1.0,0.3,30
epara,1.0,0.38577851687607784,0.1879619364375462,1002.16,805.84,0.31020571569352057,24.963975157445084,0.0024944567627494456,0.7974254742547425,1.0,0.0,20.557973375464343,25.017897343785165,0.02702695885531225,0.3842886482449589,0.5929752066115702,0.2777777777777778,0.3815789473684211,0.3090148120487926,0.47520661157024796,0.19444444444444445,0.3157894736842105,0.3236138354369239,E_stale,epara,6,1.0,0.4,1.0,0.25,False,1.0,0.3,30
local,0.4,0.40625903141901654,0.20399653193509765,393.6,309.68,0.31963998183394576,22.905911177427036,0.006936129804714917,0.0,1.0,0.0,0.0,9.015766639435281,0.42408366304345,0.4052410115402241,0.5403726708074534,0.6111111111111112,0.38461538461538464,0.319376744573595,0.36024844720496896,0.2777777777777778,0.3333333333333333,0.32268407572241875,A_load,local,7,1.0,0.4,1.0,0.25,False,1.0,0.3,30
epara,0.8,0.7206841487581045,0.19818381207072358,1498.36,1224.08,0.5887604132597111,13.518173520515598,0.05816034015045116,1.083979452450122,1.0,0.0,21.915208224110224,20.255090476199754,0.024851566233812846,0.7190727163110913,0.9170854271356784,0.4642857142857143,0.8106060606060606,0.5873704272739648,0.7537688442211056,0.42857142857142855,0.6666666666666666,0.6090943416832914,E_stale,epara,6,1.0,0.4,1.0,0.25,False,2.0,0.3,30
epara_priv,1.0,0.35122567134762256,0.0,912.4,912.4,0.35122567134762256,25.70429793238488,0.0059897758068489775,0.9719142645971914,1.0,0.0,39.84762978681038,23.45260143350796,0.03094271776454862,0.3488766492407269,0.6549586776859504,0.19444444444444445,0.4144736842105263,0.3488766492407269,0.6549586776859504,0.19444444444444445,0.4144736842105263,0.403188363895412,E_stale,epara_priv,6,1.0,0.4,1.0,0.25,False,1.0,0.3,30
rr,0.4,0.9915362701787704,0.19887700755542712,960.64,770.32,0.7950951653523801,9.361617504408535,0.030593286817224723,0.3387556252838446,1.0,0.0,0.4076103281896398,8.993144239435015,0.3512694745449822,0.9915427238261884,1.0,0.9444444444444444,0.9743589743589743,0.7956088822230555,0.7329192546583851,0.5,0.8717948717948718,0.7250807521690781,A_load,rr,7,1.0,0.4,1.0,0.25,False,1.0,0.3,30
rr_g,0.4,0.989265513397465,0.20634986169026878,958.44,761.88,0.7863837166095536,9.436067191932068,0.0525164113785558,0.3473432145658726,1.0,0.0,0.2577239930026664,9.04390423943537,0.3388115245284483,0.9892513435820522,0.9937888198757764,0.9444444444444444,1.0,0.786734991459401,0.7391304347826086,0.6111111111111112,0.8461538461538461,0.7457825958767418,A_load,rr_g,7,1.0,0.4,1.0,0.25,False,1.0,0.3,30
rr,1.0,0.32740514905149054,0.20543853165804385,850.52,665.44,0.25615915250061594,29.469427343020424,0.0019247351564424735,1.6389042867701404,1.0,0.0,1.9579340270702819,25.064337343785727,0.11302458424171412,0.32528939507094845,0.6260330578512396,0.1111111111111111,0.3223684210526316,0.2543098083146627,0.5206611570247934,0.027777777777777776,0.25,0.26318718577930844,E_stale,rr,6,1.0,0.4,1.0,0.25,False,2.0,0.3,30
epara,0.4,0.9998348540522687,0.2008587589282028,968.68,774.2,0.7990999545848644,9.27267811809361,0.020395524544816482,0.23995706205358985,1.0,0.0,4.800651666282513,8.982257839434919,0.3408189709581817,0.9998333541640628,1.0,1.0,1.0,0.799650043744532,0.7267080745341615,0.5555555555555556,0.8717948717948718,0.7384271364072803,A_load,epara,7,1.0,0.4,1.0,0.25,False,1.0,0.3,30
epara_priv,0.8,0.6550589683898648,0.0,1361.92,1361.92,0.6550589683898648,14.33221554956763,0.030417299959597514,1.0623545029532293,1.0,0.0,37.43301486358143,19.519331001267147,0.03835184664826254,0.6532410198564733,0.864321608040201,0.5714285714285714,0.75,0.6532410198564733,0.864321608040201,0.5714285714285714,0.75,0.7097477998313113,E_stale,epara_priv,6,1.0,0.4,1.0,0.25,False,2.0,0.3,30
epara_priv,0.4,0.9962842161760456,0.0,965.24,965.24,0.9962842161760456,9.332309725493506,0.03748813013500681,0.41484662070104456,1.0,0.0,14.046167705350207,9.007918639435353,0.3350098062934161,0.9962921301503979,1.0,0.9444444444444444,1.0,0.9962921301503979,1.0,0.9444444444444444,1.0,0.9851841436487105,A_load,epara_priv,7,1.0,0.4,1.0,0.25,False,1.0,0.3,30
epara_priv,0.4,0.9978118161925602,0.0,966.72,966.72,0.9978118161925602,9.318037321494668,0.03600181660542504,0.41257586391973905,1.0,0.0,16.13740455840291,9.007933039435324,0.33561354118469655,0.9978752655918011,1.0,0.9444444444444444,0.9743589743589743,0.9978752655918011,1.0,0.9444444444444444,0.9743589743589743,0.9791696710988049,A_load,tera,7,1.0,0.4,1.0,0.25,False,1.0,0.3,30
ours,0.4,0.9924032864043598,0.0,961.48,961.48,0.9924032864043598,9.296810999120964,0.0002890054085297882,0.44771066429957473,1.0,0.0,17.021857730592618,8.938697839434825,0.3340195214395039,0.9924176144648585,0.9875776397515528,1.0,1.0,0.9924176144648585,0.9875776397515528,1.0,1.0,0.9949988135541028,A_load,ours,7,1.0,0.4,1.0,0.25,False,1.0,0.3,30
epara,1.0,0.4116777531411678,0.20830253757083025,1069.44,856.64,0.3297610248829761,23.48206888070804,0.005774205469327421,0.9998768169499876,1.0,0.0,22.51265021144654,25.11266374378441,0.026680147043651466,0.41020973363206376,0.609504132231405,0.25,0.4407894736842105,0.3284634055265123,0.5041322314049587,0.1388888888888889,0.3684210526315789,0.33497639461298473,E_stale,epara,6,1.0,0.4,1.0,0.25,False,2.0,0.3,30
local,0.6,0.3587716882401542,0.20459928394381713,521.08,411.44,0.28328284219223354,24.14980099478307,0.011153952079316992,0.0,1.0,0.0,0.0,12.583978302361563,0.30228194610718356,0.35811393144096304,0.4566929133858268,0.29411764705882354,0.35714285714285715,0.2829102838555423,0.35039370078740156,0.29411764705882354,0.22857142857142856,0.28899826506829895,A_load,local,7,1.0,0.4,1.0,0.25,False,1.0,0.3,30
rr,0.6,0.9501514734232994,0.23516937482787112,1380.0,1055.28,0.7265767006334343,9.123551813304667,0.06394932525475076,0.6754337648030846,1.0,0.0,0.8672903548349072,12.590501502360441,0.16452221089139576,0.9499569073368734,0.9803149606299213,0.8235294117647058,0.9714285714285714,0.7262920848508437,0.7913385826771654,0.7058823529411765,0.6428571428571429,0.7165925408315822,A_load,rr,7,1.0,0.4,1.0,0.25,False,1.0,0.3,30
rr_g,0.6,0.956210410355274,0.22156430735334617,1388.8,1081.92,0.7449187551638667,9.043272395132721,0.05097769209584137,0.6387221151198017,1.0,0.0,0.5074626336617257,12.559296702360323,0.16954255749272934,0.9564347076649337,0.9488188976377953,0.6470588235294118,0.9428571428571428,0.7451972531902472,0.7480314960629921,0.5882352941176471,0.6285714285714286,0.6775088679855787,A_load,rr_g,7,1.0,0.4,1.0,0.25,False,1.0,0.3,30
epara,0.6,0.9982374001652438,0.2222803635362159,1449.84,1127.6,0.7763701459652989,8.652438822463498,0.06226934728724869,0.4304599283943817,1.0,0.0,9.406755465074552,12.544651902360478,0.1364957521401542,0.9982206900386444,1.0,1.0,1.0,0.7765575912591398,0.7637795275590551,0.8823529411764706,0.7,0.7806725149986663,A_load,epara,7,1.0,0.4,1.0,0.25,False,1.0,0.3,30
epara_priv,1.0,0.36836351318058635,0.0,956.92,956.92,0.36836351318058635,24.427493384688482,0.004542374969204238,0.9752248090662725,1.0,0.0,40.07831347887334,23.375156969676098,0.03381086927770759,0.366147000248942,0.6549586776859504,0.2222222222222222,0.4276315789473684,0.366147000248942,0.6549586776859504,0.2222222222222222,0.4276315789473684,0.4177398697761207,E_stale,epara_priv,6,1.0,0.4,1.0,0.25,False,2.0,0.3,30
epara_priv,0.6,0.9776370145965299,0.0,1419.92,1419.92,0.9776370145965299,8.797503452561008,0.0489672266593225,0.5860919856788763,1.0,0.0,20.835716826133638,12.491751102360427,0.1585999220388231,0.9775362117378854,0.984251968503937,1.0,1.0,0.9775362117378854,0.984251968503937,1.0,1.0,0.9904470450604557,A_load,epara_priv,7,1.0,0.4,1.0,0.25,False,1.0,0.3,30
epara_priv,0.6,0.9828972734783806,0.0,1427.56,1427.56,0.9828972734783806,8.698734555717346,0.02536491324703938,0.5713852933076288,1.0,0.0,23.22621160550709,12.417965502359856,0.15085375242578683,0.9828463399038061,0.9881889763779528,1.0,0.9857142857142858,0.9828463399038061,0.9881889763779528,1.0,0.9857142857142858,0.9891874004990111,A_load,tera,7,1.0,0.4,1.0,0.25,False,1.0,0.3,30
local,0.8,0.23842850654444858,0.20921590486807878,461.96,371.36,0.19166769891407573,36.86094850073012,0.001548371113588505,0.0,1.0,0.0,0.0,17.028283769397284,0.2313304122832602,0.23763387090052923,0.3586626139817629,0.13043478260869565,0.25,0.1910863857982248,0.2735562310030395,0.13043478260869565,0.21739130434782608,0.2031171759394465,A_load,local,7,1.0,0.4,1.0,0.25,False,1.0,0.3,30
ours,0.6,0.9814376204902231,0.0,1425.44,1425.44,0.9814376204902231,8.57629300592059,0.001404571743321399,0.5439272927568163,1.0,0.0,21.213561834627384,12.224991102359446,0.1352198287077528,0.9813450471239122,0.9881889763779528,1.0,1.0,0.9813450471239122,0.9881889763779528,1.0,1.0,0.9923835058754662,A_load,ours,7,1.0,0.4,1.0,0.25,False,1.0,0.3,30
rr,0.8,0.7670836946199265,0.2186093562905157,1486.24,1173.12,0.605475040257649,11.276224949803234,0.04182666501507081,1.160865436227755,1.0,0.0,1.4865161380713794,16.75917656939556,0.04869443778365745,0.7661791057215486,0.9027355623100304,0.43478260869565216,0.8369565217391305,0.6049297828895278,0.6808510638297872,0.43478260869565216,0.6630434782608695,0.5959017334189592,A_load,rr,7,1.0,0.4,1.0,0.25,False,1.0,0.3,30
rr_g,0.8,0.7802345266113382,0.22490606548577563,1511.72,1161.8,0.599632519922375,11.203109947210265,0.07801725917667947,1.0933564556752962,1.0,0.0,0.7974206456689962,16.9359653693967,0.04984728808371822,0.7796182856190357,0.8662613981762918,0.4782608695652174,0.8695652173913043,0.5990123765470684,0.6778115501519757,0.4782608695652174,0.6739130434782609,0.6072494599356305,A_load,rr_g,7,1.0,0.4,1.0,0.25,False,1.0,0.3,30
epara,0.8,0.9799537553160742,0.228044097609315,1898.68,1464.84,0.7560386473429952,8.942608006297847,0.12628514802427845,0.6167058920682109,1.0,0.0,13.445720204564232,16.979150969397597,0.021542703800640804,0.9799558278118098,0.9969604863221885,0.782608695652174,0.967391304347826,0.7558861524357211,0.790273556231003,0.782608695652174,0.7065217391304348,0.7588225358623333,A_load,epara,7,1.0,0.4,1.0,0.25,False,1.0,0.3,30
local,0.9,0.21779129861085658,0.2090312648902247,475.36,361.28,0.16552431917311147,44.18602868686761,0.00811860865740571,0.0,1.0,0.0,0.0,21.004270596589386,0.20335824346828876,0.2174074005516169,0.27202072538860106,0.26666666666666666,0.2047244094488189,0.16526294356107585,0.18911917098445596,0.26666666666666666,0.18110236220472442,0.20053778585423074,A_load,local,7,1.0,0.4,1.0,0.25,False,1.0,0.3,30
rr,0.9,0.5278195213136385,0.21291646813033757,1152.04,936.08,0.428875123703405,18.124681952525084,0.015155957922515853,1.4907084997984092,1.0,0.0,1.8059838131229065,20.880358596586998,0.06171661036936011,0.5257020158080817,0.8238341968911918,0.43333333333333335,0.5511811023622047,0.42737352609073914,0.6373056994818653,0.43333333333333335,0.4330708661417323,0.4827708562619175,A_load,rr,7,1.0,0.4,1.0,0.25,False,1.0,0.3,30
epara_priv,0.8,0.8959288162186713,0.0,1735.88,1735.88,0.8959288162186713,9.457414728343274,0.10599116396217846,0.8047813699987613,1.0,0.0,29.45493814235967,16.416937078636522,0.06575300443975016,0.8957161311830646,0.9240121580547113,0.9130434782608695,0.9021739130434783,0.8957161311830646,0.9240121580547113,0.9130434782608695,0.9021739130434783,0.9087364201355309,A_load,epara_priv,7,1.0,0.4,1.0,0.25,False,1.0,0.3,30
epara_priv,0.8,0.9500185804533631,0.0,1840.68,1840.68,0.9500185804533631,9.005011431300238,0.0709360419505347,0.7224493166522152,1.0,0.0,28.993987527863485,16.575344441365722,0.05302027150466202,0.9500979289077801,0.9544072948328267,0.7391304347826086,0.9456521739130435,0.9500979289077801,0.9544072948328267,0.7391304347826086,0.9456521739130435,0.8973219581090648,A_load,tera,7,1.0,0.4,1.0,0.25,False,1.0,0.3,30
rr_g,0.9,0.5589561265256753,0.23780376058351355,1220.0,922.44,0.4226258109445442,17.19587688244943,0.036579555034270426,1.3882454275556206,1.0,0.0,0.9829028980806112,20.978969796588302,0.049382794792114874,0.5571886048534883,0.810880829015544,0.36666666666666664,0.5905511811023622,0.4210243785054514,0.6398963730569949,0.3333333333333333,0.4645669291338583,0.4647052535074095,A_load,rr_g,7,1.0,0.4,1.0,0.25,False,1.0,0.3,30
ours,0.8,0.911040918287295,0.0,1765.16,1765.16,0.911040918287295,9.134074441616935,0.022441058672942733,0.7545522110739502,1.0,0.0,30.798150120384044,16.12310284136455,0.03257588928023475,0.9109263657957245,0.9300911854103343,0.6956521739130435,0.9565217391304348,0.9109263657957245,0.9300911854103343,0.6956521739130435,0.9565217391304348,0.8732978660623844,A_load,ours,7,1.0,0.4,1.0,0.25,False,1.0,0.3,30
local,1.0,0.16801926629717603,0.20470440749538138,407.44,319.0,0.1315485616257588,59.29675330649889,0.004371206122987596,0.0,1.0,0.0,0.0,24.159869167199908,0.18123080752644255,0.16745829375197907,0.25669642857142855,0.11428571428571428,0.13768115942028986,0.13107677949435861,0.20982142857142858,0.02857142857142857,0.10869565217391304,0.1195413222027822,A_load,local,7,1.0,0.4,1.0,0.25,False,1.0,0.3,30
epara,0.9,0.395759264010556,0.23740057911519993,863.8,664.52,0.3044569878679031,24.128667048608115,0.010556023897665212,1.3126855551075762,1.0,0.0,27.499695587098085,20.84234259658769,0.03360440348408266,0.39272161856986837,0.772020725388601,0.43333333333333335,0.5354330708661418,0.3020009995742554,0.6036269430051814,0.36666666666666664,0.4251968503937008,0.4243728649099511,A_load,epara,7,1.0,0.4,1.0,0.25,False,1.0,0.3,30
rr,1.0,0.28094484032726313,0.2318718659276854,681.28,516.12,0.2128365003958828,34.695965780875234,0.019513723937714438,1.7272532330430193,1.0,0.0,2.050482146108325,23.63766756719468,0.048080574344012604,0.2781194273619652,0.6294642857142857,0.11428571428571428,0.42028985507246375,0.21058947052647367,0.4888392857142857,0.05714285714285714,0.3333333333333333,0.2724762366792375,A_load,rr,7,1.0,0.4,1.0,0.25,False,1.0,0.3,30
rr_g,1.0,0.3629255740300871,0.22091910794404856,880.08,701.0,0.28907693322776457,27.042127496583756,0.03350158353127474,1.6420889416732647,1.0,0.0,1.1793282913512353,23.79923556719343,0.05772168215290753,0.3608652900688299,0.6540178571428571,0.2,0.35507246376811596,0.28748562571871406,0.515625,0.14285714285714285,0.2826086956521739,0.3071441160570077,A_load,rr_g,7,1.0,0.4,1.0,0.25,False,1.0,0.3,30
epara_priv,0.9,0.6205879118865227,0.0,1354.52,1354.52,0.6205879118865227,14.66650678380361,0.03465527984459187,1.152659165047832,1.0,0.0,39.4583638271796,19.866076768797665,0.03717512563150516,0.6186624215611869,0.8886010362694301,0.5,0.6535433070866141,0.6186624215611869,0.8886010362694301,0.5,0.6535433070866141,0.6652016912293077,A_load,epara_priv,7,1.0,0.4,1.0,0.25,False,1.0,0.3,30
epara_priv,0.9,0.6281933804933475,0.0,1371.12,1371.12,0.6281933804933475,14.496380829756172,0.022559835795183815,1.1794340798299308,1.0,0.0,44.936567349409806,19.87627768329528,0.018017808175950428,0.6261777391111193,0.8756476683937824,0.7,0.7165354330708661,0.6261777391111193,0.8756476683937824,0.7,0.7165354330708661,0.7295902101439419,A_load,tera,7,1.0,0.4,1.0,0.25,False,1.0,0.3,30
ours,0.9,0.5658835172085181,0.0,1235.12,1235.12,0.5658835172085181,15.860466840610789,0.03179635670564088,1.1891837407909687,1.0,0.0,46.003879151474294,19.589579804175198,0.030636487652581305,0.5636858375136516,0.844559585492228,0.5,0.6692913385826772,0.5636858375136516,0.844559585492228,0.5,0.6692913385826772,0.6443841903971392,A_load,ours,7,1.0,0.4,1.0,0.25,False,1.0,0.3,30
epara,1.0,0.30570401161256266,0.22242016363156505,741.32,570.4,0.23522037476906835,32.17239352397637,0.016000263921879122,0.9421021377672208,1.0,0.0,22.902389478349097,23.85003876719416,0.017832495770621463,0.30348482575871205,0.59375,0.14285714285714285,0.37681159420289856,0.23325500391647083,0.49107142857142855,0.05714285714285714,0.30434782608695654,0.2714542789294283,A_load,epara,7,1.0,0.4,1.0,0.25,False,1.0,0.3,30
epara_priv,0.8,0.8959288162186713,0.0,1735.88,1735.88,0.8959288162186713,9.457414728343274,0.10599116396217846,0.8047813699987613,1.0,0.0,28.59745963582316,16.416937078636522,0.06575300443975016,0.8957161311830646,0.9240121580547113,0.9130434782608695,0.9021739130434783,0.8957161311830646,0.9240121580547113,0.9130434782608695,0.9021739130434783,0.9087364201355309,B_energy,epara_priv,7,1.0,0.4,1.0,0.25,False,1.0,0.3,30
energy,0.8,0.9757215409389323,0.21966224864775588,1890.48,1475.92,0.761757297989182,8.826601799223312,0.06742640075973409,0.6409843511292787,1.0,0.0,15.263828034471311,16.686514169395686,0.022206410673636864,0.9757052964953953,0.9908814589665653,0.6956521739130435,1.0,0.7616577072134016,0.78419452887538,0.6521739130434783,0.7608695652173914,0.7397239285874129,B_energy,energy,7,1.0,0.4,1.0,0.25,False,1.0,0.3,30
epara_priv,1.0,0.3052586434415413,0.0,740.24,740.24,0.3052586434415413,29.374346865887194,0.00804961731327527,1.0960675640010558,1.0,0.0,43.51812994738131,21.744066524004335,0.04540215885742008,0.3023015515890872,0.6852678571428571,0.2,0.38405797101449274,0.3023015515890872,0.6852678571428571,0.2,0.38405797101449274,0.39290684493660927,A_load,epara_priv,7,1.0,0.4,1.0,0.25,False,1.0,0.3,30
ours,0.8,0.911040918287295,0.0,1765.16,1765.16,0.911040918287295,9.134074441616935,0.022441058672942733,0.7545522110739502,1.0,0.0,31.064833562669836,16.12310284136455,0.03257588928023475,0.9109263657957245,0.9300911854103343,0.6956521739130435,0.9565217391304348,0.9109263657957245,0.9300911854103343,0.6956521739130435,0.9565217391304348,0.8732978660623844,B_energy,ours,7,1.0,0.4,1.0,0.25,False,1.0,0.3,30
epara_priv,1.0,0.2677157561361837,0.0,649.2,649.2,0.2677157561361837,34.338369880355195,0.012288862496700977,0.9939627870150436,1.0,0.0,48.11594416501531,22.29246972632659,0.04547876595027833,0.2655200573304668,0.5223214285714286,0.2571428571428571,0.39855072463768115,0.2655200573304668,0.5223214285714286,0.2571428571428571,0.39855072463768115,0.3608837669206084,A_load,tera,7,1.0,0.4,1.0,0.25,False,1.0,0.3,30
ours,1.0,0.30278437582475587,0.0,734.24,734.24,0.30278437582475587,29.773015730471297,0.009220770651887042,1.085114806017419,1.0,0.0,48.12428797868555,21.860539069941243,0.04557504765982982,0.2999350032498375,0.6607142857142857,0.22857142857142856,0.39855072463768115,0.2999350032498375,0.6607142857142857,0.22857142857142856,0.39855072463768115,0.39694286054330824,A_load,ours,7,1.0,0.4,1.0,0.25,False,1.0,0.3,30
ours,0.8,0.8835005574136009,0.0,1711.8,1711.8,0.8835005574136009,9.498766936187076,0.04502663198315372,0.8453280482265989,1.0,0.0,37.08918232227379,16.259989241365037,0.055230396834711586,0.8830895528607743,0.9331306990881459,0.782608695652174,0.9456521739130435,0.8830895528607743,0.9331306990881459,0.782608695652174,0.9456521739130435,0.8861202803785344,B_energy,ours_b,7,1.0,0.4,1.0,0.25,False,1.0,0.3,30
ours,0.8,0.8830876584499773,0.0,1711.0,1711.0,0.8830876584499773,9.598540526806536,0.06748833560427764,0.8082497212931996,1.0,0.0,29.029589028583192,16.42310284136598,0.046144169846639375,0.8827145059799142,0.9331306990881459,0.8695652173913043,0.9021739130434783,0.8827145059799142,0.9331306990881459,0.8695652173913043,0.9021739130434783,0.8968960838757106,B_energy,ours_c,7,1.0,0.4,1.0,0.0,False,1.0,0.3,30
energy,0.8,0.9404186795491143,0.21834097196416036,1822.08,1423.84,0.7348775754572856,8.973401260863334,0.006255419298897559,0.7572566992856848,0.9013333333333334,33.6,17.946615443456427,16.350254969393863,0.015047669851175826,0.9402633662541151,0.9726443768996961,0.6956521739130435,0.967391304347826,0.7347585114806018,0.7629179331306991,0.6521739130434783,0.717391304347826,0.7168104155006514,B_energy,energy,7,1.0,0.4,1.0,0.25,True,1.0,0.3,30
epara_priv,0.8,0.8728064742557496,0.0,1691.08,1691.08,0.8728064742557496,9.233274611241606,0.00627606424707874,0.9065196746356167,0.8706666666666668,38.4,31.389375594750113,15.614206029578455,0.05032081849167253,0.8724215526940867,0.9270516717325228,0.8260869565217391,0.8913043478260869,0.8724215526940867,0.9270516717325228,0.8260869565217391,0.8913043478260869,0.879216132193609,B_energy,epara_priv,7,1.0,0.4,1.0,0.25,True,1.0,0.3,30
ours,0.8,0.8672736281431933,0.0,1680.36,1680.36,0.8672736281431933,9.53819281955825,0.0006193484454354019,0.9041455055947809,0.924,24.0,35.90245305646337,16.027597686272898,0.02882451212408148,0.866754177605534,0.9452887537993921,0.6521739130434783,0.9130434782608695,0.866754177605534,0.9452887537993921,0.6521739130434783,0.9130434782608695,0.8443150806773185,B_energy,ours,7,1.0,0.4,1.0,0.25,True,1.0,0.3,30
ours,0.8,0.896816548990462,0.0,1737.6,1737.6,0.896816548990462,9.036794002757212,0.006647673314339981,0.8062678062678063,0.9133333333333334,31.200000000000003,29.23210208653333,15.702333259190931,0.04732324634498276,0.8966120765095636,0.9331306990881459,0.6521739130434783,0.9347826086956522,0.8966120765095636,0.9331306990881459,0.6521739130434783,0.9347826086956522,0.85417482433421,B_energy,ours_c,7,1.0,0.4,1.0,0.0,True,1.0,0.3,30
ours,0.8,0.8948139890168876,0.0,1733.72,1733.72,0.8948139890168876,9.144219586694996,0.000639993393616582,0.8377926421404682,0.9266666666666667,31.200000000000003,36.37740399370519,15.85351638184485,0.037159302206701605,0.8943201233487519,0.9544072948328267,0.9130434782608695,0.9347826086956522,0.8943201233487519,0.9544072948328267,0.9130434782608695,0.9347826086956522,0.9241383762845251,B_energy,ours_b,7,1.0,0.4,1.0,0.25,True,1.0,0.3,30
energy,0.8,0.8863082703662414,0.21960031380321235,1717.24,1346.04,0.6947231512448904,10.316293918962998,0.21299393038523473,0.8475370576819852,1.0,0.0,20.038144238956082,17.715552569400018,0.0,0.8858398966537484,0.9665653495440729,0.5652173913043478,0.9239130434782609,0.6943159561611868,0.7720364741641338,0.4782608695652174,0.6847826086956522,0.6573489771465475,B_energy,energy,7,0.7,0.4,1.0,0.25,False,1.0,0.3,30
epara_priv,0.8,0.8881456707543665,0.0,1720.8,1720.8,0.8881456707543665,10.359115795597019,0.3219166769891408,0.8057929724596391,1.0,0.0,28.752042197337722,17.82596646106335,0.010139189079839083,0.8879859982497812,0.9544072948328267,0.5652173913043478,0.8152173913043478,0.8879859982497812,0.9544072948328267,0.5652173913043478,0.8152173913043478,0.8057070189228258,B_energy,epara_priv,7,0.7,0.4,1.0,0.25,False,1.0,0.3,30
ours,0.8,0.8117593624840002,0.0,1572.8,1572.8,0.8117593624840002,10.805419405753778,0.16563441925760766,0.9481398901688757,1.0,0.0,43.81716334973951,16.99476364136954,0.0,0.8109138642330291,0.9361702127659575,0.5652173913043478,0.8695652173913043,0.8109138642330291,0.9361702127659575,0.5652173913043478,0.8695652173913043,0.7954666714236597,B_energy,ours,7,0.7,0.4,1.0,0.25,False,1.0,0.3,30
ours,0.8,0.8803212353936991,0.0,1705.64,1705.64,0.8803212353936991,9.869741996493705,0.16821503778025518,0.8355423427887196,1.0,0.0,43.26792294452084,16.83422673889952,0.003321138372851516,0.8800891778138934,0.9179331306990881,0.8260869565217391,0.8804347826086957,0.8800891778138934,0.9179331306990881,0.8260869565217391,0.8804347826086957,0.8761360119108541,B_energy,ours_b,7,0.7,0.4,1.0,0.25,False,1.0,0.3,30
ours,0.8,0.8471860935629052,0.0,1641.44,1641.44,0.8471860935629052,10.668353714617407,0.24012139229530535,0.8255708328172097,1.0,0.0,30.239574282411873,17.511462521321597,0.002271592611712411,0.8470225444847272,0.8966565349544073,0.4782608695652174,0.8478260869565217,0.8470225444847272,0.8966565349544073,0.4782608695652174,0.8478260869565217,0.7674415089902183,B_energy,ours_c,7,0.7,0.4,1.0,0.0,False,1.0,0.3,30
epara_priv,0.8,0.708101077666295,0.0,1371.96,1371.96,0.708101077666295,9.077952971120517,0.015008877327717907,1.1563854824724389,0.6653333333333334,98.39999999999999,39.465445558079686,12.454588358258505,0.012113837176041795,0.7078384798099763,0.7507598784194529,0.5217391304347826,0.7391304347826086,0.7078384798099763,0.7507598784194529,0.5217391304347826,0.7391304347826086,0.6798669808617052,B_energy,epara_priv,7,0.7,0.4,1.0,0.25,True,1.0,0.3,30
energy,0.8,0.45740947190222553,0.1716833890746934,886.24,701.24,0.36192658656426774,15.57816781522729,0.0068541227961517815,1.5125727734423386,0.5813333333333334,117.6,34.182271933988076,13.805995444567033,0.0,0.4544526399133225,0.8328267477203647,0.4782608695652174,0.6521739130434783,0.35954494311788976,0.6656534954407295,0.4782608695652174,0.4891304347826087,0.49814743572661135,B_energy,energy,7,0.7,0.4,1.0,0.25,True,1.0,0.3,30
ours,0.8,0.5361493042652463,0.0,1038.8,1038.8,0.5361493042652463,12.687028049870989,0.01624757421858871,1.3842437755481234,0.6293333333333333,117.6,51.452294579788145,13.179284738205984,0.0,0.5341292661582698,0.7933130699088146,0.4782608695652174,0.6847826086956522,0.5341292661582698,0.7933130699088146,0.4782608695652174,0.6847826086956522,0.6226214535819885,B_energy,ours,7,0.7,0.4,1.0,0.25,True,1.0,0.3,30
ours,0.8,0.6987076262438582,0.0,1353.76,1353.76,0.6987076262438582,10.268280161030587,0.015153391964986168,1.1951566951566952,0.612,124.80000000000001,50.38300260479721,13.90078695079677,0.0017292084011241255,0.69777472184023,0.8085106382978723,0.43478260869565216,0.8586956521739131,0.69777472184023,0.8085106382978723,0.43478260869565216,0.8586956521739131,0.699940905251917,B_energy,ours_b,7,0.7,0.4,1.0,0.25,True,1.0,0.3,30
epara_priv,0.8,0.7743300714315207,0.0,1500.28,1500.28,0.7743300714315207,12.24571156487191,0.3755109624674842,0.9650687476774433,1.0,0.0,34.5692579732398,18.371996146546028,0.0,0.7741801058465642,0.878419452887538,0.391304347826087,0.5760869565217391,0.7741801058465642,0.878419452887538,0.391304347826087,0.5760869565217391,0.654997715770482,B_energy,epara_priv,7,0.5,0.4,1.0,0.25,False,1.0,0.3,30
ours,0.8,0.4037119616829762,0.0,782.2,782.2,0.4037119616829762,17.50966310392946,0.009930220075147612,1.2450761798587886,0.5946666666666667,120.0,44.628294645274536,13.696058479893622,0.012842296009911814,0.40080010001250155,0.7720364741641338,0.43478260869565216,0.5978260869565217,0.40080010001250155,0.7720364741641338,0.43478260869565216,0.5978260869565217,0.5513613174572023,B_energy,ours_c,7,0.7,0.4,1.0,0.0,True,1.0,0.3,30
energy,0.8,0.5056567158016433,0.2154093893224328,979.72,777.24,0.4011519881085098,19.617666036632876,0.28527189396754615,1.4074074074074074,1.0,0.0,32.33373977699371,19.219819769409963,0.0,0.5032920781764387,0.8905775075987842,0.34782608695652173,0.40217391304347827,0.39940409217818895,0.7021276595744681,0.30434782608695654,0.2608695652173913,0.41668728576425124,B_energy,energy,7,0.5,0.4,1.0,0.25,False,1.0,0.3,30
ours,0.8,0.5219662248647756,0.0,1011.32,1011.32,0.5219662248647756,18.158477413808125,0.2548618852966679,1.3376687724513812,1.0,0.0,54.35150465583132,18.364031378132434,0.0,0.5198774846855857,0.8601823708206687,0.391304347826087,0.43478260869565216,0.5198774846855857,0.8601823708206687,0.391304347826087,0.43478260869565216,0.5515367030069984,B_energy,ours,7,0.5,0.4,1.0,0.25,False,1.0,0.3,30
ours,0.8,0.5818778644865601,0.0,1127.4,1127.4,0.5818778644865601,16.432980239444397,0.3396919773731368,1.2415871836161692,1.0,0.0,55.89329579296192,18.52654192194961,0.0,0.5801350168771097,0.8875379939209727,0.30434782608695654,0.4673913043478261,0.5801350168771097,0.8875379939209727,0.30434782608695654,0.4673913043478261,0.5598530353082163,B_energy,ours_b,7,0.5,0.4,1.0,0.25,False,1.0,0.3,30
ours,0.8,0.7056236838845534,0.0,1367.16,1367.16,0.7056236838845534,13.116844329743026,0.3508815392873364,0.9458276559725836,1.0,0.0,33.73471852599178,17.932824893851475,0.0,0.7049006125765721,0.8723404255319149,0.43478260869565216,0.5543478260869565,0.7049006125765721,0.8723404255319149,0.43478260869565216,0.5543478260869565,0.641592868222774,B_energy,ours_c,7,0.5,0.4,1.0,0.0,False,1.0,0.3,30
epara_priv,0.8,0.6177587844254511,0.0,1196.92,1196.92,0.6177587844254511,7.880995325266902,0.027189396754614147,1.2893183038110574,0.4853333333333334,144.0,42.62073878336047,9.43292092471846,0.0,0.6181397674709339,0.5835866261398176,0.34782608695652173,0.6086956521739131,0.6181397674709339,0.5835866261398176,0.34782608695652173,0.6086956521739131,0.5395620331852966,B_energy,epara_priv,7,0.5,0.4,1.0,0.25,True,1.0,0.3,30
energy,0.8,0.29396341715182295,0.13031091291960858,569.56,442.48,0.2283744167802139,18.574694793148154,0.011788265411453818,1.6954663693794128,0.384,180.0,38.36737022583378,10.579403166385465,0.0,0.291390590490478,0.6261398176291794,0.5217391304347826,0.391304347826087,0.22634079259907489,0.48632218844984804,0.4782608695652174,0.30434782608695654,0.3738179191752742,B_energy,energy,7,0.5,0.4,1.0,0.25,True,1.0,0.3,30
ours,0.8,0.32825467608076303,0.0,636.0,636.0,0.32825467608076303,16.5627319124966,0.010962467484206614,1.6135472149964905,0.39466666666666667,177.6,59.51349945948586,10.533897496347839,0.0,0.32610326290786346,0.601823708206687,0.4782608695652174,0.43478260869565216,0.32610326290786346,0.601823708206687,0.4782608695652174,0.43478260869565216,0.460242612343855,B_energy,ours,7,0.5,0.4,1.0,0.25,True,1.0,0.3,30
ours,0.8,0.43488583343655807,0.0,842.6,842.6,0.43488583343655807,12.308143126211148,0.02514554688467732,1.5255378009001197,0.3973333333333333,168.0,61.09862925404689,10.370841398145512,0.0,0.43380422552819103,0.5805471124620061,0.34782608695652173,0.5,0.43380422552819103,0.5805471124620061,0.34782608695652173,0.5,0.4655443562366797,B_energy,ours_b,7,0.5,0.4,1.0,0.25,True,1.0,0.3,30
ours,0.8,0.23805689747718733,0.0,461.24,461.24,0.23805689747718733,23.0606502233568,0.00311738717535819,1.1825632767661753,0.3400000000000001,170.39999999999998,45.891033002704916,10.63649430902109,0.0,0.23546693336667082,0.5653495440729484,0.43478260869565216,0.3695652173913043,0.23546693336667082,0.5653495440729484,0.43478260869565216,0.3695652173913043,0.40129107588164387,B_energy,ours_c,7,0.5,0.4,1.0,0.0,True,1.0,0.3,30
epara_priv,0.8,0.5346835129443825,0.0,1035.96,1035.96,0.5346835129443825,18.38713783547701,0.3896321070234114,1.241215574548908,1.0,0.0,42.07412698050928,19.048339312040763,0.0,0.5330249614535151,0.8541033434650456,0.2608695652173913,0.32608695652173914,0.5330249614535151,0.8541033434650456,0.2608695652173913,0.32608695652173914,0.49352120666442284,B_energy,epara_priv,7,0.35,0.4,1.0,0.25,False,1.0,0.3,30
energy,0.8,0.36118336842974524,0.22767248854205377,699.8,536.44,0.27686940005780586,28.289326906845456,0.22963375861926585,1.5432098765432098,1.0,0.0,34.691555728421335,19.79687096941045,0.0,0.35833645872400716,0.8328267477203647,0.17391304347826086,0.20652173913043478,0.2744926449139476,0.668693009118541,0.13043478260869565,0.15217391304347827,0.3064485874211656,B_energy,energy,7,0.35,0.4,1.0,0.25,False,1.0,0.3,30
ours,0.8,0.36698459886865686,0.0,711.04,711.04,0.36698459886865686,26.862718022958113,0.26031215161649945,1.442772203641769,1.0,0.0,57.25732889812301,19.10046702304414,0.0,0.3641288494395133,0.851063829787234,0.17391304347826086,0.17391304347826086,0.3641288494395133,0.851063829787234,0.17391304347826086,0.17391304347826086,0.3907546915458172,B_energy,ours,7,0.35,0.4,1.0,0.25,False,1.0,0.3,30
ours,0.8,0.4442586399108138,0.0,860.76,860.76,0.4442586399108138,22.081278217385687,0.29749370329080477,1.295346628679962,1.0,0.0,58.84122163328295,19.006681038396906,0.0,0.4422011084718923,0.8024316109422492,0.17391304347826086,0.30434782608695654,0.4422011084718923,0.8024316109422492,0.17391304347826086,0.30434782608695654,0.43072339724483977,B_energy,ours_b,7,0.35,0.4,1.0,0.25,False,1.0,0.3,30
ours,0.8,0.4790453775961022,0.0,928.16,928.16,0.4790453775961022,19.63584559142278,0.32243280069367025,0.9797060159379,1.0,0.0,38.06178390711279,18.22520644413497,0.0,0.4775180230862191,0.7689969604863222,0.21739130434782608,0.30434782608695654,0.4775180230862191,0.7689969604863222,0.21739130434782608,0.30434782608695654,0.442063528501831,B_energy,ours_c,7,0.35,0.4,1.0,0.0,False,1.0,0.3,30
epara_priv,0.8,0.4416986663363475,0.0,855.8,855.8,0.4416986663363475,8.44290764382584,0.020892687559354226,1.4970477724100912,0.308,196.79999999999998,50.90710918127573,7.2254403615861555,0.0,0.4416593740884277,0.45896656534954405,0.34782608695652173,0.42391304347826086,0.4416593740884277,0.45896656534954405,0.34782608695652173,0.42391304347826086,0.4180912674681886,B_energy,epara_priv,7,0.35,0.4,1.0,0.25,True,1.0,0.3,30
energy,0.8,0.2156984185969693,0.09948800528510673,417.92,320.32,0.16532474503488997,18.558246605532503,0.007700565671580164,1.7782939014823074,0.18266666666666664,216.0,39.8678714357251,7.755862421384142,0.0,0.21394340959286579,0.4376899696048632,0.2608695652173913,0.32608695652173914,0.16370796349543693,0.3738601823708207,0.21739130434782608,0.25,0.25123986255352093,B_energy,energy,7,0.35,0.4,1.0,0.25,True,1.0,0.3,30
epara,0.8,0.9799537553160742,0.0,1898.68,1898.68,0.9799537553160742,8.942608006297847,0.12628514802427845,0.6167058920682109,1.0,0.0,13.210096419576557,16.979150969397597,0.021542703800640804,0.9799558278118098,0.9969604863221885,0.782608695652174,0.967391304347826,0.9799558278118098,0.9969604863221885,0.782608695652174,0.967391304347826,0.9317290785334995,C_privacy,epara,7,1.0,0.0,1.0,0.25,False,1.0,0.3,30
ours,0.8,0.2149964903588092,0.0,416.56,416.56,0.2149964903588092,18.22462028415818,0.0059251001279986785,1.7387381807671662,0.19466666666666665,230.39999999999998,62.13954553210062,7.591647825568932,0.0,0.21321415176897113,0.40425531914893614,0.391304347826087,0.42391304347826086,0.21321415176897113,0.40425531914893614,0.391304347826087,0.42391304347826086,0.35817171555556376,B_energy,ours,7,0.35,0.4,1.0,0.25,True,1.0,0.3,30
ours,0.8,0.3289153144225608,0.0,637.28,637.28,0.3289153144225608,11.235634235047002,0.01573145051405921,1.6393946901193277,0.21599999999999997,225.6,64.91870133203456,7.1602449853107535,0.0,0.327978497312164,0.41641337386018235,0.21739130434782608,0.532608695652174,0.327978497312164,0.41641337386018235,0.21739130434782608,0.532608695652174,0.3735979677930866,B_energy,ours_b,7,0.35,0.4,1.0,0.25,True,1.0,0.3,30
epara_priv,0.8,0.9799537553160742,0.0,1898.68,1898.68,0.9799537553160742,8.942608006297847,0.12628514802427845,0.6167058920682109,1.0,0.0,21.291907523316524,16.979150969397597,0.021542703800640804,0.9799558278118098,0.9969604863221885,0.782608695652174,0.967391304347826,0.9799558278118098,0.9969604863221885,0.782608695652174,0.967391304347826,0.9317290785334995,C_privacy,epara_priv,7,1.0,0.0,1.0,0.25,False,1.0,0.3,30
ours,0.8,0.17923944010900533,0.0,347.28,347.28,0.17923944010900533,20.813064375071438,0.004686403237127875,1.1023576530822907,0.20133333333333328,216.0,46.33588858549368,7.227960996174809,0.0,0.17741801058465642,0.3951367781155015,0.30434782608695654,0.32608695652173914,0.17741801058465642,0.3951367781155015,0.30434782608695654,0.32608695652173914,0.3007473928272134,B_energy,ours_c,7,0.35,0.4,1.0,0.0,True,1.0,0.3,30
epara,0.8,0.9799537553160742,0.11831619802634295,1898.68,1673.76,0.8638672116932986,8.942608006297847,0.12628514802427845,0.6167058920682109,1.0,0.0,13.248185453159547,16.979150969397597,0.021542703800640804,0.9799558278118098,0.9969604863221885,0.782608695652174,0.967391304347826,0.8637954744343043,0.8814589665653495,0.782608695652174,0.8586956521739131,0.8466396972064352,C_privacy,epara,7,1.0,0.2,1.0,0.25,False,1.0,0.3,30
epara_priv,0.8,0.9266691440604484,0.0,1795.44,1795.44,0.9266691440604484,9.486542223297574,0.11342334530740328,0.8418596969321607,1.0,0.0,31.56724575867778,17.032517369397397,0.03106189191606373,0.9264491394757678,0.9756838905775076,0.6086956521739131,0.9456521739130435,0.9264491394757678,0.9756838905775076,0.6086956521739131,0.9456521739130435,0.864120214035058,C_privacy,tera,7,1.0,0.0,1.0,0.25,False,1.0,0.3,30
epara,0.8,0.9799537553160742,0.2324827614682687,1898.68,1456.6,0.751785788017672,8.942608006297847,0.12628514802427845,0.6167058920682109,1.0,0.0,13.312972048376691,16.979150969397597,0.021542703800640804,0.9799558278118098,0.9969604863221885,0.782608695652174,0.967391304347826,0.7516356211193066,0.78419452887538,0.782608695652174,0.7065217391304348,0.7562401461943238,C_privacy,epara,7,1.0,0.4,1.0,0.25,False,1.0,0.3,30
epara_priv,0.8,0.9735951112762707,0.0,1886.36,1886.36,0.9735951112762707,8.86340703875559,0.09604029893884966,0.6900573929559437,1.0,0.0,24.027042890130552,16.719576501626992,0.049030324587796215,0.9737258824019669,0.9756838905775076,0.7391304347826086,0.9565217391304348,0.9737258824019669,0.9756838905775076,0.7391304347826086,0.9565217391304348,0.9112654867231293,C_privacy,epara_priv,7,1.0,0.2,1.0,0.25,False,1.0,0.3,30
epara_priv,0.8,0.9717370659399645,0.0,1882.76,1882.76,0.9717370659399645,8.992328093526158,0.13448119245220694,0.695032825467608,1.0,0.0,26.498447979668292,16.93039564136731,0.04211703960923667,0.9718923198733175,0.993920972644377,0.5652173913043478,0.9130434782608695,0.9718923198733175,0.993920972644377,0.5652173913043478,0.9130434782608695,0.8610185405207279,C_privacy,tera,7,1.0,0.2,1.0,0.25,False,1.0,0.3,30
epara_priv,0.8,0.8951443081877865,0.0,1734.36,1734.36,0.8951443081877865,9.533451487187063,0.09694867665882159,0.7263925017548206,1.0,0.0,26.08674011987382,16.534436921317756,0.052078053028516286,0.8947576780430887,0.9331306990881459,0.9565217391304348,0.9456521739130435,0.8947576780430887,0.9331306990881459,0.9565217391304348,0.9456521739130435,0.9325155725436782,C_privacy,epara_priv,7,1.0,0.4,1.0,0.25,False,1.0,0.3,30
epara,0.8,0.9799537553160742,0.3492092984846608,1898.68,1234.8,0.6373095503530286,8.942608006297847,0.12628514802427845,0.6167058920682109,1.0,0.0,13.461942943237405,16.979150969397597,0.021542703800640804,0.9799558278118098,0.9969604863221885,0.782608695652174,0.967391304347826,0.6370379630787182,0.6778115501519757,0.7391304347826086,0.6086956521739131,0.6656689000468039,C_privacy,epara,7,1.0,0.6,1.0,0.25,False,1.0,0.3,30
epara_priv,0.8,0.9481192452206945,0.0,1837.0,1837.0,0.9481192452206945,9.015374001832596,0.09990090424873034,0.7260621825839217,1.0,0.0,28.87359221794121,16.56124204136648,0.02723967766314925,0.9480351710630496,0.9756838905775076,0.6956521739130435,0.9565217391304348,0.9480351710630496,0.9756838905775076,0.6956521739130435,0.9565217391304348,0.8939732436710089,C_privacy,tera,7,1.0,0.4,1.0,0.25,False,1.0,0.3,30
epara,0.8,0.9799537553160742,0.4658532557083282,1898.68,1013.84,0.5232668566001899,8.942608006297847,0.12628514802427845,0.6167058920682109,1.0,0.0,13.240833265476537,16.979150969397597,0.021542703800640804,0.9799558278118098,0.9969604863221885,0.782608695652174,0.967391304347826,0.5227528441055131,0.5896656534954408,0.6086956521739131,0.532608695652174,0.5634307113567603,C_privacy,epara,7,1.0,0.8,1.0,0.25,False,1.0,0.3,30
epara_priv,0.8,0.7990007845080309,0.0,1548.08,1548.08,0.7990007845080309,10.08303563020617,0.10310087121681324,0.7449523101697014,1.0,0.0,28.97010294497984,15.609345798409567,0.07239929036581123,0.7983497937242156,0.8753799392097265,0.6956521739130435,0.8913043478260869,0.7983497937242156,0.8753799392097265,0.6956521739130435,0.8913043478260869,0.815171563668268,C_privacy,epara_priv,7,1.0,0.6,1.0,0.25,False,1.0,0.3,30
epara_priv,0.8,0.8712993930385234,0.0,1688.16,1688.16,0.8712993930385234,9.333667986784945,0.08429332342375821,0.779181634254098,1.0,0.0,33.12074797220922,15.756724948570872,0.06791340856425668,0.8710463807975997,0.8966565349544073,0.782608695652174,0.9347826086956522,0.8710463807975997,0.8966565349544073,0.782608695652174,0.9347826086956522,0.8712735550249583,C_privacy,tera,7,1.0,0.6,1.0,0.25,False,1.0,0.3,30
epara_priv,0.8,0.5151740369131673,0.0,998.16,998.16,0.5151740369131673,14.732738863103643,0.0800611090466163,0.9868078781122259,1.0,0.0,38.33458120771511,14.705630623595532,0.15276506394308348,0.5129182814518481,0.8085106382978723,0.43478260869565216,0.6630434782608695,0.5129182814518481,0.8085106382978723,0.43478260869565216,0.6630434782608695,0.6048137516765606,C_privacy,epara_priv,7,1.0,0.8,1.0,0.25,False,1.0,0.3,30
ours,0.8,0.7743300714315207,0.0,1500.28,1500.28,0.7743300714315207,12.24571156487191,0.3755109624674842,0.9650687476774433,1.0,0.0,37.047776773356546,18.371996146546028,0.0,0.7741801058465642,0.878419452887538,0.391304347826087,0.5760869565217391,0.7741801058465642,0.878419452887538,0.391304347826087,0.5760869565217391,0.654997715770482,D_ablate,ours,7,0.5,0.4,0.0,0.0,False,1.0,0.3,30
epara_priv,0.8,0.548845947396672,0.0,1063.4,1063.4,0.548845947396672,14.108567542108009,0.061150336512655355,0.9664519592055824,1.0,0.0,42.91354968345046,15.003050724277657,0.13214760020720412,0.5468600241696879,0.7933130699088146,0.6086956521739131,0.6956521739130435,0.5468600241696879,0.7933130699088146,0.6086956521739131,0.6956521739130435,0.6611302300413647,C_privacy,tera,7,1.0,0.8,1.0,0.25,False,1.0,0.3,30
ours,0.8,0.6177587844254511,0.0,1196.92,1196.92,0.6177587844254511,7.880995325266902,0.027189396754614147,1.2893183038110574,0.4853333333333334,144.0,46.796252060042455,9.43292092471846,0.0,0.6181397674709339,0.5835866261398176,0.34782608695652173,0.6086956521739131,0.6181397674709339,0.5835866261398176,0.34782608695652173,0.6086956521739131,0.5395620331852966,D_ablate,ours,7,0.5,0.4,0.0,0.0,True,1.0,0.3,30
ours,0.8,0.815516743052975,0.0,1580.08,1580.08,0.815516743052975,11.651942383897667,0.4179982658243528,0.945311532268054,1.0,0.0,46.25175795951902,18.411001121949027,0.0,0.815622786181606,0.9179331306990881,0.34782608695652173,0.5108695652173914,0.815622786181606,0.9179331306990881,0.34782608695652173,0.5108695652173914,0.6480628922636518,D_ablate,ours,7,0.5,0.4,0.0,0.25,False,1.0,0.3,30
ours,0.8,0.574631487674966,0.0,1113.36,1113.36,0.574631487674966,8.868258468583088,0.013088897146868162,1.3532144184318098,0.4706666666666666,160.8,53.56880092182697,9.873564248581667,0.0,0.5748635246072425,0.5562310030395137,0.4782608695652174,0.5434782608695652,0.5748635246072425,0.5562310030395137,0.4782608695652174,0.5434782608695652,0.5382084145203847,D_ablate,ours,7,0.5,0.4,0.0,0.25,True,1.0,0.3,30
ours,0.8,0.6338618440067716,0.0,1228.12,1228.12,0.6338618440067716,14.490847803037624,0.28591188736116274,1.1367314918039555,1.0,0.0,41.73054720915491,17.79650000386657,0.0,0.6328707755136058,0.8449848024316109,0.34782608695652173,0.4673913043478261,0.6328707755136058,0.8449848024316109,0.34782608695652173,0.4673913043478261,0.5732682423123912,D_ablate,ours,7,0.5,0.4,0.5,0.0,False,1.0,0.3,30
ours,0.8,0.4343697097320286,0.0,841.6,841.6,0.4343697097320286,11.80488874703362,0.01282051282051282,1.5323299888517279,0.364,184.8,52.90930931951326,9.934994369503494,0.0,0.4334916864608076,0.5258358662613982,0.34782608695652173,0.5869565217391305,0.4334916864608076,0.5258358662613982,0.34782608695652173,0.5869565217391305,0.4735275403544645,D_ablate,ours,7,0.5,0.4,0.5,0.0,True,1.0,0.3,30
ours,0.8,0.723688013543086,0.0,1402.16,1402.16,0.723688013543086,13.098667242730299,0.35724018332713986,0.9976671208555267,1.0,0.0,37.92780952284411,18.36642726106672,0.0,0.7227570112930783,0.9179331306990881,0.34782608695652173,0.6086956521739131,0.7227570112930783,0.9179331306990881,0.34782608695652173,0.6086956521739131,0.6493029702806503,D_ablate,ours,7,0.5,0.4,1.0,0.0,False,1.0,0.3,30
ours,0.8,0.3561253561253561,0.0,690.0,690.0,0.3561253561253561,14.762477414956383,0.014430818778644865,1.5722986085304926,0.384,172.79999999999998,54.20848431716449,10.186109416319903,0.0,0.3539400758428137,0.6291793313069909,0.391304347826087,0.5108695652173914,0.3539400758428137,0.6291793313069909,0.391304347826087,0.5108695652173914,0.4713233300483207,D_ablate,ours,7,0.5,0.4,1.0,0.0,True,1.0,0.3,30
ours,0.8,0.5219662248647756,0.0,1011.32,1011.32,0.5219662248647756,18.158477413808125,0.2548618852966679,1.3376687724513812,1.0,0.0,53.20218976126779,18.364031378132434,0.0,0.5198774846855857,0.8601823708206687,0.391304347826087,0.43478260869565216,0.5198774846855857,0.8601823708206687,0.391304347826087,0.43478260869565216,0.5515367030069984,D_ablate,ours,7,0.5,0.4,1.0,0.25,False,1.0,0.3,30
ours,0.8,0.32825467608076303,0.0,636.0,636.0,0.32825467608076303,16.5627319124966,0.010962467484206614,1.6135472149964905,0.39466666666666667,177.6,59.29836093728477,10.533897496347839,0.0,0.32610326290786346,0.601823708206687,0.4782608695652174,0.43478260869565216,0.32610326290786346,0.601823708206687,0.4782608695652174,0.43478260869565216,0.460242612343855,D_ablate,ours,7,0.5,0.4,1.0,0.25,True,1.0,0.3,30
ours,0.8,0.4206201742433627,0.0,814.96,814.96,0.4206201742433627,22.6436528004912,0.224947355382138,1.3861637557289732,1.0,0.0,55.8251881238589,18.45367128628831,0.0,0.4177397174646831,0.8601823708206687,0.30434782608695654,0.3804347826086957,0.4177397174646831,0.8601823708206687,0.30434782608695654,0.3804347826086957,0.490676174245251,D_ablate,ours,7,0.5,0.4,2.0,0.25,False,1.0,0.3,30
ours,0.8,0.301767207564309,0.0,584.68,584.68,0.301767207564309,17.447314650256732,0.011602460877823196,1.6441636731491804,0.3586666666666667,182.4,60.268650924267924,10.201095929712107,0.0,0.29937075467766805,0.601823708206687,0.2608695652173913,0.4891304347826087,0.29937075467766805,0.601823708206687,0.2608695652173913,0.4891304347826087,0.4127986157210888,D_ablate,ours,7,0.5,0.4,2.0,0.25,True,1.0,0.3,30
epara_priv,0.8,0.7990007845080309,0.0,1548.08,1548.08,0.7990007845080309,10.08303563020617,0.10310087121681324,0.7449523101697014,1.0,0.0,32.93833224832041,15.609345798409567,0.07239929036581123,0.7983497937242156,0.8753799392097265,0.6956521739130435,0.8913043478260869,0.7983497937242156,0.8753799392097265,0.6956521739130435,0.8913043478260869,0.815171563668268,D_gamma,tera,7,1.0,0.6,1.0,0.25,False,1.0,1.0,30
ours,0.8,0.6521532680952971,0.0,1263.56,1263.56,0.6521532680952971,14.71587905570043,0.35507246376811596,1.175193030265494,1.0,0.0,52.78154179229532,18.594396139620834,0.0,0.650685502354461,0.939209726443769,0.34782608695652173,0.4673913043478261,0.650685502354461,0.939209726443769,0.34782608695652173,0.4673913043478261,0.6012781550256445,D_ablate,ours,7,0.5,0.4,1.0,0.4,False,1.0,0.3,30
epara_priv,0.8,0.8632685081960444,0.0,1672.6,1672.6,0.8632685081960444,9.535255564678435,0.12370452950163095,0.7485238862050456,1.0,0.0,31.711732204756625,15.948668457481151,0.07326567528853992,0.8629203650456307,0.9270516717325228,0.6956521739130435,0.8586956521739131,0.8629203650456307,0.9270516717325228,0.6956521739130435,0.8586956521739131,0.8360799657162775,D_gamma,tera,7,1.0,0.6,1.0,0.25,False,1.0,0.5,30
ours,0.8,0.31758123787109294,0.0,615.32,615.32,0.31758123787109294,16.429258518963195,0.0074528262934060036,1.6384863123993558,0.34800000000000003,182.4,64.60349918423351,10.109251351888432,0.0,0.315101887735967,0.6382978723404256,0.21739130434782608,0.4891304347826087,0.315101887735967,0.6382978723404256,0.21739130434782608,0.4891304347826087,0.41498037480170685,D_ablate,ours,7,0.5,0.4,1.0,0.4,True,1.0,0.3,30
rr,0.8,0.7670836946199265,0.2186093562905157,1486.24,1173.12,0.605475040257649,11.276224949803234,0.04182666501507081,1.160865436227755,1.0,0.0,1.4249366310185265,16.75917656939556,0.048694437783657264,0.7661791057215486,0.9027355623100304,0.43478260869565216,0.8369565217391305,0.6049297828895278,0.6808510638297872,0.43478260869565216,0.6630434782608695,0.5959017334189592,E_stale,rr,7,1.0,0.4,1.0,0.25,False,0.1,0.3,30
epara_priv,0.8,0.8712993930385234,0.0,1688.16,1688.16,0.8712993930385234,9.333667986784945,0.08429332342375821,0.779181634254098,1.0,0.0,32.927274186111205,15.756724948570872,0.06791340856425668,0.8710463807975997,0.8966565349544073,0.782608695652174,0.9347826086956522,0.8710463807975997,0.8966565349544073,0.782608695652174,0.9347826086956522,0.8712735550249583,D_gamma,tera,7,1.0,0.6,1.0,0.25,False,1.0,0.3,30
epara_priv,0.8,0.9019571410875759,0.0,1747.56,1747.56,0.9019571410875759,9.167985630300022,0.10450472769313349,0.7535406086130724,1.0,0.0,32.84544678931928,16.021604968087107,0.05225561614588399,0.901779389090303,0.9452887537993921,0.6086956521739131,0.9130434782608695,0.901779389090303,0.9452887537993921,0.6086956521739131,0.9130434782608695,0.8422018183311194,D_gamma,tera,7,1.0,0.6,1.0,0.25,False,1.0,0.1,30
epara,0.8,0.9953755316074157,0.21788678310417442,1928.56,1508.4,0.7785209959123003,8.84274140778479,0.12417936330979809,0.5855733102109913,1.0,0.0,13.392600706370986,17.053757369397434,0.0464943074151779,0.995582781180981,0.9878419452887538,0.6956521739130435,0.9891304347826086,0.7786806684168854,0.7689969604863222,0.6521739130434783,0.7608695652173914,0.7401802767910193,E_stale,epara,7,1.0,0.4,1.0,0.25,False,0.1,0.3,30
epara_priv,0.8,0.9524753292869235,0.0,1845.44,1845.44,0.9524753292869235,9.023125813695934,0.09116809116809117,0.6610718857095669,1.0,0.0,24.41171117772583,16.651637301627023,0.04608209656535442,0.9523065383172896,0.9756838905775076,0.9130434782608695,0.967391304347826,0.9523065383172896,0.9756838905775076,0.9130434782608695,0.967391304347826,0.9521063028758733,E_stale,epara_priv,7,1.0,0.4,1.0,0.25,False,0.1,0.3,30
rr,1.0,0.28094484032726313,0.2318718659276854,681.28,516.12,0.2128365003958828,34.695965780875234,0.019513723937714438,1.7272532330430193,1.0,0.0,2.0293866754990617,23.63766756719468,0.04808057434401262,0.2781194273619652,0.6294642857142857,0.11428571428571428,0.42028985507246375,0.21058947052647367,0.4888392857142857,0.05714285714285714,0.3333333333333333,0.2724762366792375,E_stale,rr,7,1.0,0.4,1.0,0.25,False,0.1,0.3,30
rr,0.8,0.7670836946199265,0.2186093562905157,1486.24,1173.12,0.605475040257649,11.276224949803234,0.04182666501507081,1.160865436227755,1.0,0.0,1.5523121276033471,16.75917656939556,0.04869443778365739,0.7661791057215486,0.9027355623100304,0.43478260869565216,0.8369565217391305,0.6049297828895278,0.6808510638297872,0.43478260869565216,0.6630434782608695,0.5959017334189592,E_stale,rr,7,1.0,0.4,1.0,0.25,False,0.25,0.3,30
epara,1.0,0.2620744259699129,0.21230865663763526,635.52,494.2,0.20379717603589337,37.83327852341505,0.0035629453681710215,0.6355403800475059,1.0,0.0,18.64380635901233,24.043805167200734,0.019173440148659952,0.2592870356482176,0.6227678571428571,0.2571428571428571,0.30434782608695654,0.20138993050347484,0.5111607142857143,0.17142857142857143,0.2608695652173913,0.286212195358788,E_stale,epara,7,1.0,0.4,1.0,0.25,False,0.1,0.3,30
epara,0.8,0.995643915933771,0.2336182336182336,1929.08,1478.2,0.7629340600355093,8.819471545709378,0.1140220488046575,0.5409802221396425,1.0,0.0,12.649732891451395,17.01346616939705,0.04603098808162989,0.9957494686835855,1.0,0.8695652173913043,0.9565217391304348,0.7627620119181564,0.8024316109422492,0.7391304347826086,0.717391304347826,0.7554288404977101,E_stale,epara,7,1.0,0.4,1.0,0.25,False,0.25,0.3,30
epara_priv,0.8,0.920661464139725,0.0,1783.8,1783.8,0.920661464139725,9.295830419815399,0.12444774763615343,0.6905115818159296,1.0,0.0,26.539705231266606,16.58190230286671,0.05315092953147211,0.9204483893820061,0.9483282674772037,0.9130434782608695,0.9347826086956522,0.9204483893820061,0.9483282674772037,0.9130434782608695,0.9347826086956522,0.9291506859539329,E_stale,epara_priv,7,1.0,0.4,1.0,0.25,False,0.25,0.3,30
rr,1.0,0.28094484032726313,0.2318718659276854,681.28,516.12,0.2128365003958828,34.695965780875234,0.019513723937714438,1.7272532330430193,1.0,0.0,2.0233636262283285,23.63766756719468,0.048080574344012625,0.2781194273619652,0.6294642857142857,0.11428571428571428,0.42028985507246375,0.21058947052647367,0.4888392857142857,0.05714285714285714,0.3333333333333333,0.2724762366792375,E_stale,rr,7,1.0,0.4,1.0,0.25,False,0.25,0.3,30
epara_priv,1.0,0.21308392715756136,0.0,516.72,516.72,0.21308392715756136,41.508803454407605,0.0015505410398522037,0.7645486935866983,1.0,0.0,38.77178839805374,21.448428920961497,0.014949280783337513,0.2096228521907238,0.6607142857142857,0.2571428571428571,0.2536231884057971,0.2096228521907238,0.6607142857142857,0.2571428571428571,0.2536231884057971,0.34527579586341595,E_stale,epara_priv,7,1.0,0.4,1.0,0.25,False,0.1,0.3,30
rr,0.8,0.7670836946199265,0.2186093562905157,1486.24,1173.12,0.605475040257649,11.276224949803234,0.04182666501507081,1.160865436227755,1.0,0.0,1.4798764571523821,16.75917656939556,0.04869443778365739,0.7661791057215486,0.9027355623100304,0.43478260869565216,0.8369565217391305,0.6049297828895278,0.6808510638297872,0.43478260869565216,0.6630434782608695,0.5959017334189592,E_stale,rr,7,1.0,0.4,1.0,0.25,False,0.5,0.3,30
epara,1.0,0.2621569015571391,0.21623449458960148,635.72,488.32,0.20137239377144364,37.50860436543698,0.002028899445764054,0.7054301926629718,1.0,0.0,20.520627515617388,23.8449699671956,0.0546292311523283,0.25945369398196755,0.6160714285714286,0.22857142857142856,0.2971014492753623,0.1990900454977251,0.49776785714285715,0.17142857142857143,0.2391304347826087,0.27685422721294056,E_stale,epara,7,1.0,0.4,1.0,0.25,False,0.25,0.3,30
epara,0.8,0.9922581444320575,0.2239976877658037,1922.52,1491.64,0.7698707626243858,8.835461253665441,0.10917048598208018,0.6096659647384285,1.0,0.0,13.71777269821587,16.986350969396884,0.03628995101299849,0.9924157186314956,0.9969604863221885,0.6956521739130435,0.967391304347826,0.7698253948410217,0.8024316109422492,0.6956521739130435,0.6956521739130435,0.7408903384023394,E_stale,epara,7,1.0,0.4,1.0,0.25,False,0.5,0.3,30
epara_priv,0.8,0.9311284528675833,0.0,1804.08,1804.08,0.9311284528675833,9.194712674253438,0.11784136421817581,0.7112391097898344,1.0,0.0,25.73192103072691,16.58799724136714,0.06044338311358124,0.9309705379839146,0.9574468085106383,0.782608695652174,0.9565217391304348,0.9309705379839146,0.9574468085106383,0.782608695652174,0.9565217391304348,0.9068869453192905,E_stale,epara_priv,7,1.0,0.4,1.0,0.25,False,0.5,0.3,30
rr,1.0,0.28094484032726313,0.2318718659276854,681.28,516.12,0.2128365003958828,34.695965780875234,0.019513723937714438,1.7272532330430193,1.0,0.0,1.9997611170912015,23.63766756719468,0.0480805743440126,0.2781194273619652,0.6294642857142857,0.11428571428571428,0.42028985507246375,0.21058947052647367,0.4888392857142857,0.05714285714285714,0.3333333333333333,0.2724762366792375,E_stale,rr,7,1.0,0.4,1.0,0.25,False,0.5,0.3,30
epara_priv,1.0,0.20488585378727897,0.0,496.84,496.84,0.20488585378727897,43.53338392187872,0.0004453681710213777,0.8935405120084455,1.0,0.0,42.12030181387627,21.62912646774623,0.021112509054214305,0.20132326716997484,0.6651785714285714,0.22857142857142856,0.2536231884057971,0.20132326716997484,0.6651785714285714,0.22857142857142856,0.2536231884057971,0.337174113893943,E_stale,epara_priv,7,1.0,0.4,1.0,0.25,False,0.25,0.3,30
rr,0.8,0.7670836946199265,0.2186093562905157,1486.24,1173.12,0.605475040257649,11.276224949803234,0.04182666501507081,1.160865436227755,1.0,0.0,1.3568513636724062,16.75917656939556,0.04869443778365745,0.7661791057215486,0.9027355623100304,0.43478260869565216,0.8369565217391305,0.6049297828895278,0.6808510638297872,0.43478260869565216,0.6630434782608695,0.5959017334189592,E_stale,rr,7,1.0,0.4,1.0,0.25,False,1.0,0.3,30
epara,0.8,0.9799537553160742,0.228044097609315,1898.68,1464.84,0.7560386473429952,8.942608006297847,0.12628514802427845,0.6167058920682109,1.0,0.0,13.975799506090187,16.979150969397597,0.021542703800640804,0.9799558278118098,0.9969604863221885,0.782608695652174,0.967391304347826,0.7558861524357211,0.790273556231003,0.782608695652174,0.7065217391304348,0.7588225358623333,E_stale,epara,7,1.0,0.4,1.0,0.25,False,1.0,0.3,30
epara,1.0,0.23012338347849037,0.20864674056479282,558.04,432.96,0.17854315122723674,42.94561029173256,0.0036454209553972022,0.8459685932963843,1.0,0.0,21.726985596807154,23.965368367198433,0.038388896667705695,0.2272386380680966,0.5870535714285714,0.2571428571428571,0.3188405797101449,0.17610786127360298,0.4799107142857143,0.2,0.2536231884057971,0.2774104409912786,E_stale,epara,7,1.0,0.4,1.0,0.25,False,0.5,0.3,30
epara_priv,1.0,0.23777711797307996,0.0,576.6,576.6,0.23777711797307996,37.63601360620225,0.0027876748482449196,0.92912048033782,1.0,0.0,42.029594938508765,21.700925445336214,0.042263721559193175,0.23480492642034564,0.6183035714285714,0.17142857142857143,0.3115942028985507,0.23480492642034564,0.6183035714285714,0.17142857142857143,0.3115942028985507,0.3340328180440098,E_stale,epara_priv,7,1.0,0.4,1.0,0.25,False,0.5,0.3,30
rr,1.0,0.28094484032726313,0.2318718659276854,681.28,516.12,0.2128365003958828,34.695965780875234,0.019513723937714438,1.7272532330430193,1.0,0.0,2.1124719071341387,23.63766756719468,0.048080574344012604,0.2781194273619652,0.6294642857142857,0.11428571428571428,0.42028985507246375,0.21058947052647367,0.4888392857142857,0.05714285714285714,0.3333333333333333,0.2724762366792375,E_stale,rr,7,1.0,0.4,1.0,0.25,False,1.0,0.3,30
epara_priv,0.8,0.8959288162186713,0.0,1735.88,1735.88,0.8959288162186713,9.457414728343274,0.10599116396217846,0.8047813699987613,1.0,0.0,29.658877093177527,16.416937078636522,0.06575300443975016,0.8957161311830646,0.9240121580547113,0.9130434782608695,0.9021739130434783,0.8957161311830646,0.9240121580547113,0.9130434782608695,0.9021739130434783,0.9087364201355309,E_stale,epara_priv,7,1.0,0.4,1.0,0.25,False,1.0,0.3,30
rr,0.8,0.7670836946199265,0.2186093562905157,1486.24,1173.12,0.605475040257649,11.276224949803234,0.04182666501507081,1.160865436227755,1.0,0.0,1.6250733108608864,16.75917656939556,0.048694437783657445,0.7661791057215486,0.9027355623100304,0.43478260869565216,0.8369565217391305,0.6049297828895278,0.6808510638297872,0.43478260869565216,0.6630434782608695,0.5959017334189592,E_stale,rr,7,1.0,0.4,1.0,0.25,False,2.0,0.3,30
epara,0.8,0.947025062967092,0.2242247821957967,1834.88,1421.48,0.733659523514596,9.13360076375385,0.09315000619348446,0.7797184029068087,1.0,0.0,17.60256277954515,16.75906136939667,0.029727399890068843,0.9471392257365504,0.9604863221884499,0.5652173913043478,0.9347826086956522,0.7335708630245448,0.7781155015197568,0.4782608695652174,0.6847826086956522,0.6686824607012928,E_stale,epara,7,1.0,0.4,1.0,0.25,False,2.0,0.3,30
epara,1.0,0.30570401161256266,0.22242016363156505,741.32,570.4,0.23522037476906835,32.17239352397637,0.016000263921879122,0.9421021377672208,1.0,0.0,23.91560335413119,23.85003876719416,0.017832495770621463,0.30348482575871205,0.59375,0.14285714285714285,0.37681159420289856,0.23325500391647083,0.49107142857142855,0.05714285714285714,0.30434782608695654,0.2714542789294283,E_stale,epara,7,1.0,0.4,1.0,0.25,False,1.0,0.3,30
local,0.4,0.37034089401777426,0.16447804748640404,335.04,251.88,0.2784188884467436,23.165625600567303,0.009196622009992484,0.0,1.0,0.0,0.0,7.76141120121407,0.4781876459960586,0.370474532386947,0.36075949367088606,0.42857142857142855,0.3333333333333333,0.2782911477166198,0.3037974683544304,0.2857142857142857,0.2549019607843137,0.2806762156424124,A_load,local,8,1.0,0.4,1.0,0.25,False,1.0,0.3,30
rr,0.4,0.9861608524561171,0.2075872131582438,892.16,706.68,0.7811380819737366,8.458045195047962,0.03523897952867312,0.48888004598311,1.0,0.0,0.7021315831070537,7.545929601213991,0.3773629691085488,0.9861613320833892,0.9936708860759493,0.7142857142857143,1.0,0.7806794339538413,0.8607594936708861,0.42857142857142855,0.7843137254901961,0.713581020421588,A_load,rr,8,1.0,0.4,1.0,0.25,False,1.0,0.3,30
epara_priv,1.0,0.3052586434415413,0.0,740.24,740.24,0.3052586434415413,29.374346865887194,0.00804961731327527,1.0960675640010558,1.0,0.0,45.530640929126086,21.744066524004335,0.04540215885742008,0.3023015515890872,0.6852678571428571,0.2,0.38405797101449274,0.3023015515890872,0.6852678571428571,0.2,0.38405797101449274,0.39290684493660927,E_stale,epara_priv,7,1.0,0.4,1.0,0.25,False,1.0,0.3,30
rr_g,0.4,0.9863819251005881,0.19065304859176727,892.36,722.52,0.7986470354158376,8.465218523033188,0.03218817703497369,0.3765309280629615,1.0,0.0,0.35104756168788886,7.554022401213896,0.3718292664313558,0.9864738181331191,0.9683544303797469,1.0,1.0,0.7984464979241999,0.8164556962025317,0.7142857142857143,0.8431372549019608,0.7930812908286017,A_load,rr_g,8,1.0,0.4,1.0,0.25,False,1.0,0.3,30
rr,1.0,0.28094484032726313,0.2318718659276854,681.28,516.12,0.2128365003958828,34.695965780875234,0.019513723937714438,1.7272532330430193,1.0,0.0,2.2402141380261433,23.63766756719468,0.04808057434401259,0.2781194273619652,0.6294642857142857,0.11428571428571428,0.42028985507246375,0.21058947052647367,0.4888392857142857,0.05714285714285714,0.3333333333333333,0.2724762366792375,E_stale,rr,7,1.0,0.4,1.0,0.25,False,2.0,0.3,30
epara_priv,0.8,0.8725174449812131,0.0,1690.52,1690.52,0.8725174449812131,9.48198241425071,0.05080721747388414,0.7176596886741814,1.0,0.0,28.731176988529842,16.02948091093911,0.05669872474857069,0.8724007167562612,0.9148936170212766,0.43478260869565216,0.8913043478260869,0.8724007167562612,0.9148936170212766,0.43478260869565216,0.8913043478260869,0.7783453225748193,E_stale,epara_priv,7,1.0,0.4,1.0,0.25,False,2.0,0.3,30
epara,0.4,0.9997347128266348,0.19724101339700226,904.44,726.04,0.8025379139585268,8.332841538647092,0.027634080558871645,0.36216120617234826,1.0,0.0,9.002230267568839,7.536555201213975,0.3503484439366395,0.9997321548145172,1.0,1.0,1.0,0.8021516896567118,0.8607594936708861,0.5714285714285714,0.8235294117647058,0.7644672916302189,A_load,epara,8,1.0,0.4,1.0,0.25,False,1.0,0.3,30
epara_priv,0.4,0.9884600079586152,0.0,894.24,894.24,0.9884600079586152,8.303012360460658,0.036742273511075736,0.4644736260335146,1.0,0.0,19.636692142658784,7.424885773218338,0.3802870637607311,0.98848265702424,0.9873417721518988,1.0,0.9803921568627451,0.98848265702424,0.9873417721518988,1.0,0.9803921568627451,0.9890541465097209,A_load,epara_priv,8,1.0,0.4,1.0,0.25,False,1.0,0.3,30
epara_priv,0.4,0.9859839943405403,0.0,892.0,892.0,0.9859839943405403,8.339764319751374,0.0337356855462705,0.46911615156740505,1.0,0.0,20.46295738034155,7.439069773218226,0.36697024715849724,0.9859827686264006,0.9873417721518988,1.0,0.9803921568627451,0.9859827686264006,0.9873417721518988,1.0,0.9803921568627451,0.9884291744102611,A_load,tera,8,1.0,0.4,1.0,0.25,False,1.0,0.3,30
local,0.6,0.2718546958062611,0.16783815711754282,368.2,275.04,0.20307147076196103,28.84888113983165,0.001299468399291199,0.0,1.0,0.0,0.0,10.622158035686013,0.3899278453181353,0.2719504570220621,0.2639593908629442,0.18181818181818182,0.26153846153846155,0.2033822609938369,0.15228426395939088,0.18181818181818182,0.2,0.1843711766928524,A_load,local,8,1.0,0.4,1.0,0.25,False,1.0,0.3,30
ours,0.4,0.9866914268028474,0.0,892.64,892.64,0.9866914268028474,8.206084617783317,0.0003537162311535571,0.46266083034885264,1.0,0.0,20.222216971007313,7.325079373218099,0.34782152051927173,0.9866523815901076,0.9936708860759493,1.0,0.9803921568627451,0.9866523815901076,0.9936708860759493,1.0,0.9803921568627451,0.9901788561322005,A_load,ours,8,1.0,0.4,1.0,0.25,False,1.0,0.3,30
epara,1.0,0.2664291369754553,0.21653140670361573,646.08,502.84,0.2073601214040644,37.27561721025442,0.010738321456848773,1.0697413565584586,1.0,0.0,28.32838893358305,24.083030767201176,0.025088696477231383,0.264103461493592,0.5691964285714286,0.2,0.3115942028985507,0.2055230571804743,0.44642857142857145,0.11428571428571428,0.2536231884057971,0.25496513282513933,E_stale,epara,7,1.0,0.4,1.0,0.25,False,2.0,0.3,30
rr,0.6,0.9401653868871825,0.2061724748966332,1273.36,1011.36,0.7467217956290608,8.329202453104992,0.0677790903721205,0.7387182516243355,1.0,0.0,1.1013367136371899,10.606073235685772,0.22034976253410177,0.9403340578199899,0.9137055837563451,0.8181818181818182,0.9538461538461539,0.7469854407955459,0.6852791878172588,0.6363636363636364,0.8153846153846154,0.7210032200902641,A_load,rr,8,1.0,0.4,1.0,0.25,False,1.0,0.3,30
rr_g,0.6,0.9466036621382162,0.21284701712935616,1282.08,1010.2,0.7458653278204371,8.248268778614664,0.08000590667454223,0.717867690490254,1.0,0.0,0.6798011316178706,10.574940435686287,0.2214096044306035,0.9468246643046416,0.934010152284264,0.7272727272727273,0.9076923076923077,0.7462113317652663,0.6903553299492385,0.5454545454545454,0.7692307692307693,0.6878129940999549,A_load,rr_g,8,1.0,0.4,1.0,0.25,False,1.0,0.3,30
epara_priv,1.0,0.30374109263657956,0.0,736.56,736.56,0.30374109263657956,28.74172073852339,0.008544470836632357,1.0788631565056743,1.0,0.0,48.34976774734952,21.17000182716679,0.028378949211336994,0.3016349182540873,0.5691964285714286,0.14285714285714285,0.39855072463768115,0.3016349182540873,0.5691964285714286,0.14285714285714285,0.39855072463768115,0.353059803580085,E_stale,epara_priv,7,1.0,0.4,1.0,0.25,False,2.0,0.3,30
epara,0.6,0.9985233313644418,0.2046367395156527,1352.4,1075.56,0.7941228588304784,7.794781156230593,0.08759598346131128,0.4370348493797992,1.0,0.0,11.048872712870825,10.541662035686254,0.18176167396688808,0.9985113287879239,1.0,1.0,1.0,0.7942060916425998,0.7766497461928934,0.7272727272727273,0.8153846153846154,0.778378295123209,A_load,epara,8,1.0,0.4,1.0,0.25,False,1.0,0.3,30
epara_priv,0.6,0.929060838747785,0.0,1258.32,1258.32,0.929060838747785,8.083185648816748,0.08611931482575311,0.5109864146485529,1.0,0.0,21.853450882761962,10.171234165619092,0.19747559759107258,0.9290797034566946,0.9289340101522843,1.0,0.9076923076923077,0.9290797034566946,0.9289340101522843,1.0,0.9076923076923077,0.9414265053253216,A_load,epara_priv,8,1.0,0.4,1.0,0.25,False,1.0,0.3,30
epara_priv,0.6,0.9466036621382162,0.0,1282.08,1282.08,0.9466036621382162,7.93517591882375,0.05962787950383934,0.49178972238629654,1.0,0.0,22.481993718678023,10.173530342005552,0.19430932237916476,0.9465864769107095,0.9543147208121827,1.0,0.9230769230769231,0.9465864769107095,0.9543147208121827,1.0,0.9230769230769231,0.9559945301999538,A_load,tera,8,1.0,0.4,1.0,0.25,False,1.0,0.3,30
local,0.8,0.18902479485081064,0.1663533210944239,341.84,259.92,0.1437260843600009,48.57540688313999,0.002654221317820884,0.0,1.0,0.0,0.0,16.605017088932573,0.2428151068332511,0.1889893914014517,0.189873417721519,0.25925925925925924,0.1827956989247312,0.14367392518146288,0.14240506329113925,0.2222222222222222,0.15053763440860216,0.16470971127585662,A_load,local,8,1.0,0.4,1.0,0.25,False,1.0,0.3,30
ours,0.6,0.9403130537507384,0.0,1273.56,1273.56,0.9403130537507384,7.7616474807764595,0.002746603662138216,0.5594506792675723,1.0,0.0,24.925263314841917,9.884923765617668,0.15556923945981294,0.940512698365439,0.9238578680203046,0.8181818181818182,0.9076923076923077,0.940512698365439,0.9238578680203046,0.8181818181818182,0.9076923076923077,0.8975611730649674,A_load,ours,8,1.0,0.4,1.0,0.25,False,1.0,0.3,30
rr,0.8,0.5175289199531088,0.21160779456327,935.92,746.88,0.4129968370529296,17.844297257171487,0.0339076773351618,1.4333901041781867,1.0,0.0,1.856413313260411,16.700834688931938,0.048553291272170694,0.5159798994974875,0.7373417721518988,0.48148148148148145,0.5268817204301075,0.41176996091568957,0.5727848101265823,0.37037037037037035,0.4731182795698925,0.4570108552456337,A_load,rr,8,1.0,0.4,1.0,0.25,False,1.0,0.3,30
rr_g,0.8,0.6564110504080866,0.2225343389882993,1187.08,924.48,0.5112030258123024,14.139461105344823,0.0639003782265378,1.268142708632855,1.0,0.0,0.96921573563801,16.78467148893273,0.03682363108643299,0.655499720826354,0.7721518987341772,0.6666666666666666,0.6989247311827957,0.5103964265773311,0.5981012658227848,0.5555555555555556,0.5913978494623656,0.5638627743545093,A_load,rr_g,8,1.0,0.4,1.0,0.25,False,1.0,0.3,30
local,0.9,0.1570875199087638,0.16514934030713568,319.56,246.84,0.12134022848378788,58.044715662426974,0.0,0.0,1.0,0.0,0.0,18.548769337085165,0.2642749607168402,0.156740434661687,0.18974358974358974,0.0,0.22935779816513763,0.12110135484127299,0.14102564102564102,0.0,0.1834862385321101,0.11140330859975603,A_load,local,8,1.0,0.4,1.0,0.25,False,1.0,0.3,30
epara,0.8,0.5698170799141802,0.2247019530645197,1030.48,826.12,0.456813607307956,16.329039174882183,0.043352281524407774,1.117205989692774,1.0,0.0,24.462656570903953,16.826748288932592,0.04519427994399579,0.5676381909547739,0.8449367088607594,0.5185185185185185,0.6989247311827957,0.4550977107761027,0.6677215189873418,0.37037037037037035,0.5913978494623656,0.5211468623990451,A_load,epara,8,1.0,0.4,1.0,0.25,False,1.0,0.3,30
epara_priv,0.8,0.8651213200327353,0.0,1564.52,1564.52,0.8651213200327353,10.050974629136713,0.122049943597797,0.7872641613766561,1.0,0.0,33.74183579917209,15.724950826776968,0.027300393067416582,0.8650586264656617,0.8892405063291139,0.5925925925925926,0.8924731182795699,0.8650586264656617,0.8892405063291139,0.5925925925925926,0.8924731182795699,0.8098412109167346,A_load,tera,8,1.0,0.4,1.0,0.25,False,1.0,0.3,30
epara_priv,0.8,0.7365021786733317,0.0,1331.92,1331.92,0.7365021786733317,11.758346032159116,0.10902214062949282,0.9518701201035147,1.0,0.0,36.930475018699504,15.66117624715337,0.06470275129165631,0.7359240647682859,0.819620253164557,0.4074074074074074,0.8279569892473119,0.7359240647682859,0.819620253164557,0.4074074074074074,0.8279569892473119,0.6977271786468906,A_load,epara_priv,8,1.0,0.4,1.0,0.25,False,1.0,0.3,30
rr,0.9,0.3337593644925969,0.21692195764594843,678.96,537.76,0.2643490571602729,27.561802369927037,0.04435967516762687,1.7144739170615648,1.0,0.0,2.8951976959360235,18.71336133708566,0.07065066406905353,0.3312408121101355,0.676923076923077,0.05,0.3211009174311927,0.26276371727124637,0.48205128205128206,0.05,0.25688073394495414,0.26292393331687064,A_load,rr,8,1.0,0.4,1.0,0.25,False,1.0,0.3,30
ours,0.8,0.7234080201720821,0.0,1308.24,1308.24,0.7234080201720821,11.612524458874564,0.023843754838424276,0.9845612793346752,1.0,0.0,41.23058207875382,15.19196899807806,0.047569145713399034,0.7222780569514238,0.8670886075949367,0.4444444444444444,0.8602150537634409,0.7222780569514238,0.8670886075949367,0.4444444444444444,0.8602150537634409,0.7235065406885615,A_load,ours,8,1.0,0.4,1.0,0.25,False,1.0,0.3,30
rr_g,0.9,0.3471695145211082,0.21267475470436714,706.24,558.88,0.2747311087952494,26.32571326614915,0.047348447607998896,1.66633895039031,1.0,0.0,1.3472885212542571,18.592271737085174,0.034008855583562175,0.3451269418729389,0.6128205128205129,0.15,0.3761467889908257,0.2732925424132862,0.45897435897435895,0.1,0.3119266055045872,0.2860483767230581,A_load,rr_g,8,1.0,0.4,1.0,0.25,False,1.0,0.3,30
local,1.0,0.1356142088876309,0.16616544013586187,306.64,237.04,0.10483300311350127,73.23933281586477,0.002441268044155109,0.0,1.0,0.0,0.0,22.45810901465677,0.21070532953733837,0.13559594659803764,0.11764705882352941,0.06060606060606061,0.21641791044776118,0.10489160545457794,0.08088235294117647,0.06060606060606061,0.16417910447761194,0.10263978086985674,A_load,local,8,1.0,0.4,1.0,0.25,False,1.0,0.3,30
epara,0.9,0.23745010519692472,0.207837662465344,483.04,385.0,0.18925614959592582,38.48279508340001,0.011168570698232298,1.1723656527125077,1.0,0.0,30.711429217920706,18.588729337085542,0.029329317070329576,0.23425642655647821,0.6358974358974359,0.15,0.30275229357798167,0.1867177877547777,0.5051282051282051,0.1,0.24770642201834864,0.2598881037253329,A_load,epara,8,1.0,0.4,1.0,0.25,False,1.0,0.3,30
rr,1.0,0.28085196716671385,0.20998443249363147,635.04,534.52,0.23639612227568638,35.41020190012667,0.018150297197848855,1.7722367676195867,1.0,0.0,2.469837775246578,22.486894614656443,0.041237760946679525,0.2789841474094329,0.5171568627450981,0.18181818181818182,0.3656716417910448,0.23480421067681803,0.43137254901960786,0.18181818181818182,0.3208955223880597,0.29222261597566684,A_load,rr,8,1.0,0.4,1.0,0.25,False,1.0,0.3,30
rr_g,1.0,0.2967378998018681,0.2219784885366544,670.96,529.28,0.23407868666855364,33.80907150151674,0.04167846023209737,1.7144954712708746,1.0,0.0,1.4639754032949175,22.68453461465767,0.06791658695824117,0.29546226297070755,0.47794117647058826,0.09090909090909091,0.3283582089552239,0.23314210140653763,0.3553921568627451,0.09090909090909091,0.291044776119403,0.24262203132444415,A_load,rr_g,8,1.0,0.4,1.0,0.25,False,1.0,0.3,30
epara_priv,0.9,0.1928348113337397,0.0,392.28,392.28,0.1928348113337397,42.88415480564937,0.011404526417209036,1.121694162062253,1.0,0.0,50.170228892164296,16.822596247160135,0.06502698439342267,0.1895784496801621,0.5743589743589743,0.35,0.30275229357798167,0.1895784496801621,0.5743589743589743,0.35,0.30275229357798167,0.3541724294042795,A_load,epara_priv,8,1.0,0.4,1.0,0.25,False,1.0,0.3,30
epara_priv,0.9,0.2190455591167391,0.0,445.6,445.6,0.2190455591167391,38.08787458579632,0.01105059283874393,1.1815089368228562,1.0,0.0,58.37063301395389,16.97195691543084,0.04998476307827017,0.21540386983988238,0.6487179487179487,0.4,0.3302752293577982,0.21540386983988238,0.6487179487179487,0.4,0.3302752293577982,0.39859926197890727,A_load,tera,8,1.0,0.4,1.0,0.25,False,1.0,0.3,30
ours,0.9,0.173230823682089,0.0,352.4,352.4,0.173230823682089,46.41758416422468,0.012269697386790412,1.1479245728218337,1.0,0.0,57.3839242932674,16.357556659472774,0.08797978974719027,0.16983193611188366,0.5846153846153846,0.25,0.25688073394495414,0.16983193611188366,0.5846153846153846,0.25,0.25688073394495414,0.31533201366805563,A_load,ours,8,1.0,0.4,1.0,0.25,False,1.0,0.3,30
epara,1.0,0.11659708463062553,0.20478347013869233,263.64,203.8,0.09013232380413247,85.96052273804368,0.004776393999433909,1.0200785451457686,1.0,0.0,29.31241123092635,22.662632214657837,0.03570848930587062,0.11429235251014244,0.4019607843137255,0.18181818181818182,0.19402985074626866,0.08823476846639143,0.3235294117647059,0.18181818181818182,0.14925373134328357,0.18570902334814068,A_load,epara,8,1.0,0.4,1.0,0.25,False,1.0,0.3,30
epara_priv,0.8,0.7365021786733317,0.0,1331.92,1331.92,0.7365021786733317,11.758346032159116,0.10902214062949282,0.9518701201035147,1.0,0.0,37.6767297370888,15.66117624715337,0.06470275129165631,0.7359240647682859,0.819620253164557,0.4074074074074074,0.8279569892473119,0.7359240647682859,0.819620253164557,0.4074074074074074,0.8279569892473119,0.6977271786468906,B_energy,epara_priv,8,1.0,0.4,1.0,0.25,False,1.0,0.3,30
energy,0.8,0.905023113843976,0.2035787750768618,1636.68,1309.72,0.7242264050784101,10.111657922704309,0.0585255800579505,0.8239587710955298,1.0,0.0,22.006318342264574,16.54954828893169,0.01845483325472382,0.9045896147403685,0.9778481012658228,0.6666666666666666,0.9354838709677419,0.7239530988274707,0.7468354430379747,0.5555555555555556,0.8279569892473119,0.7135752716670782,B_energy,energy,8,1.0,0.4,1.0,0.25,False,1.0,0.3,30
epara_priv,1.0,0.1960444381545429,0.0,443.28,443.28,0.1960444381545429,45.63224552614129,0.008455986413812623,1.0475339654684404,1.0,0.0,49.95999921429154,20.22786179682791,0.03180359406260823,0.19385913177130806,0.4632352941176471,0.3333333333333333,0.26119402985074625,0.19385913177130806,0.4632352941176471,0.3333333333333333,0.26119402985074625,0.3129054472682587,A_load,epara_priv,8,1.0,0.4,1.0,0.25,False,1.0,0.3,30
ours,1.0,0.12991791678460232,0.0,293.76,293.76,0.12991791678460232,67.59900995038147,0.008367534673082367,0.9768610246249646,1.0,0.0,55.395696505803095,19.85788516302406,0.04955871463569731,0.1276785873858417,0.39950980392156865,0.15151515151515152,0.23880597014925373,0.1276785873858417,0.39950980392156865,0.15151515151515152,0.23880597014925373,0.2293773782429539,A_load,ours,8,1.0,0.4,1.0,0.25,False,1.0,0.3,30
epara_priv,1.0,0.144919332012454,0.0,327.68,327.68,0.144919332012454,62.77952714621921,0.0032373337107274272,1.0286583639966034,1.0,0.0,58.60264072799619,20.57159545527311,0.032460889141236016,0.14236948867799762,0.4534313725490196,0.18181818181818182,0.26119402985074625,0.14236948867799762,0.4534313725490196,0.18181818181818182,0.26119402985074625,0.2597032682239863,A_load,tera,8,1.0,0.4,1.0,0.25,False,1.0,0.3,30
ours,0.8,0.7234080201720821,0.0,1308.24,1308.24,0.7234080201720821,11.612524458874564,0.023843754838424276,0.9845612793346752,1.0,0.0,44.1718085213465,15.19196899807806,0.047569145713399034,0.7222780569514238,0.8670886075949367,0.4444444444444444,0.8602150537634409,0.7222780569514238,0.8670886075949367,0.4444444444444444,0.8602150537634409,0.7235065406885615,B_energy,ours,8,1.0,0.4,1.0,0.25,False,1.0,0.3,30
ours,0.8,0.7883700869257482,0.0,1425.72,1425.72,0.7883700869257482,10.795981294574872,0.027205768507664065,0.9098449492380173,1.0,0.0,45.31260644385757,15.392046451301287,0.057753028051789695,0.7878726968174204,0.8670886075949367,0.5185185185185185,0.8387096774193549,0.7878726968174204,0.8670886075949367,0.5185185185185185,0.8387096774193549,0.7530473750875577,B_energy,ours_b,8,1.0,0.4,1.0,0.25,False,1.0,0.3,30
ours,0.8,0.7804516599942491,0.0,1411.4,1411.4,0.7804516599942491,11.12836768203672,0.10380217203777842,0.8954679170998209,1.0,0.0,35.75939709055091,15.706578146426628,0.05922974971506898,0.7799664991624791,0.8354430379746836,0.5555555555555556,0.8924731182795699,0.7799664991624791,0.8354430379746836,0.5555555555555556,0.8924731182795699,0.765859552743072,B_energy,ours_c,8,1.0,0.4,1.0,0.0,False,1.0,0.3,30
energy,0.8,0.769657826635111,0.21892902169825929,1391.88,1084.56,0.5997213067616288,11.254381005780877,0.004600650284222866,1.0795381654906993,0.8493333333333335,60.0,27.361781626141784,15.664747834326288,0.01550576631410326,0.7684422110552764,0.9335443037974683,0.6296296296296297,0.8387096774193549,0.5987046342825237,0.7151898734177216,0.5555555555555556,0.7096774193548387,0.6447818706526598,B_energy,energy,8,1.0,0.4,1.0,0.25,True,1.0,0.3,30
epara_priv,0.8,0.7251553825396474,0.0,1311.4,1311.4,0.7251553825396474,10.243511084525103,0.004821835394041273,1.0221627480038045,0.8546666666666667,50.4,38.900481270866344,13.43334043624622,0.046084394635839784,0.7246901172529313,0.7753164556962026,0.48148148148148145,0.8494623655913979,0.7246901172529313,0.7753164556962026,0.48148148148148145,0.8494623655913979,0.7077376050055033,B_energy,epara_priv,8,1.0,0.4,1.0,0.25,True,1.0,0.3,30
ours,0.8,0.7223242131339718,0.0,1306.28,1306.28,0.7223242131339718,11.169461292105758,0.0027205768507664063,1.0339961513790892,0.8426666666666667,45.6,43.63690167891895,14.590443896651912,0.037789753455563756,0.7214517029592407,0.8322784810126582,0.5185185185185185,0.8279569892473119,0.7214517029592407,0.8322784810126582,0.5185185185185185,0.8279569892473119,0.7250514229344324,B_energy,ours,8,1.0,0.4,1.0,0.25,True,1.0,0.3,30
ours,0.8,0.6618743226206012,0.0,1196.96,1196.96,0.6618743226206012,11.698840799946398,0.003030236004512176,1.0078299528875716,0.8213333333333332,55.2,41.00354777368161,14.003044483903839,0.06615001114701632,0.6608598548297041,0.7879746835443038,0.4444444444444444,0.7849462365591398,0.6608598548297041,0.7879746835443038,0.4444444444444444,0.7849462365591398,0.669556304844398,B_energy,ours_c,8,1.0,0.4,1.0,0.0,True,1.0,0.3,30
ours,0.8,0.7253102121165204,0.0,1311.68,1311.68,0.7253102121165204,10.994267531715911,0.0039592134657494855,1.034416403087744,0.8693333333333332,43.199999999999996,47.23172438647132,14.420960836001127,0.04901017708844716,0.7243774427694025,0.8291139240506329,0.48148148148148145,0.8924731182795699,0.7243774427694025,0.8291139240506329,0.48148148148148145,0.8924731182795699,0.7318614916452717,B_energy,ours_b,8,1.0,0.4,1.0,0.25,True,1.0,0.3,30
energy,0.8,0.6411713963415983,0.20733892194377473,1159.52,923.64,0.5107385370816837,15.165120298861817,0.16392028488642144,1.1089779036075291,1.0,0.0,27.898053618527477,17.584260288936253,0.00929183933762624,0.639463986599665,0.9050632911392406,0.4074074074074074,0.6344086021505376,0.5095924064768286,0.6867088607594937,0.3333333333333333,0.5161290322580645,0.51144090820693,B_energy,energy,8,0.7,0.4,1.0,0.25,False,1.0,0.3,30
epara_priv,0.8,0.5935944792196589,0.0,1073.48,1073.48,0.5935944792196589,15.202090320384212,0.12317798765787087,1.0577071951516224,1.0,0.0,42.00055691826106,16.319139917126044,0.019183640717249605,0.5920938023450586,0.8069620253164557,0.25925925925925924,0.6881720430107527,0.5920938023450586,0.8069620253164557,0.25925925925925924,0.6881720430107527,0.5866217824828815,B_energy,epara_priv,8,0.7,0.4,1.0,0.25,False,1.0,0.3,30
ours,0.8,0.5904094136382738,0.0,1067.72,1067.72,0.5904094136382738,14.912690670925745,0.10760655592665502,1.0913936873769658,1.0,0.0,47.178539497928064,15.922578083160836,0.008883030204858961,0.589034059184813,0.7784810126582279,0.4444444444444444,0.6559139784946236,0.589034059184813,0.7784810126582279,0.4444444444444444,0.6559139784946236,0.6169683736955272,B_energy,ours,8,0.7,0.4,1.0,0.25,False,1.0,0.3,30
ours,0.8,0.5267744575435181,0.0,952.64,952.64,0.5267744575435181,16.837684637317594,0.12050164782906815,1.1245935723607088,1.0,0.0,54.11858299862528,16.040251892894233,0.009117554175840842,0.524712451144612,0.7943037974683544,0.4444444444444444,0.6344086021505376,0.524712451144612,0.7943037974683544,0.4444444444444444,0.6344086021505376,0.5994673238019872,B_energy,ours_b,8,0.7,0.4,1.0,0.25,False,1.0,0.3,30
ours,0.8,0.6726239189577757,0.0,1216.4,1216.4,0.6726239189577757,13.389185067939383,0.1809073013204751,0.9643891973192364,1.0,0.0,37.66959978689868,16.286604716641467,0.011764450228498445,0.6717587939698493,0.8227848101265823,0.3333333333333333,0.6774193548387096,0.6717587939698493,0.8227848101265823,0.3333333333333333,0.6774193548387096,0.6263240730671187,B_energy,ours_c,8,0.7,0.4,1.0,0.0,False,1.0,0.3,30
energy,0.8,0.49231381743381036,0.17163964521908384,890.32,705.52,0.3901262966977063,13.486902374080683,0.01134679613368428,1.4505983057220588,0.5506666666666667,134.4,33.73503122708348,12.007658921691513,0.004717009428177203,0.49042992741485203,0.7373417721518988,0.4074074074074074,0.5913978494623656,0.38885538805136793,0.5379746835443038,0.37037037037037035,0.5053763440860215,0.4506441965130159,B_energy,energy,8,0.7,0.4,1.0,0.25,True,1.0,0.3,30
epara_priv,0.8,0.6774678728627989,0.0,1225.16,1225.16,0.6774678728627989,9.261185582574228,0.009289774612373096,1.197451947534892,0.6493333333333333,98.39999999999999,43.48383181797606,11.34643412834664,0.006507193298159101,0.6770742601898381,0.7531645569620253,0.48148148148148145,0.6666666666666666,0.6770742601898381,0.7531645569620253,0.48148148148148145,0.6666666666666666,0.6445967413250029,B_energy,epara_priv,8,0.7,0.4,1.0,0.25,True,1.0,0.3,30
ours,0.8,0.48609851584791314,0.0,879.08,879.08,0.48609851584791314,13.421329441874073,0.009909092919864635,1.335471456061578,0.6106666666666666,124.80000000000001,52.26170096296434,11.79842228576266,0.004772609064900428,0.48431044109436067,0.6962025316455697,0.37037037037037035,0.6666666666666666,0.48431044109436067,0.6962025316455697,0.37037037037037035,0.6666666666666666,0.5543875024442418,B_energy,ours,8,0.7,0.4,1.0,0.25,True,1.0,0.3,30
ours,0.8,0.5938820198624228,0.0,1074.0,1074.0,0.5938820198624228,11.396151909246726,0.005219968591714406,1.2870761540333104,0.616,117.6,55.30184304155722,12.239467150530984,0.009085640949368574,0.5929871580122836,0.7120253164556962,0.2962962962962963,0.7096774193548387,0.5929871580122836,0.7120253164556962,0.2962962962962963,0.7096774193548387,0.5777465475297787,B_energy,ours_b,8,0.7,0.4,1.0,0.25,True,1.0,0.3,30
ours,0.8,0.5029528212160758,0.0,909.56,909.56,0.5029528212160758,13.143260909399881,0.010926544425029307,1.0827011125611024,0.5626666666666668,122.4,41.72611137251027,11.954584392753757,0.016122211822240922,0.5013512004466778,0.7120253164556962,0.2962962962962963,0.6236559139784946,0.5013512004466778,0.7120253164556962,0.2962962962962963,0.6236559139784946,0.5333321817942912,B_energy,ours_c,8,0.7,0.4,1.0,0.0,True,1.0,0.3,30
epara_priv,0.8,0.46389153082214507,0.0,838.92,838.92,0.46389153082214507,20.455971179838105,0.19125876445997655,1.1519320519342637,1.0,0.0,42.40715945081496,17.160923342189783,0.0022936751908683166,0.46211055276381907,0.7531645569620253,0.18518518518518517,0.41935483870967744,0.46211055276381907,0.7531645569620253,0.18518518518518517,0.41935483870967744,0.4549537834051768,B_energy,epara_priv,8,0.5,0.4,1.0,0.25,False,1.0,0.3,30
energy,0.8,0.42449846276348674,0.21377540863949038,767.68,621.76,0.3438101347017319,24.352506628989435,0.1965672070956183,1.192010793833359,1.0,0.0,29.43024814141001,18.69493228894261,0.0,0.4224232272473479,0.7689873417721519,0.1111111111111111,0.34408602150537637,0.342356225572306,0.5791139240506329,0.1111111111111111,0.3118279569892473,0.33610230443082434,B_energy,energy,8,0.5,0.4,1.0,0.25,False,1.0,0.3,30
ours,0.8,0.48671783415540465,0.0,880.2,880.2,0.48671783415540465,19.25053683775176,0.21357634204065382,1.1709318528676649,1.0,0.0,52.859240556681506,16.944322524589097,0.0,0.4844891122278057,0.8037974683544303,0.3333333333333333,0.5268817204301075,0.4844891122278057,0.8037974683544303,0.3333333333333333,0.5268817204301075,0.5371254085864192,B_energy,ours,8,0.5,0.4,1.0,0.25,False,1.0,0.3,30
ours,0.8,0.46475415275043686,0.0,840.48,840.48,0.46475415275043686,20.187631055011327,0.19703169582623697,1.2097498396407953,1.0,0.0,57.21128887231037,16.96730014911592,0.0019225353382600653,0.46262423227247346,0.8006329113924051,0.18518518518518517,0.43010752688172044,0.46262423227247346,0.8006329113924051,0.18518518518518517,0.43010752688172044,0.46963746393294603,B_energy,ours_b,8,0.5,0.4,1.0,0.25,False,1.0,0.3,30
ours,0.8,0.5493795757669594,0.0,993.52,993.52,0.5493795757669594,17.26976533366756,0.28041848222777643,0.9187587091636991,1.0,0.0,36.3900604492809,17.157857254305394,0.0,0.5485873813512004,0.7278481012658228,0.25925925925925924,0.40860215053763443,0.5485873813512004,0.7278481012658228,0.25925925925925924,0.40860215053763443,0.48607422310347925,B_energy,ours_c,8,0.5,0.4,1.0,0.0,False,1.0,0.3,30
epara_priv,0.8,0.5439826590873902,0.0,983.76,983.76,0.5439826590873902,9.335496629469102,0.016566764725398687,1.3893300303023601,0.46666666666666673,148.8,49.652705419422404,9.183888164206525,0.0011206537826775876,0.543964265773311,0.5537974683544303,0.37037037037037035,0.5698924731182796,0.543964265773311,0.5537974683544303,0.37037037037037035,0.5698924731182796,0.5095061444040978,B_energy,epara_priv,8,0.5,0.4,1.0,0.25,True,1.0,0.3,30
energy,0.8,0.26885050098427377,0.119550551856849,486.2,379.72,0.2099710247506138,19.783806136485296,0.004379465174404459,1.7187631328658954,0.3413333333333333,175.2,41.86059454006177,9.618886543559151,0.0,0.2665773310999442,0.5443037974683544,0.5185185185185185,0.3548387096774194,0.20815187046342826,0.4240506329113924,0.4444444444444444,0.2903225806451613,0.3417423821161066,B_energy,energy,8,0.5,0.4,1.0,0.25,True,1.0,0.3,30
ours,0.8,0.2761053725863175,0.0,499.32,499.32,0.2761053725863175,18.90082054185992,0.008382915662117626,1.618278737475393,0.348,189.60000000000002,64.85251566855631,9.437557712961496,0.0,0.27359017308766054,0.5664556962025317,0.37037037037037035,0.4731182795698925,0.27359017308766054,0.5664556962025317,0.37037037037037035,0.4731182795698925,0.42088362980761373,B_energy,ours,8,0.5,0.4,1.0,0.25,True,1.0,0.3,30
ours,0.8,0.4704386100727699,0.0,850.76,850.76,0.4704386100727699,10.913683856591906,0.01917674902125589,1.4691999734577867,0.3746666666666667,180.0,68.2124405064191,9.28492567783413,0.0,0.469927414852038,0.5126582278481012,0.3333333333333333,0.6129032258064516,0.469927414852038,0.5126582278481012,0.3333333333333333,0.6129032258064516,0.482205550459981,B_energy,ours_b,8,0.5,0.4,1.0,0.25,True,1.0,0.3,30
ours,0.8,0.25354449138484,0.0,458.52,458.52,0.25354449138484,20.190145609562663,0.00378226537789476,1.1335073322863904,0.324,177.6,51.24701735202166,9.257585564896672,0.0,0.2514349525404802,0.49683544303797467,0.2222222222222222,0.45161290322580644,0.2514349525404802,0.49683544303797467,0.2222222222222222,0.45161290322580644,0.35552638025662087,B_energy,ours_c,8,0.5,0.4,1.0,0.0,True,1.0,0.3,30
epara_priv,0.8,0.4285461502731636,0.0,775.0,775.0,0.4285461502731636,22.725740234236994,0.2832717701444339,1.1725022671473757,1.0,0.0,46.46271081778643,17.61244868153367,0.0,0.42693467336683416,0.7183544303797469,0.14814814814814814,0.3010752688172043,0.42693467336683416,0.7183544303797469,0.14814814814814814,0.3010752688172043,0.3986281301779834,B_energy,epara_priv,8,0.35,0.4,1.0,0.25,False,1.0,0.3,30
energy,0.8,0.24628961978279623,0.21667293357811152,445.4,358.28,0.19811550286434718,43.43792610898917,0.16086793037092742,1.3262037999601868,1.0,0.0,35.525203844031,19.347252288943775,0.0,0.24370742601898382,0.6582278481012658,0.07407407407407407,0.13978494623655913,0.19629257398101618,0.49050632911392406,0.07407407407407407,0.11827956989247312,0.21978813676537184,B_energy,energy,8,0.35,0.4,1.0,0.25,False,1.0,0.3,30
ours,0.8,0.392249673751963,0.0,709.36,709.36,0.392249673751963,24.833877473484517,0.2349207051381301,1.238813563070934,1.0,0.0,57.1746174693107,17.616159324590978,0.0,0.3900167504187605,0.759493670886076,0.18518518518518517,0.27956989247311825,0.3900167504187605,0.759493670886076,0.18518518518518517,0.27956989247311825,0.403566374740785,B_energy,ours,8,0.35,0.4,1.0,0.25,False,1.0,0.3,30
ours,0.8,0.4012297892105903,0.0,725.6,725.6,0.4012297892105903,24.295914260674337,0.2293689588816881,1.1728561633230852,1.0,0.0,60.973663602370934,17.6291153875453,0.0,0.3997543271915131,0.6582278481012658,0.1111111111111111,0.3225806451612903,0.3997543271915131,0.6582278481012658,0.1111111111111111,0.3225806451612903,0.3729184828912951,B_energy,ours_b,8,0.35,0.4,1.0,0.25,False,1.0,0.3,30
ours,0.8,0.45535378558315454,0.0,823.48,823.48,0.45535378558315454,21.19585259253353,0.33443188604543145,0.8643692906593529,1.0,0.0,37.70658937411826,17.45436069289951,0.0,0.45458403126744834,0.6550632911392406,0.07407407407407407,0.25806451612903225,0.45458403126744834,0.6550632911392406,0.07407407407407407,0.25806451612903225,0.3604464781524488,B_energy,ours_c,8,0.35,0.4,1.0,0.0,False,1.0,0.3,30
energy,0.8,0.21063458008006902,0.08654973347194267,380.92,303.44,0.16779102430824358,18.30439122844766,0.0027205768507664063,1.785074428789454,0.18533333333333327,218.4,42.518139342302206,6.972508706740283,0.0,0.20902289223897264,0.4050632911392405,0.2222222222222222,0.3225806451612903,0.16649916247906196,0.31962025316455694,0.14814814814814814,0.27956989247311825,0.22845936406622133,B_energy,energy,8,0.35,0.4,1.0,0.25,True,1.0,0.3,30
epara_priv,0.8,0.38963968945610583,0.0,704.64,704.64,0.38963968945610583,9.815114061977855,0.01676583132423525,1.5767180553405145,0.28933333333333333,204.0,55.5960425247231,6.916121972632077,0.0,0.3895254048017867,0.3924050632911392,0.25925925925925924,0.4731182795698925,0.3895254048017867,0.3924050632911392,0.25925925925925924,0.4731182795698925,0.37857700173051945,B_energy,epara_priv,8,0.35,0.4,1.0,0.25,True,1.0,0.3,30
ours,0.8,0.21901749574218662,0.0,396.08,396.08,0.21901749574218662,17.695767802836933,0.006303775629824601,1.7414124881113004,0.22133333333333333,220.8,67.67200454083137,7.008939711347652,0.0,0.217286432160804,0.39556962025316456,0.2962962962962963,0.43010752688172044,0.217286432160804,0.39556962025316456,0.2962962962962963,0.43010752688172044,0.33481496889799633,B_energy,ours,8,0.35,0.4,1.0,0.25,True,1.0,0.3,30
ours,0.8,0.2772112981354095,0.0,501.32,501.32,0.2772112981354095,12.873318770381369,0.009510959722191502,1.6891685651721926,0.20799999999999996,218.4,70.87235997865072,6.453652165967588,0.0,0.27624790619765494,0.37341772151898733,0.18518518518518517,0.44086021505376344,0.27624790619765494,0.37341772151898733,0.18518518518518517,0.44086021505376344,0.3189277569888977,B_energy,ours_b,8,0.35,0.4,1.0,0.25,True,1.0,0.3,30
epara,0.8,0.5698170799141802,0.0,1030.48,1030.48,0.5698170799141802,16.329039174882183,0.043352281524407774,1.117205989692774,1.0,0.0,25.284141099232965,16.826748288932592,0.04519427994399579,0.5676381909547739,0.8449367088607594,0.5185185185185185,0.6989247311827957,0.5676381909547739,0.8449367088607594,0.5185185185185185,0.6989247311827957,0.657504537379212,C_privacy,epara,8,1.0,0.0,1.0,0.25,False,1.0,0.3,30
ours,0.8,0.19703169582623697,0.0,356.32,356.32,0.19703169582623697,19.6609341262858,0.002433036208002477,1.056092543849948,0.1813333333333333,204.0,48.61493107612227,7.005584047878156,0.0,0.1956895589056393,0.3322784810126582,0.2222222222222222,0.3763440860215054,0.1956895589056393,0.3322784810126582,0.2222222222222222,0.3763440860215054,0.2816335870405063,B_energy,ours_c,8,0.35,0.4,1.0,0.0,True,1.0,0.3,30
epara_priv,0.8,0.5698170799141802,0.0,1030.48,1030.48,0.5698170799141802,16.329039174882183,0.043352281524407774,1.117205989692774,1.0,0.0,41.08649974656613,16.826748288932592,0.04519427994399579,0.5676381909547739,0.8449367088607594,0.5185185185185185,0.6989247311827957,0.5676381909547739,0.8449367088607594,0.5185185185185185,0.6989247311827957,0.657504537379212,C_privacy,epara_priv,8,1.0,0.0,1.0,0.25,False,1.0,0.3,30
epara,0.8,0.5698170799141802,0.11572404945699055,1030.48,924.4,0.5111587887903386,16.329039174882183,0.043352281524407774,1.117205989692774,1.0,0.0,26.372887236984873,16.826748288932592,0.04519427994399579,0.5676381909547739,0.8449367088607594,0.5185185185185185,0.6989247311827957,0.5091680625348967,0.759493670886076,0.4444444444444444,0.6451612903225806,0.5895668670469993,C_privacy,epara,8,1.0,0.2,1.0,0.25,False,1.0,0.3,30
epara_priv,0.8,0.8866205127070845,0.0,1603.4,1603.4,0.8866205127070845,10.503281208015792,0.09648094490278915,0.9101988454137268,1.0,0.0,36.44485857007939,16.840961088932524,0.030636593265804434,0.8862981574539364,0.9556962025316456,0.5555555555555556,0.9032258064516129,0.8862981574539364,0.9556962025316456,0.5555555555555556,0.9032258064516129,0.8251939304981877,C_privacy,tera,8,1.0,0.0,1.0,0.25,False,1.0,0.3,30
epara_priv,0.8,0.8789011523744221,0.0,1589.44,1589.44,0.8789011523744221,10.34453776657426,0.13445842825860962,0.8946716507044746,1.0,0.0,33.80527112796694,16.442022107703792,0.042646629524784374,0.8791289782244556,0.8955696202531646,0.48148148148148145,0.8279569892473119,0.8791289782244556,0.8955696202531646,0.48148148148148145,0.8279569892473119,0.7710342673016034,C_privacy,epara_priv,8,1.0,0.2,1.0,0.25,False,1.0,0.3,30
epara,0.8,0.5698170799141802,0.23005463272212515,1030.48,821.2,0.45409303045718963,16.329039174882183,0.043352281524407774,1.117205989692774,1.0,0.0,26.26526839156674,16.826748288932592,0.04519427994399579,0.5676381909547739,0.8449367088607594,0.5185185185185185,0.6989247311827957,0.45239530988274707,0.6613924050632911,0.37037037037037035,0.5913978494623656,0.5188889836946935,C_privacy,epara,8,1.0,0.4,1.0,0.25,False,1.0,0.3,30
epara_priv,0.8,0.7023733162283515,0.0,1270.2,1270.2,0.7023733162283515,12.89712715139648,0.07020415385636239,1.0659352812368672,1.0,0.0,44.142612757553565,16.38193090770381,0.043460798666171745,0.701105527638191,0.8734177215189873,0.5185185185185185,0.7849462365591398,0.701105527638191,0.8734177215189873,0.5185185185185185,0.7849462365591398,0.7194970010587092,C_privacy,tera,8,1.0,0.2,1.0,0.25,False,1.0,0.3,30
epara_priv,0.8,0.8086527614960961,0.0,1462.4,1462.4,0.8086527614960961,10.550246434997693,0.09510959722191502,0.8031231337506359,1.0,0.0,32.5569626522488,15.428680386540625,0.06303849038783327,0.8085762144053601,0.8417721518987342,0.5185185185185185,0.8172043010752689,0.8085762144053601,0.8417721518987342,0.5185185185185185,0.8172043010752689,0.7465177964744705,C_privacy,epara_priv,8,1.0,0.4,1.0,0.25,False,1.0,0.3,30
epara,0.8,0.5698170799141802,0.34363318661387715,1030.48,715.68,0.39574439848709386,16.329039174882183,0.043352281524407774,1.117205989692774,1.0,0.0,25.934354226802803,16.826748288932592,0.04519427994399579,0.5676381909547739,0.8449367088607594,0.5185185185185185,0.6989247311827957,0.3943495254048018,0.5759493670886076,0.25925925925925924,0.4946236559139785,0.43104545191666177,C_privacy,epara,8,1.0,0.6,1.0,0.25,False,1.0,0.3,30
epara_priv,0.8,0.8363672557563425,0.0,1512.52,1512.52,0.8363672557563425,10.476108892651036,0.1276459268762027,0.7578244232598261,1.0,0.0,33.990520080156536,15.845324222312545,0.03047853347815743,0.8364042434394193,0.8607594936708861,0.5555555555555556,0.8172043010752689,0.8364042434394193,0.8607594936708861,0.5555555555555556,0.8172043010752689,0.7674808984352826,C_privacy,tera,8,1.0,0.4,1.0,0.25,False,1.0,0.3,30
epara_priv,0.8,0.7366791267611864,0.0,1332.24,1332.24,0.7366791267611864,10.750981498884542,0.08436000088474044,0.7388025038154431,1.0,0.0,32.24063796793635,14.322887592073942,0.08589880816170331,0.7363484087102178,0.7879746835443038,0.5185185185185185,0.7849462365591398,0.7363484087102178,0.7879746835443038,0.5185185185185185,0.7849462365591398,0.706946961833045,C_privacy,epara_priv,8,1.0,0.6,1.0,0.25,False,1.0,0.3,30
epara_priv,0.8,0.7481143969387981,0.0,1352.92,1352.92,0.7481143969387981,10.669428874031976,0.07343345645971114,0.7161310300590564,1.0,0.0,35.11714823381379,14.434883712255338,0.08381155792133856,0.7479173646007817,0.7879746835443038,0.5185185185185185,0.7741935483870968,0.7479173646007817,0.7879746835443038,0.5185185185185185,0.7741935483870968,0.7071510287626752,C_privacy,tera,8,1.0,0.6,1.0,0.25,False,1.0,0.3,30
epara,0.8,0.5698170799141802,0.46218840547654333,1030.48,603.6,0.3337683307159762,16.329039174882183,0.043352281524407774,1.117205989692774,1.0,0.0,25.1132790844269,16.826748288932592,0.04519427994399579,0.5676381909547739,0.8449367088607594,0.5185185185185185,0.6989247311827957,0.3327749860413177,0.4588607594936709,0.18518518518518517,0.43010752688172044,0.35173211440047353,C_privacy,epara,8,1.0,0.8,1.0,0.25,False,1.0,0.3,30
epara_priv,0.8,0.5372586317489106,0.0,971.6,971.6,0.5372586317489106,14.103565302026487,0.07464997456371238,0.7266594412864126,1.0,0.0,34.00309867596965,13.703024047448935,0.13949253118483226,0.5361250697934115,0.6613924050632911,0.5185185185185185,0.6666666666666666,0.5361250697934115,0.6613924050632911,0.5185185185185185,0.6666666666666666,0.595675665010472,C_privacy,epara_priv,8,1.0,0.8,1.0,0.25,False,1.0,0.3,30
epara_priv,0.8,0.5919577094070028,0.0,1070.52,1070.52,0.5919577094070028,12.464549910566172,0.058791002189732586,0.7147154453562187,1.0,0.0,38.21730695492249,13.343549970259298,0.1391314423224827,0.5912004466778336,0.6772151898734177,0.5185185185185185,0.6881720430107527,0.5912004466778336,0.6772151898734177,0.5185185185185185,0.6881720430107527,0.6187765495201306,C_privacy,tera,8,1.0,0.8,1.0,0.25,False,1.0,0.3,30
ours,0.8,0.46389153082214507,0.0,838.92,838.92,0.46389153082214507,20.455971179838105,0.19125876445997655,1.1519320519342637,1.0,0.0,48.157882562381076,17.160923342189783,0.0022936751908683166,0.46211055276381907,0.7531645569620253,0.18518518518518517,0.41935483870967744,0.46211055276381907,0.7531645569620253,0.18518518518518517,0.41935483870967744,0.4549537834051768,D_ablate,ours,8,0.5,0.4,0.0,0.0,False,1.0,0.3,30
ours,0.8,0.5439826590873902,0.0,983.76,983.76,0.5439826590873902,9.335496629469102,0.016566764725398687,1.3893300303023601,0.46666666666666673,148.8,54.147451957320705,9.183888164206525,0.0011206537826775876,0.543964265773311,0.5537974683544303,0.37037037037037035,0.5698924731182796,0.543964265773311,0.5537974683544303,0.37037037037037035,0.5698924731182796,0.5095061444040978,D_ablate,ours,8,0.5,0.4,0.0,0.0,True,1.0,0.3,30
ours,0.8,0.5286987679989383,0.0,956.12,956.12,0.5286987679989383,17.757276699667603,0.20733892194377473,1.1526398442856827,1.0,0.0,53.59912952259865,16.978087398086192,0.0,0.5271915131211614,0.7879746835443038,0.2222222222222222,0.46236559139784944,0.5271915131211614,0.7879746835443038,0.2222222222222222,0.46236559139784944,0.4999385025713843,D_ablate,ours,8,0.5,0.4,0.0,0.25,False,1.0,0.3,30
ours,0.8,0.49191568423613724,0.0,889.6,889.6,0.49191568423613724,19.085432536994126,0.20968348410784987,1.1288845634911857,1.0,0.0,46.25246472661125,16.978400784909976,0.0,0.49022892238972643,0.7563291139240507,0.18518518518518517,0.4946236559139785,0.49022892238972643,0.7563291139240507,0.18518518518518517,0.4946236559139785,0.4815917193532352,D_ablate,ours,8,0.5,0.4,0.5,0.0,False,1.0,0.3,30
ours,0.8,0.5339629736126164,0.0,965.64,965.64,0.5339629736126164,9.187593068299044,0.011678573798411892,1.4270642100373803,0.4613333333333333,153.6,57.95476676632028,8.87190737047229,0.0,0.5339586823003909,0.5506329113924051,0.2962962962962963,0.5483870967741935,0.5339586823003909,0.5506329113924051,0.2962962962962963,0.5483870967741935,0.4823187466908214,D_ablate,ours,8,0.5,0.4,0.0,0.25,True,1.0,0.3,30
ours,0.8,0.40910397912012564,0.0,739.84,739.84,0.40910397912012564,12.684776920345126,0.023401384618787463,1.5423237707637523,0.336,187.20000000000002,56.765212680080374,9.384705356748137,0.0005053312038041989,0.40804020100502514,0.5189873417721519,0.4074074074074074,0.5483870967741935,0.40804020100502514,0.5189873417721519,0.4074074074074074,0.5483870967741935,0.4707055117396945,D_ablate,ours,8,0.5,0.4,0.5,0.0,True,1.0,0.3,30
ours,0.8,0.4964720974983964,0.0,897.84,897.84,0.4964720974983964,18.42643034326649,0.19132511999292207,1.1087788370086926,1.0,0.0,45.361537910190684,16.543986219398384,0.0,0.49482970407593524,0.7658227848101266,0.3333333333333333,0.41935483870967744,0.49482970407593524,0.7658227848101266,0.3333333333333333,0.41935483870967744,0.5033351652322682,D_ablate,ours,8,0.5,0.4,1.0,0.0,False,1.0,0.3,30
ours,0.8,0.48671783415540465,0.0,880.2,880.2,0.48671783415540465,19.25053683775176,0.21357634204065382,1.1709318528676649,1.0,0.0,54.55058466436871,16.944322524589097,0.0,0.4844891122278057,0.8037974683544303,0.3333333333333333,0.5268817204301075,0.4844891122278057,0.8037974683544303,0.3333333333333333,0.5268817204301075,0.5371254085864192,D_ablate,ours,8,0.5,0.4,1.0,0.25,False,1.0,0.3,30
ours,0.8,0.2976709207936122,0.0,538.32,538.32,0.2976709207936122,18.07693315848286,0.005994116476078831,1.6197827962221583,0.336,184.8,62.587054728744796,9.731174657874494,0.0,0.29554438860971527,0.5474683544303798,0.3333333333333333,0.46236559139784944,0.29554438860971527,0.5474683544303798,0.3333333333333333,0.46236559139784944,0.40967791694281946,D_ablate,ours,8,0.5,0.4,1.0,0.0,True,1.0,0.3,30
ours,0.8,0.2761053725863175,0.0,499.32,499.32,0.2761053725863175,18.90082054185992,0.008382915662117626,1.618278737475393,0.348,189.60000000000002,63.201238209400955,9.437557712961496,0.0,0.27359017308766054,0.5664556962025317,0.37037037037037035,0.4731182795698925,0.27359017308766054,0.5664556962025317,0.37037037037037035,0.4731182795698925,0.42088362980761373,D_ablate,ours,8,0.5,0.4,1.0,0.25,True,1.0,0.3,30
ours,0.8,0.38607860918802944,0.0,698.2,698.2,0.38607860918802944,23.686080822490354,0.14527438012872973,1.1585454867178342,1.0,0.0,53.83947997707679,16.537621630262766,6.506128245194874e-06,0.3842546063651591,0.6708860759493671,0.2962962962962963,0.3225806451612903,0.3842546063651591,0.6708860759493671,0.2962962962962963,0.3225806451612903,0.4185044059430282,D_ablate,ours,8,0.5,0.4,2.0,0.25,False,1.0,0.3,30
ours,0.8,0.27864900134922915,0.0,503.92,503.92,0.27864900134922915,18.373221852507342,0.007763597354626087,1.628585963592931,0.3720000000000001,182.4,64.85149668043697,9.2586339559155,0.0,0.2762032384142937,0.5791139240506329,0.37037037037037035,0.40860215053763443,0.2762032384142937,0.5791139240506329,0.37037037037037035,0.40860215053763443,0.40857242084323286,D_ablate,ours,8,0.5,0.4,2.0,0.25,True,1.0,0.3,30
ours,0.8,0.4874477450178054,0.0,881.52,881.52,0.4874477450178054,19.501750169783033,0.18522041096193403,1.1848665147862245,1.0,0.0,57.051587783646156,17.19118280966714,0.0,0.48542713567839196,0.7974683544303798,0.18518518518518517,0.4946236559139785,0.48542713567839196,0.7974683544303798,0.18518518518518517,0.4946236559139785,0.4906760828019838,D_ablate,ours,8,0.5,0.4,1.0,0.4,False,1.0,0.3,30
ours,0.8,0.31585233682068525,0.0,571.2,571.2,0.31585233682068525,16.00142115500758,0.005795049877242264,1.6205790626175045,0.33733333333333343,199.2,68.48029807842416,9.140011763740329,0.0,0.3136571747627024,0.5822784810126582,0.3333333333333333,0.46236559139784944,0.3136571747627024,0.5822784810126582,0.3333333333333333,0.46236559139784944,0.42290864512663584,D_ablate,ours,8,0.5,0.4,1.0,0.4,True,1.0,0.3,30
epara_priv,0.8,0.7366791267611864,0.0,1332.24,1332.24,0.7366791267611864,10.750981498884542,0.08436000088474044,0.7388025038154431,1.0,0.0,37.55785673611589,14.322887592073942,0.08589880816170331,0.7363484087102178,0.7879746835443038,0.5185185185185185,0.7849462365591398,0.7363484087102178,0.7879746835443038,0.5185185185185185,0.7849462365591398,0.706946961833045,D_gamma,tera,8,1.0,0.6,1.0,0.25,False,1.0,1.0,30
epara_priv,0.8,0.7315476322133994,0.0,1322.96,1322.96,0.7315476322133994,10.78952765441309,0.06644400698944947,0.7272566410829223,1.0,0.0,37.13756318921085,14.274113505682342,0.09565332321172729,0.7310552763819096,0.8037974683544303,0.4444444444444444,0.8064516129032258,0.7310552763819096,0.8037974683544303,0.4444444444444444,0.8064516129032258,0.6964372005210027,D_gamma,tera,8,1.0,0.6,1.0,0.25,False,1.0,0.5,30
epara_priv,0.8,0.7481143969387981,0.0,1352.92,1352.92,0.7481143969387981,10.669428874031976,0.07343345645971114,0.7161310300590564,1.0,0.0,35.730088664401826,14.434883712255338,0.08381155792133856,0.7479173646007817,0.7879746835443038,0.5185185185185185,0.7741935483870968,0.7479173646007817,0.7879746835443038,0.5185185185185185,0.7741935483870968,0.7071510287626752,D_gamma,tera,8,1.0,0.6,1.0,0.25,False,1.0,0.3,30
rr,0.8,0.5175289199531088,0.21160779456327,935.92,746.88,0.4129968370529296,17.844297257171487,0.0339076773351618,1.4333901041781867,1.0,0.0,1.8128578634910957,16.700834688931938,0.048553291272170715,0.5159798994974875,0.7373417721518988,0.48148148148148145,0.5268817204301075,0.41176996091568957,0.5727848101265823,0.37037037037037035,0.4731182795698925,0.4570108552456337,E_stale,rr,8,1.0,0.4,1.0,0.25,False,0.1,0.3,30
epara_priv,0.8,0.7546172391674593,0.0,1364.68,1364.68,0.7546172391674593,10.708558263266267,0.08108646125942802,0.7381831855079516,1.0,0.0,35.16535293415784,14.61375529071421,0.08070891984225148,0.7540815187046342,0.8354430379746836,0.5185185185185185,0.8064516129032258,0.7540815187046342,0.8354430379746836,0.5185185185185185,0.8064516129032258,0.7286236720252656,D_gamma,tera,8,1.0,0.6,1.0,0.25,False,1.0,0.1,30
epara,0.8,0.7110216540222513,0.21136449094246976,1285.84,1023.52,0.5659684590033399,13.226200062941926,0.07438455243193028,0.9856672048837672,1.0,0.0,21.960253805122335,17.006777088933244,0.04528792930995297,0.7094584031267448,0.9588607594936709,0.5925925925925926,0.6559139784946236,0.5645784477945281,0.7626582278481012,0.5185185185185185,0.5806451612903226,0.6066000888628676,E_stale,epara,8,1.0,0.4,1.0,0.25,False,0.1,0.3,30
rr,1.0,0.28085196716671385,0.20998443249363147,635.04,534.52,0.23639612227568638,35.41020190012667,0.018150297197848855,1.7722367676195867,1.0,0.0,2.2718585671049842,22.486894614656443,0.04123776094667953,0.2789841474094329,0.5171568627450981,0.18181818181818182,0.3656716417910448,0.23480421067681803,0.43137254901960786,0.18181818181818182,0.3208955223880597,0.29222261597566684,E_stale,rr,8,1.0,0.4,1.0,0.25,False,0.1,0.3,30
epara_priv,0.8,0.7657649687023069,0.0,1384.84,1384.84,0.7657649687023069,11.298888868781985,0.08692574815863396,0.8149786556369025,1.0,0.0,31.187067721661577,15.647153261044043,0.033562324583683516,0.7648687883863763,0.8575949367088608,0.6666666666666666,0.9139784946236559,0.7648687883863763,0.8575949367088608,0.6666666666666666,0.9139784946236559,0.8007772215963899,E_stale,epara_priv,8,1.0,0.4,1.0,0.25,False,0.1,0.3,30
rr,0.8,0.5175289199531088,0.21160779456327,935.92,746.88,0.4129968370529296,17.844297257171487,0.0339076773351618,1.4333901041781867,1.0,0.0,1.7864466809844608,16.700834688931938,0.04855329127217066,0.5159798994974875,0.7373417721518988,0.48148148148148145,0.5268817204301075,0.41176996091568957,0.5727848101265823,0.37037037037037035,0.4731182795698925,0.4570108552456337,E_stale,rr,8,1.0,0.4,1.0,0.25,False,0.25,0.3,30
epara,1.0,0.04532267195018398,0.19901641664307954,102.48,82.12,0.03631828474384376,222.8676679806593,0.0008137560147183696,0.6853240871780356,1.0,0.0,22.533053911204735,22.839478614657963,0.0575489547606642,0.04214251246581953,0.47549019607843135,0.09090909090909091,0.05223880597014925,0.033724733258270335,0.3872549019607843,0.09090909090909091,0.03731343283582089,0.13730053974099163,E_stale,epara,8,1.0,0.4,1.0,0.25,False,0.1,0.3,30
epara,0.8,0.5511711751564885,0.21901749574218662,996.76,804.2,0.4446926632899073,17.02712577644901,0.06166640861737188,0.9549224746190087,1.0,0.0,22.580911690871933,16.971957888933318,0.027659586290682964,0.5487437185929648,0.9050632911392406,0.37037037037037035,0.5698924731182796,0.4428364042434394,0.6962025316455697,0.3333333333333333,0.5161290322580645,0.49712532537010173,E_stale,epara,8,1.0,0.4,1.0,0.25,False,0.25,0.3,30
epara_priv,1.0,0.07541395414661761,0.0,170.52,170.52,0.07541395414661761,115.47944908397679,0.0004599490517973394,0.6807422870082083,1.0,0.0,40.89677422227773,19.69155565779972,0.04995993953709437,0.07229281718585241,0.49019607843137253,0.15151515151515152,0.09701492537313433,0.07229281718585241,0.49019607843137253,0.15151515151515152,0.09701492537313433,0.2027547431263777,E_stale,epara_priv,8,1.0,0.4,1.0,0.25,False,0.1,0.3,30
epara_priv,0.8,0.8398177434695097,0.0,1518.76,1518.76,0.8398177434695097,10.518535760214633,0.13142819225409746,0.7711618853818761,1.0,0.0,29.902577223875422,15.975131371183574,0.022511262283672465,0.8394416527079843,0.8860759493670886,0.6666666666666666,0.9139784946236559,0.8394416527079843,0.8860759493670886,0.6666666666666666,0.9139784946236559,0.8265406908413488,E_stale,epara_priv,8,1.0,0.4,1.0,0.25,False,0.25,0.3,30
rr,1.0,0.28085196716671385,0.20998443249363147,635.04,534.52,0.23639612227568638,35.41020190012667,0.018150297197848855,1.7722367676195867,1.0,0.0,2.293661433090805,22.486894614656443,0.04123776094667954,0.2789841474094329,0.5171568627450981,0.18181818181818182,0.3656716417910448,0.23480421067681803,0.43137254901960786,0.18181818181818182,0.3208955223880597,0.29222261597566684,E_stale,rr,8,1.0,0.4,1.0,0.25,False,0.25,0.3,30
rr,0.8,0.5175289199531088,0.21160779456327,935.92,746.88,0.4129968370529296,17.844297257171487,0.0339076773351618,1.4333901041781867,1.0,0.0,1.858233185624773,16.700834688931938,0.04855329127217068,0.5159798994974875,0.7373417721518988,0.48148148148148145,0.5268817204301075,0.41176996091568957,0.5727848101265823,0.37037037037037035,0.4731182795698925,0.4570108552456337,E_stale,rr,8,1.0,0.4,1.0,0.25,False,0.5,0.3,30
epara,1.0,0.04976294933484291,0.20090928389470705,112.52,86.12,0.038087319558448914,200.23702999162606,0.0003361166147749788,0.8452094537220493,1.0,0.0,25.856916856938202,22.530670614657765,0.0351289871445571,0.046753525280145834,0.4583333333333333,0.09090909090909091,0.05223880597014925,0.03563705252622737,0.36519607843137253,0.09090909090909091,0.05223880597014925,0.13599525695921003,E_stale,epara,8,1.0,0.4,1.0,0.25,False,0.25,0.3,30
epara,0.8,0.825197407710513,0.20760434407555683,1492.32,1185.52,0.6555484284797948,11.234543455112014,0.07069076109796288,0.959877021078941,1.0,0.0,20.942986947915127,16.76553388893276,0.030567276781127778,0.8242322724734785,0.9651898734177216,0.5185185185185185,0.9032258064516129,0.654606365159129,0.7721518987341772,0.4444444444444444,0.7741935483870968,0.6613490641812119,E_stale,epara,8,1.0,0.4,1.0,0.25,False,0.5,0.3,30
epara_priv,1.0,0.10071115199547127,0.0,227.72,227.72,0.10071115199547127,87.7011488491442,0.002069770733088027,0.8536300594395698,1.0,0.0,44.33375426425819,19.97130561592712,0.0764763852609018,0.09790359766232373,0.4681372549019608,0.15151515151515152,0.1417910447761194,0.09790359766232373,0.4681372549019608,0.15151515151515152,0.1417910447761194,0.21483676221388884,E_stale,epara_priv,8,1.0,0.4,1.0,0.25,False,0.25,0.3,30
rr,1.0,0.28085196716671385,0.20998443249363147,635.04,534.52,0.23639612227568638,35.41020190012667,0.018150297197848855,1.7722367676195867,1.0,0.0,2.3009524080508483,22.486894614656443,0.04123776094667954,0.2789841474094329,0.5171568627450981,0.18181818181818182,0.3656716417910448,0.23480421067681803,0.43137254901960786,0.18181818181818182,0.3208955223880597,0.29222261597566684,E_stale,rr,8,1.0,0.4,1.0,0.25,False,0.5,0.3,30
epara_priv,0.8,0.7887903386344032,0.0,1426.48,1426.48,0.7887903386344032,10.936292140183737,0.08681515560372476,0.8446838158855146,1.0,0.0,32.04972435580801,15.600402012129296,0.052299219206045175,0.788252372975991,0.8512658227848101,0.6296296296296297,0.8817204301075269,0.788252372975991,0.8512658227848101,0.6296296296296297,0.8817204301075269,0.7877170638744895,E_stale,epara_priv,8,1.0,0.4,1.0,0.25,False,0.5,0.3,30
rr,0.8,0.5175289199531088,0.21160779456327,935.92,746.88,0.4129968370529296,17.844297257171487,0.0339076773351618,1.4333901041781867,1.0,0.0,1.7867449100324342,16.700834688931938,0.048553291272170694,0.5159798994974875,0.7373417721518988,0.48148148148148145,0.5268817204301075,0.41176996091568957,0.5727848101265823,0.37037037037037035,0.4731182795698925,0.4570108552456337,E_stale,rr,8,1.0,0.4,1.0,0.25,False,1.0,0.3,30
epara,1.0,0.15326917633739032,0.198149589583923,346.56,265.64,0.11748160203792811,64.94247522696604,0.004953297480894424,0.853347013869233,1.0,0.0,24.73450754321272,22.50646421465735,0.03935289669385743,0.15112683859667936,0.45098039215686275,0.12121212121212122,0.14925373134328357,0.11563276321198149,0.3627450980392157,0.09090909090909091,0.14925373134328357,0.17963517087589292,E_stale,epara,8,1.0,0.4,1.0,0.25,False,0.5,0.3,30
epara,0.8,0.5698170799141802,0.2247019530645197,1030.48,826.12,0.456813607307956,16.329039174882183,0.043352281524407774,1.117205989692774,1.0,0.0,25.156262724732372,16.826748288932592,0.04519427994399579,0.5676381909547739,0.8449367088607594,0.5185185185185185,0.6989247311827957,0.4550977107761027,0.6677215189873418,0.37037037037037035,0.5913978494623656,0.5211468623990451,E_stale,epara,8,1.0,0.4,1.0,0.25,False,1.0,0.3,30
rr,1.0,0.28085196716671385,0.20998443249363147,635.04,534.52,0.23639612227568638,35.41020190012667,0.018150297197848855,1.7722367676195867,1.0,0.0,2.234686212515944,22.486894614656443,0.041237760946679525,0.2789841474094329,0.5171568627450981,0.18181818181818182,0.3656716417910448,0.23480421067681803,0.43137254901960786,0.18181818181818182,0.3208955223880597,0.29222261597566684,E_stale,rr,8,1.0,0.4,1.0,0.25,False,1.0,0.3,30
epara_priv,1.0,0.10798188508349844,0.0,244.16,244.16,0.10798188508349844,83.34501884783946,0.0018928672516275121,1.0208215397679026,1.0,0.0,47.94764392399274,20.34951980188848,0.03170259713554674,0.10490947759726914,0.48284313725490197,0.18181818181818182,0.23134328358208955,0.10490947759726914,0.48284313725490197,0.18181818181818182,0.23134328358208955,0.2502285200631106,E_stale,epara_priv,8,1.0,0.4,1.0,0.25,False,0.5,0.3,30
epara_priv,0.8,0.7365021786733317,0.0,1331.92,1331.92,0.7365021786733317,11.758346032159116,0.10902214062949282,0.9518701201035147,1.0,0.0,36.037074036235616,15.66117624715337,0.06470275129165631,0.7359240647682859,0.819620253164557,0.4074074074074074,0.8279569892473119,0.7359240647682859,0.819620253164557,0.4074074074074074,0.8279569892473119,0.6977271786468906,E_stale,epara_priv,8,1.0,0.4,1.0,0.25,False,1.0,0.3,30
rr,0.8,0.5175289199531088,0.21160779456327,935.92,746.88,0.4129968370529296,17.844297257171487,0.0339076773351618,1.4333901041781867,1.0,0.0,1.830222075947024,16.700834688931938,0.04855329127217066,0.5159798994974875,0.7373417721518988,0.48148148148148145,0.5268817204301075,0.41176996091568957,0.5727848101265823,0.37037037037037035,0.4731182795698925,0.4570108552456337,E_stale,rr,8,1.0,0.4,1.0,0.25,False,2.0,0.3,30
epara,1.0,0.11659708463062553,0.20478347013869233,263.64,203.8,0.09013232380413247,85.96052273804368,0.004776393999433909,1.0200785451457686,1.0,0.0,27.423865034514098,22.662632214657837,0.03570848930587062,0.11429235251014244,0.4019607843137255,0.18181818181818182,0.19402985074626866,0.08823476846639143,0.3235294117647059,0.18181818181818182,0.14925373134328357,0.18570902334814068,E_stale,epara,8,1.0,0.4,1.0,0.25,False,1.0,0.3,30
epara,0.8,0.93919621331092,0.20625511490566456,1698.48,1348.96,0.7459246643515959,9.750785813746655,0.09097343566831081,0.8090066576718056,1.0,0.0,18.073321353888705,16.56151468893242,0.035088007744957836,0.9392741485203797,0.9810126582278481,0.48148148148148145,0.8924731182795699,0.7458849804578448,0.7626582278481012,0.37037037037037035,0.8172043010752689,0.6740294699378963,E_stale,epara,8,1.0,0.4,1.0,0.25,False,2.0,0.3,30
local,0.4,0.5749491295500792,0.16817393925691462,610.32,528.92,0.49826663652121483,14.59120925608563,0.0008666817393925691,0.0,1.0,0.0,0.0,8.905306833174183,0.40456153789853283,0.5745198706978513,0.6647398843930635,0.3333333333333333,0.5517241379310345,0.49781327248526336,0.5895953757225434,0.25,0.4827586206896552,0.4550418172243655,A_load,local,9,1.0,0.4,1.0,0.25,False,1.0,0.3,30
rr,0.4,0.9974753184113347,0.16244630341397243,1058.84,887.08,0.8356696058482177,8.40949835024572,0.0,0.25710302208154345,1.0,0.0,0.3346940276333064,8.904313233174179,0.37248396164346026,0.9975660772009888,0.9942196531791907,0.8333333333333334,1.0,0.8357482411104773,0.861271676300578,0.4166666666666667,0.8103448275862069,0.7310078529159821,A_load,rr,9,1.0,0.4,1.0,0.25,False,1.0,0.3,30
rr,1.0,0.28085196716671385,0.20998443249363147,635.04,534.52,0.23639612227568638,35.41020190012667,0.018150297197848855,1.7722367676195867,1.0,0.0,2.3773412976364767,22.486894614656443,0.04123776094667954,0.2789841474094329,0.5171568627450981,0.18181818181818182,0.3656716417910448,0.23480421067681803,0.43137254901960786,0.18181818181818182,0.3208955223880597,0.29222261597566684,E_stale,rr,8,1.0,0.4,1.0,0.25,False,2.0,0.3,30
epara_priv,1.0,0.1960444381545429,0.0,443.28,443.28,0.1960444381545429,45.63224552614129,0.008455986413812623,1.0475339654684404,1.0,0.0,47.78421510507749,20.22786179682791,0.03180359406260823,0.19385913177130806,0.4632352941176471,0.3333333333333333,0.26119402985074625,0.19385913177130806,0.4632352941176471,0.3333333333333333,0.26119402985074625,0.3129054472682587,E_stale,epara_priv,8,1.0,0.4,1.0,0.25,False,1.0,0.3,30
epara_priv,0.8,0.7630222733405587,0.0,1379.88,1379.88,0.7630222733405587,11.26803610823515,0.07949392846873549,0.903364225520338,1.0,0.0,33.95606128064304,15.548537665031517,0.03242207790341787,0.7625683975432719,0.8417721518987342,0.5185185185185185,0.7849462365591398,0.7625683975432719,0.8417721518987342,0.5185185185185185,0.7849462365591398,0.7269513261299162,E_stale,epara_priv,8,1.0,0.4,1.0,0.25,False,2.0,0.3,30
rr_g,0.4,0.9973999547818223,0.1594694400482327,1058.76,889.72,0.8381566056221268,8.410133772690864,0.0,0.23415479689501847,1.0,0.0,0.17788892194081216,8.904313233174179,0.34557823836295004,0.9974519870697851,0.9884393063583815,1.0,1.0,0.8381821639094885,0.8554913294797688,0.6666666666666666,0.8103448275862069,0.7926712469105327,A_load,rr_g,9,1.0,0.4,1.0,0.25,False,1.0,0.3,30
epara,0.4,0.9998492727409752,0.16225789434019142,1061.36,889.16,0.83762906021554,8.38953157568985,0.0,0.19070766448112142,1.0,0.0,4.140174467096257,8.904313233174179,0.3416110307686938,0.9998478798250618,1.0,1.0,1.0,0.8373835329910629,0.8901734104046243,0.8333333333333334,0.7931034482758621,0.8384984312512207,A_load,epara,9,1.0,0.4,1.0,0.25,False,1.0,0.3,30
epara_priv,0.4,0.9999623181852438,0.0,1061.48,1061.48,0.9999623181852438,8.388583141626954,0.0,0.2894717009571181,1.0,0.0,11.385706193587021,8.904313233174179,0.34295905067611365,0.9999619699562654,1.0,1.0,1.0,0.9999619699562654,1.0,1.0,1.0,0.9999904924890664,A_load,epara_priv,9,1.0,0.4,1.0,0.25,False,1.0,0.3,30
epara_priv,0.4,0.9997739091114628,0.0,1061.28,1061.28,0.9997739091114628,8.395618529675737,0.00504936317733062,0.2832165197075891,1.0,0.0,11.669837371931541,8.910102033174267,0.35648330458830446,0.9997718197375927,1.0,1.0,1.0,0.9997718197375927,1.0,1.0,1.0,0.9999429549343981,A_load,tera,9,1.0,0.4,1.0,0.25,False,1.0,0.3,30
ours,0.4,0.9997739091114628,0.0,1061.28,1061.28,0.9997739091114628,8.390163984221111,0.0,0.28178461074685357,1.0,0.0,10.890797384981491,8.90431323317418,0.3407069520274146,0.9997718197375927,1.0,1.0,1.0,0.9997718197375927,1.0,1.0,1.0,0.9999429549343981,A_load,ours,9,1.0,0.4,1.0,0.25,False,1.0,0.3,30
epara,1.0,0.16269813189923577,0.2143185677894141,367.88,286.92,0.12689286725162752,61.30830546552026,0.011516416643079536,1.2410133031418058,1.0,0.0,30.960709897060543,22.554099414655592,0.038385022686624824,0.16006290994227299,0.47794117647058826,0.30303030303030304,0.26865671641791045,0.12480117241256054,0.375,0.21212121212121213,0.22388059701492538,0.2339507453871745,E_stale,epara,8,1.0,0.4,1.0,0.25,False,2.0,0.3,30
local,0.6,0.43606086562200835,0.16571774071648107,692.36,606.44,0.38194689373708873,18.990103491645247,0.0,0.0,1.0,0.0,0.0,13.147988053475501,0.2758351579000931,0.43582051607982714,0.4559386973180077,0.4,0.4939759036144578,0.3816194229058091,0.4061302681992337,0.4,0.4578313253012048,0.41139525410156186,A_load,local,9,1.0,0.4,1.0,0.25,False,1.0,0.3,30
rr,0.6,0.9725903159167633,0.17040358744394618,1544.24,1283.12,0.8081322114173427,8.515219948632035,0.001763490703884718,0.481306998538822,1.0,0.0,0.6324538204549801,13.149543253475535,0.1661662485206949,0.9727214948519131,0.9655172413793104,0.8,0.963855421686747,0.8077793313842634,0.842911877394636,0.8,0.8674698795180723,0.8295402720742429,A_load,rr,9,1.0,0.4,1.0,0.25,False,1.0,0.3,30
epara_priv,1.0,0.18302434191904896,0.0,413.84,413.84,0.18302434191904896,49.17258165807678,0.013373903198414945,1.0538317294084347,1.0,0.0,47.67099479038491,20.349581193378494,0.050392885157629935,0.18072310689328544,0.47058823529411764,0.15151515151515152,0.27611940298507465,0.18072310689328544,0.47058823529411764,0.15151515151515152,0.27611940298507465,0.26973647417190727,E_stale,epara_priv,8,1.0,0.4,1.0,0.25,False,2.0,0.3,30
rr_g,0.6,0.9829193328966594,0.1630473119363128,1560.64,1308.04,0.8238272786819166,8.424796528011273,0.00015115634604726154,0.3993298735325238,1.0,0.0,0.316432234327296,13.148074453475513,0.15380763849677753,0.9829922460912673,0.9770114942528736,0.8666666666666667,0.9879518072289156,0.8236176433201983,0.842911877394636,0.8,0.8674698795180723,0.8334998500582267,A_load,rr_g,9,1.0,0.4,1.0,0.25,False,1.0,0.3,30
epara,0.6,0.9992946037184461,0.16702776238222403,1586.64,1321.64,0.8323928049579281,8.311581236749337,0.018768579634201643,0.21864765455736385,1.0,0.0,5.200687432836244,13.187487253475968,0.1571827693191602,0.9992881657556884,1.0,1.0,1.0,0.831956273039278,0.8735632183908046,0.8666666666666667,0.9036144578313253,0.8689501539820187,A_load,epara,9,1.0,0.4,1.0,0.25,False,1.0,0.3,30
epara_priv,0.6,0.9986647856099159,0.0,1585.64,1585.64,0.9986647856099159,8.290740933298531,0.0,0.34660150148637076,1.0,0.0,12.758300046494774,13.146130453475482,0.1447746136280616,0.9986525994661243,1.0,1.0,1.0,0.9986525994661243,1.0,1.0,1.0,0.999663149866531,A_load,epara_priv,9,1.0,0.4,1.0,0.25,False,1.0,0.3,30
epara_priv,0.6,0.9989670983020104,0.0,1586.12,1586.12,0.9989670983020104,8.289811649481452,0.0014359852874489848,0.3428477855595304,1.0,0.0,15.238547365189401,13.14863605347552,0.14037906829045743,0.9989830939366976,0.9961685823754789,1.0,1.0,0.9989830939366976,0.9961685823754789,1.0,1.0,0.9987879190780441,A_load,tera,9,1.0,0.4,1.0,0.25,False,1.0,0.3,30
ours,0.6,0.9973043784954905,0.0,1583.48,1583.48,0.9973043784954905,8.3020502017553,0.0,0.3706605532322265,1.0,0.0,15.726116038648344,13.146130453475482,0.1306102988069504,0.9972797762806661,1.0,1.0,1.0,0.9972797762806661,1.0,1.0,1.0,0.9993199440701666,A_load,ours,9,1.0,0.4,1.0,0.25,False,1.0,0.3,30
local,0.8,0.296335534156908,0.16665090145481376,626.56,527.8,0.24962636447908587,30.321462199386193,0.009780737433549631,0.0,1.0,0.0,0.0,18.998215355647414,0.2232502452703354,0.296240400412639,0.3253968253968254,0.16666666666666666,0.2761904761904762,0.24937913116570512,0.29365079365079366,0.16666666666666666,0.23809523809523808,0.2369479573946009,A_load,local,9,1.0,0.4,1.0,0.25,False,1.0,0.3,30
rr,0.8,0.6276320021188445,0.18891768667587355,1327.04,1090.88,0.5159386291832989,14.484720999855492,0.036758167956260995,1.343196049868518,1.0,0.0,1.6597145098878041,19.221804155648233,0.04737870829123128,0.6259504069078822,0.8756613756613757,0.3333333333333333,0.6571428571428571,0.514442364268521,0.7380952380952381,0.3,0.5238095238095238,0.5190867815433208,A_load,rr,9,1.0,0.4,1.0,0.25,False,1.0,0.3,30
rr_g,0.8,0.7107588111769046,0.18787718269358103,1502.8,1225.8,0.5797499006791653,12.973046150951236,0.07546491609754252,1.181104447681568,1.0,0.0,0.9514489465521841,19.49589375564952,0.04123344162929997,0.7095480074886333,0.8809523809523809,0.4666666666666667,0.7714285714285715,0.578516027967753,0.746031746031746,0.4666666666666667,0.6285714285714286,0.6049464673093986,A_load,rr_g,9,1.0,0.4,1.0,0.25,False,1.0,0.3,30
epara,0.8,0.9393102404510112,0.1935904954690781,1986.04,1601.12,0.7572598800582683,9.81272449479884,0.12459562231597268,0.7306986511284739,1.0,0.0,16.00096271773871,19.48846335565029,0.023539071454959225,0.9391357505826615,0.9761904761904762,0.7666666666666667,0.9428571428571428,0.756791349864364,0.8359788359788359,0.7,0.7238095238095238,0.754144927413181,A_load,epara,9,1.0,0.4,1.0,0.25,False,1.0,0.3,30
local,0.9,0.23882329195680693,0.16624617351229523,567.96,499.04,0.20984290375752682,36.271245597693955,0.0057691660779762505,0.0,1.0,0.0,0.0,20.600616649666257,0.2146440795792953,0.23746370289867377,0.42857142857142855,0.3333333333333333,0.24444444444444444,0.20873168163833652,0.37192118226600984,0.2916666666666667,0.1925925925925926,0.2662280307909014,A_load,local,9,1.0,0.4,1.0,0.25,False,1.0,0.3,30
epara_priv,0.8,0.8768610832592368,0.0,1854.0,1854.0,0.8768610832592368,10.075690812255212,0.059724928583590305,0.809928299816493,1.0,0.0,29.60372443775058,18.680330765921166,0.02459147931336938,0.876456653803538,0.9444444444444444,0.7333333333333333,0.8761904761904762,0.876456653803538,0.9444444444444444,0.7333333333333333,0.8761904761904762,0.8576062269429481,A_load,epara_priv,9,1.0,0.4,1.0,0.25,False,1.0,0.3,30
epara_priv,0.8,0.8978225089388752,0.0,1898.32,1898.32,0.8978225089388752,10.020062125215285,0.10507198395732043,0.7848048582076846,1.0,0.0,32.12424208481523,19.021284333538677,0.024393526215673325,0.8974133649180454,0.9603174603174603,0.6666666666666666,0.9428571428571428,0.8974133649180454,0.9603174603174603,0.6666666666666666,0.9428571428571428,0.8668136586898287,A_load,tera,9,1.0,0.4,1.0,0.25,False,1.0,0.3,30
rr,0.9,0.5501900629057759,0.1819053385810879,1308.44,1102.52,0.4636021125576076,16.0159156321023,0.05141790291654052,1.4368251084872339,1.0,0.0,1.7636784668892624,20.955864649667934,0.03965320477359475,0.5479291548506512,0.8719211822660099,0.5,0.5777777777777777,0.46180101546978214,0.7167487684729064,0.4166666666666667,0.4962962962962963,0.5228781867264128,A_load,rr,9,1.0,0.4,1.0,0.25,False,1.0,0.3,30
rr_g,0.9,0.5981935614088203,0.18141756652201702,1422.6,1204.12,0.5063242170417466,14.762483797039227,0.05427725636626636,1.3558213072291183,1.0,0.0,1.0153773641113404,21.001109449668007,0.04179679831176792,0.596681893053032,0.8275862068965517,0.4166666666666667,0.6,0.5051367827607872,0.6724137931034483,0.4166666666666667,0.5407407407407407,0.5337394958179107,A_load,rr_g,9,1.0,0.4,1.0,0.25,False,1.0,0.3,30
ours,0.8,0.7578274276849732,0.0,1602.32,1602.32,0.7578274276849732,11.692898995306143,0.023912673338504324,1.1391059233053973,1.0,0.0,44.82564773295381,18.73576591815894,0.012506692922550043,0.7564474840484469,0.9338624338624338,0.7,0.8285714285714286,0.7564474840484469,0.9338624338624338,0.7,0.8285714285714286,0.8047203366205774,A_load,ours,9,1.0,0.4,1.0,0.25,False,1.0,0.3,30
epara,0.9,0.7554075419652168,0.1620244222424059,1796.48,1516.72,0.6377703770982608,11.660966695798423,0.04724661082517577,1.0684562855316715,1.0,0.0,22.887725401718907,20.94869344966795,0.011137547963456422,0.7538249927830325,0.958128078817734,0.5416666666666666,0.8740740740740741,0.6365874781368337,0.7783251231527094,0.5,0.7555555555555555,0.6676170392112747,A_load,epara,9,1.0,0.4,1.0,0.25,False,1.0,0.3,30
local,1.0,0.21440026627935124,0.16604635681433066,566.84,495.56,0.18743948196562576,44.716940067764526,0.0032225853304284676,0.0,1.0,0.0,0.0,25.347350308011645,0.2130550771604298,0.2137987955858527,0.30526315789473685,0.13157894736842105,0.21019108280254778,0.1869134594809403,0.26526315789473687,0.13157894736842105,0.18471337579617833,0.19211723513506912,A_load,local,9,1.0,0.4,1.0,0.25,False,1.0,0.3,30
rr,1.0,0.22228274025659647,0.19653231663035584,587.68,490.92,0.1856844589687727,43.3307648856729,0.00515916243040426,1.790895061728395,1.0,0.0,2.1931567923262447,25.46462390801225,0.0751357927234877,0.21884266193867882,0.7010526315789474,0.02631578947368421,0.25477707006369427,0.18286308195518602,0.5873684210526315,0.02631578947368421,0.18471337579617833,0.24531516706942,A_load,rr,9,1.0,0.4,1.0,0.25,False,1.0,0.3,30
epara_priv,0.9,0.7275372556934773,0.0,1730.2,1730.2,0.7275372556934773,11.953074913564318,0.06347764658391361,1.0533858108789989,1.0,0.0,37.920546030202104,20.68121021544898,0.012700781558139454,0.726009950924621,0.9187192118226601,0.5833333333333334,0.8444444444444444,0.726009950924621,0.9187192118226601,0.5833333333333334,0.8444444444444444,0.7681267351312647,A_load,epara_priv,9,1.0,0.4,1.0,0.25,False,1.0,0.3,30
rr_g,1.0,0.3150417574437182,0.1970921084483176,832.92,686.32,0.2595921084483176,30.56742245114907,0.03151476640038731,1.669268942144759,1.0,0.0,1.2099772917370317,25.460217508011084,0.06732192298096008,0.3125974383272705,0.6589473684210526,0.15789473684210525,0.33121019108280253,0.25757344175098584,0.5557894736842105,0.10526315789473684,0.24203821656050956,0.2901660724726107,A_load,rr_g,9,1.0,0.4,1.0,0.25,False,1.0,0.3,30
epara_priv,0.9,0.676808961550106,0.0,1609.56,1609.56,0.676808961550106,12.777786545345768,0.04381538668550476,1.1301342214148753,1.0,0.0,45.592922236670255,20.566614111926732,0.021707948608845836,0.67506665081764,0.8990147783251231,0.4166666666666667,0.8148148148148148,0.67506665081764,0.8990147783251231,0.4166666666666667,0.8148148148148148,0.7013907276560611,A_load,tera,9,1.0,0.4,1.0,0.25,False,1.0,0.3,30
ours,0.9,0.7197160830221684,0.0,1711.6,1711.6,0.7197160830221684,11.918409740549858,0.023513977192451307,1.137753557372086,1.0,0.0,46.512040454581815,20.399550111925137,0.009860060933942219,0.7180797772079676,0.9285714285714286,0.4583333333333333,0.8518518518518519,0.7180797772079676,0.9285714285714286,0.4583333333333333,0.8518518518518519,0.7392090977411453,A_load,ours,9,1.0,0.4,1.0,0.25,False,1.0,0.3,30
epara,1.0,0.18789336722343258,0.1842168966351973,496.76,410.24,0.1551682401355604,51.456741903564065,0.007685790365528928,1.1401900266279352,1.0,0.0,28.29730273001326,25.561651108014484,0.028971483698037,0.1846972151743955,0.5936842105263158,0.18421052631578946,0.2929936305732484,0.15244703940329532,0.49894736842105264,0.13157894736842105,0.25477707006369427,0.25943760631411583,A_load,epara,9,1.0,0.4,1.0,0.25,False,1.0,0.3,30
energy,0.8,0.9128625210465579,0.17578841824476438,1930.12,1592.48,0.7531735371459922,9.931954156036086,0.074613594657485,0.7197828184415143,1.0,0.0,17.427576147781775,19.16986335564837,0.019223096683845215,0.9122760096282428,0.9894179894179894,0.7666666666666667,0.9714285714285714,0.7528368929813166,0.8068783068783069,0.6666666666666666,0.7523809523809524,0.7446907047268106,B_energy,energy,9,1.0,0.4,1.0,0.25,False,1.0,0.3,30
epara_priv,0.8,0.8768610832592368,0.0,1854.0,1854.0,0.8768610832592368,10.075690812255212,0.059724928583590305,0.809928299816493,1.0,0.0,29.31236277420474,18.680330765921166,0.02459147931336938,0.876456653803538,0.9444444444444444,0.7333333333333333,0.8761904761904762,0.876456653803538,0.9444444444444444,0.7333333333333333,0.8761904761904762,0.8576062269429481,B_energy,epara_priv,9,1.0,0.4,1.0,0.25,False,1.0,0.3,30
epara_priv,1.0,0.21819777293633502,0.0,576.88,576.88,0.21819777293633502,41.40582454957065,0.0058399903171145,1.0881142580488985,1.0,0.0,47.33801492944851,23.88619206615632,0.023990129033433897,0.21505211995231255,0.6189473684210526,0.13157894736842105,0.3375796178343949,0.21505211995231255,0.6189473684210526,0.13157894736842105,0.3375796178343949,0.32578951339404527,A_load,epara_priv,9,1.0,0.4,1.0,0.25,False,1.0,0.3,30
ours,1.0,0.1546235778261922,0.0,408.8,408.8,0.1546235778261922,57.98330980722234,0.001906318082788671,0.9710118615347374,1.0,0.0,49.55501217242295,23.703577049192496,0.04962227865792604,0.15162167945465105,0.5284210526315789,0.15789473684210525,0.27388535031847133,0.15162167945465105,0.5284210526315789,0.15789473684210525,0.27388535031847133,0.2779557048117016,A_load,ours,9,1.0,0.4,1.0,0.25,False,1.0,0.3,30
ours,0.8,0.7578274276849732,0.0,1602.32,1602.32,0.7578274276849732,11.692898995306143,0.023912673338504324,1.1391059233053973,1.0,0.0,44.65238948201913,18.73576591815894,0.012506692922550043,0.7564474840484469,0.9338624338624338,0.7,0.8285714285714286,0.7564474840484469,0.9338624338624338,0.7,0.8285714285714286,0.8047203366205774,B_energy,ours,9,1.0,0.4,1.0,0.25,False,1.0,0.3,30
epara_priv,1.0,0.20669934640522875,0.0,546.48,546.48,0.20669934640522875,44.55450894982241,0.005461752602275478,1.1069353667392883,1.0,0.0,55.180186059966076,24.348148050898953,0.02773637687996716,0.20355821844526642,0.6063157894736843,0.18421052631578946,0.31210191082802546,0.20355821844526642,0.6063157894736843,0.18421052631578946,0.31210191082802546,0.3265466112656914,A_load,tera,9,1.0,0.4,1.0,0.25,False,1.0,0.3,30
ours,0.8,0.8587563139673471,0.0,1815.72,1815.72,0.8587563139673471,10.308657924086237,0.07052725174520895,0.8582833576117596,1.0,0.0,31.911844547657964,18.717636365921862,0.021244532658608078,0.8583845948114469,0.9285714285714286,0.7,0.8380952380952381,0.8583845948114469,0.9285714285714286,0.7,0.8380952380952381,0.8312628153695285,B_energy,ours_c,9,1.0,0.4,1.0,0.0,False,1.0,0.3,30
ours,0.8,0.809739117274258,0.0,1712.08,1712.08,0.809739117274258,10.958255348610576,0.03210427741727993,0.9917894776670009,1.0,0.0,43.71994104893822,18.761409817249195,0.02145081490004219,0.8087723990371757,0.9391534391534392,0.6333333333333333,0.8761904761904762,0.8087723990371757,0.9391534391534392,0.6333333333333333,0.8761904761904762,0.814362411928606,B_energy,ours_b,9,1.0,0.4,1.0,0.25,False,1.0,0.3,30
epara_priv,0.8,0.8466107947558599,0.0,1790.04,1790.04,0.8466107947558599,9.697445628397542,0.0020999262188085284,0.9384778372651772,0.9133333333333333,28.799999999999997,34.59114510665152,17.358815572656734,0.017799912383463515,0.8461391510335078,0.9047619047619048,0.7666666666666667,0.8952380952380953,0.8461391510335078,0.9047619047619048,0.7666666666666667,0.8952380952380953,0.8532014544250436,B_energy,epara_priv,9,1.0,0.4,1.0,0.25,True,1.0,0.3,30
energy,0.8,0.8755746419720388,0.17892884844586543,1851.28,1520.56,0.7191585160521388,10.12792670781624,0.000889157948504512,0.854442952004389,0.904,36.0,21.264289740351366,18.749628155646047,0.01152705019422696,0.8748328430061514,0.9497354497354498,0.8666666666666667,0.9809523809523809,0.7185076223589195,0.791005291005291,0.7666666666666667,0.7714285714285715,0.7619020378648622,B_energy,energy,9,1.0,0.4,1.0,0.25,True,1.0,0.3,30
ours,0.8,0.7857696891730831,0.0,1661.4,1661.4,0.7857696891730831,10.791195883963987,5.675476267050077e-05,0.9637904614162205,0.8866666666666667,36.0,35.62361919517308,17.928492841617768,0.02033760276218049,0.7847017919229741,0.9232804232804233,0.7333333333333333,0.8380952380952381,0.7847017919229741,0.9232804232804233,0.7333333333333333,0.8380952380952381,0.8198526966579922,B_energy,ours_c,9,1.0,0.4,1.0,0.0,True,1.0,0.3,30
ours,0.8,0.7841427193098621,0.0,1657.96,1657.96,0.7841427193098621,10.822247527388393,0.0016837246258915228,0.9961217578841824,0.9346666666666665,21.599999999999998,43.00683204728354,17.94285351050886,0.018562700469312594,0.7832881213464257,0.9047619047619048,0.6666666666666666,0.8095238095238095,0.7832881213464257,0.9047619047619048,0.6666666666666666,0.8095238095238095,0.7910601255747016,B_energy,ours_b,9,1.0,0.4,1.0,0.25,True,1.0,0.3,30
ours,0.8,0.7356741519892545,0.0,1555.48,1555.48,0.7356741519892545,11.598610969432952,0.00297016591308954,1.112923059460073,0.9013333333333334,33.6,43.170539335350625,18.041407390733568,0.017248679054955328,0.7340962060138311,0.9232804232804233,0.6666666666666666,0.8666666666666667,0.7340962060138311,0.9232804232804233,0.6666666666666666,0.8666666666666667,0.7976774906568969,B_energy,ours,9,1.0,0.4,1.0,0.25,True,1.0,0.3,30
energy,0.8,0.5410242342836603,0.17586409126165836,1143.92,940.8,0.444957339336726,17.991068742270205,0.1939499422993246,1.2977354849694471,1.0,0.0,30.777104242549576,20.58034335565773,0.0,0.5381882092232453,0.9232804232804233,0.5666666666666667,0.5714285714285714,0.44228785389523556,0.7962962962962963,0.43333333333333335,0.5142857142857142,0.5465507994526448,B_energy,energy,9,0.7,0.4,1.0,0.25,False,1.0,0.3,30
epara_priv,0.8,0.6896271212092548,0.0,1458.12,1458.12,0.6896271212092548,13.860101483908755,0.22030307043266048,1.1138878904254714,1.0,0.0,39.32699565949437,20.209691175717033,0.0039379363704733755,0.6880563939938105,0.9153439153439153,0.5666666666666667,0.6952380952380952,0.6880563939938105,0.9153439153439153,0.5666666666666667,0.6952380952380952,0.7163262678106219,B_energy,epara_priv,9,0.7,0.4,1.0,0.25,False,1.0,0.3,30
ours,0.8,0.4893584819992811,0.0,1034.68,1034.68,0.4893584819992811,19.324259341705215,0.1929661930797026,1.3604873342287973,1.0,0.0,55.61650254515548,19.99442465567555,0.013051959891133,0.4863217819890727,0.8862433862433863,0.4666666666666667,0.580952380952381,0.4863217819890727,0.8862433862433863,0.4666666666666667,0.580952380952381,0.6050460539628766,B_energy,ours,9,0.7,0.4,1.0,0.25,False,1.0,0.3,30
ours,0.8,0.481639834276093,0.0,1018.36,1018.36,0.481639834276093,19.400943656555757,0.12143627386064813,1.335931440246694,1.0,0.0,59.576866602277335,19.75714498209012,0.009787229273851459,0.47879494135177475,0.843915343915344,0.5333333333333333,0.580952380952381,0.47879494135177475,0.843915343915344,0.5333333333333333,0.580952380952381,0.6092489998882082,B_energy,ours_b,9,0.7,0.4,1.0,0.25,False,1.0,0.3,30
epara_priv,0.8,0.708431865907414,0.0,1497.88,1497.88,0.708431865907414,9.778404527068243,0.007510546926729602,1.1528784123801055,0.6893333333333335,88.8,40.443572108692244,14.646876573004981,0.00142097982745796,0.707885989378367,0.7777777777777778,0.6,0.7619047619047619,0.707885989378367,0.7777777777777778,0.6,0.7619047619047619,0.7118921322652266,B_energy,epara_priv,9,0.7,0.4,1.0,0.25,True,1.0,0.3,30
ours,0.8,0.6693845891901096,0.0,1415.32,1415.32,0.6693845891901096,14.043975715647786,0.19442289865491214,1.1156662063224805,1.0,0.0,40.90355814830385,19.876719709870624,0.0009154909510992033,0.6677301035418179,0.9074074074074074,0.6,0.6571428571428571,0.6677301035418179,0.9074074074074074,0.6,0.6571428571428571,0.7080700920230206,B_energy,ours_c,9,0.7,0.4,1.0,0.0,False,1.0,0.3,30
energy,0.8,0.3036190620329556,0.11922283811649861,641.96,534.36,0.2527289581717399,23.013717718048046,0.007510546926729602,1.665582020091186,0.5733333333333333,120.0,39.512054922479315,14.773886226278126,0.006883355152879027,0.2999656134184083,0.7566137566137566,0.5,0.4380952380952381,0.2496465823558629,0.6375661375661376,0.43333333333333335,0.3523809523809524,0.41823175140907154,B_energy,energy,9,0.7,0.4,1.0,0.25,True,1.0,0.3,30
ours,0.8,0.4731077016212944,0.0,1000.32,1000.32,0.4731077016212944,15.173622000888868,0.010821241415842146,1.4750373635520915,0.6346666666666667,112.8,56.42184652683038,15.178477559929151,0.0008584037609695503,0.4704084361746838,0.7962962962962963,0.5666666666666667,0.6285714285714286,0.4704084361746838,0.7962962962962963,0.5666666666666667,0.6285714285714286,0.6154857069272688,B_energy,ours,9,0.7,0.4,1.0,0.25,True,1.0,0.3,30
ours,0.8,0.5616829678957226,0.0,1187.6,1187.6,0.5616829678957226,12.762033255641379,0.01411301765073119,1.3990994910989614,0.6613333333333334,108.0,60.88892849695453,15.156190694399703,0.0052702966591273975,0.5597371336873878,0.7804232804232805,0.6666666666666666,0.7142857142857143,0.5597371336873878,0.7804232804232805,0.6666666666666666,0.7142857142857143,0.6802781987657623,B_energy,ours_b,9,0.7,0.4,1.0,0.25,True,1.0,0.3,30
ours,0.8,0.295957169072438,0.0,625.76,625.76,0.295957169072438,25.05168250670574,0.011577971584782156,1.33131538621616,0.5853333333333333,124.80000000000001,51.92959136492831,15.676340845396183,0.001231603194305541,0.2924005654682306,0.7248677248677249,0.6,0.4380952380952381,0.2924005654682306,0.7248677248677249,0.6,0.4380952380952381,0.5138408821077984,B_energy,ours_c,9,0.7,0.4,1.0,0.0,True,1.0,0.3,30
epara_priv,0.8,0.25418566374694945,0.0,537.44,537.44,0.25418566374694945,39.83997775719017,0.11653644601676158,1.3838702964490437,1.0,0.0,51.86861391430407,21.411597645824287,0.0,0.2506399724907347,0.7222222222222222,0.36666666666666664,0.3047619047619048,0.2506399724907347,0.7222222222222222,0.36666666666666664,0.3047619047619048,0.41107269153538206,B_energy,epara_priv,9,0.5,0.4,1.0,0.25,False,1.0,0.3,30
energy,0.8,0.23191887852588963,0.18388543105242247,490.36,402.8,0.19050682003064756,44.867338599531365,0.12049036114947313,1.4683781380654193,1.0,0.0,37.763536316514916,22.001148155666197,0.0,0.22790662132732206,0.7751322751322751,0.3,0.2571428571428571,0.18708210751537843,0.6481481481481481,0.26666666666666666,0.22857142857142856,0.33261708772540544,B_energy,energy,9,0.5,0.4,1.0,0.25,False,1.0,0.3,30
ours,0.8,0.28335761175958685,0.0,599.12,599.12,0.28335761175958685,35.22288266895567,0.10800431336196296,1.362133222346242,1.0,0.0,60.80546097283692,21.10273346462472,0.0,0.2800022924387728,0.7513227513227513,0.23333333333333334,0.2857142857142857,0.2800022924387728,0.7513227513227513,0.23333333333333334,0.2857142857142857,0.38759316570228575,B_energy,ours,9,0.5,0.4,1.0,0.25,False,1.0,0.3,30
ours,0.8,0.20469551069827277,0.0,432.8,432.8,0.20469551069827277,48.65417683328301,0.08726990673300668,1.3098999224351577,1.0,0.0,64.70627480145633,21.05752773344489,0.0,0.20098956940358384,0.6931216931216931,0.3333333333333333,0.2571428571428571,0.20098956940358384,0.6931216931216931,0.3333333333333333,0.2571428571428571,0.37114686325036683,B_energy,ours_b,9,0.5,0.4,1.0,0.25,False,1.0,0.3,30
ours,0.8,0.33850432282109005,0.0,715.72,715.72,0.33850432282109005,29.168568598793694,0.1992659717361282,1.1262793469418642,1.0,0.0,45.214192491366205,20.876527917528623,0.0,0.3363007679669889,0.6402116402116402,0.3333333333333333,0.3523809523809524,0.3363007679669889,0.6402116402116402,0.3333333333333333,0.3523809523809524,0.4155566734732287,B_energy,ours_c,9,0.5,0.4,1.0,0.0,False,1.0,0.3,30
epara_priv,0.8,0.5407972152329783,0.0,1143.44,1143.44,0.5407972152329783,9.681196442955159,0.01713993832649123,1.4217257231502678,0.444,158.4,48.894245124885515,11.069867260732646,0.0,0.5406334772475452,0.5555555555555556,0.5,0.580952380952381,0.5406334772475452,0.5555555555555556,0.5,0.580952380952381,0.5442853534388705,B_energy,epara_priv,9,0.5,0.4,1.0,0.25,True,1.0,0.3,30
energy,0.8,0.222932707769727,0.10482604665241492,471.36,383.48,0.18136930324069694,23.04621858501656,0.00961047314553813,1.7700107834049075,0.37733333333333335,182.4,41.620180313655695,10.863065592233406,0.0,0.21995950024834754,0.5740740740740741,0.4,0.3904761904761905,0.1788484315898063,0.48148148148148145,0.36666666666666664,0.3047619047619048,0.3329396211249648,B_energy,energy,9,0.5,0.4,1.0,0.25,True,1.0,0.3,30
ours,0.8,0.29183298965171495,0.0,617.04,617.04,0.29183298965171495,18.629789801047608,0.006224105639531584,1.6738492971868555,0.39866666666666667,182.4,64.78652486446674,11.495325498838415,0.0,0.28915294387345736,0.6031746031746031,0.5,0.44761904761904764,0.28915294387345736,0.6031746031746031,0.5,0.44761904761904764,0.4599866486667771,B_energy,ours,9,0.5,0.4,1.0,0.25,True,1.0,0.3,30
ours,0.8,0.38667019807412173,0.0,817.56,817.56,0.38667019807412173,14.139498191299811,0.021755992357025293,1.6051003613386556,0.34666666666666673,189.60000000000002,67.8887973939913,11.559888141279073,0.0,0.3848049516677492,0.6031746031746031,0.43333333333333335,0.5238095238095238,0.3848049516677492,0.6031746031746031,0.43333333333333335,0.5238095238095238,0.4862806029963024,B_energy,ours_b,9,0.5,0.4,1.0,0.25,True,1.0,0.3,30
ours,0.8,0.20248207495412324,0.0,428.12,428.12,0.20248207495412324,26.46252319877448,0.009496963620197129,1.1992281352276812,0.3546666666666667,175.2,49.87765782550852,11.329135431859331,0.0,0.20014900852023076,0.4708994708994709,0.4666666666666667,0.3238095238095238,0.20014900852023076,0.4708994708994709,0.4666666666666667,0.3238095238095238,0.36538116747397303,B_energy,ours_c,9,0.5,0.4,1.0,0.0,True,1.0,0.3,30
epara_priv,0.8,0.1785315651071719,0.0,377.48,377.48,0.1785315651071719,58.01605737221535,0.10208289979000738,1.3864810155318867,1.0,0.0,53.46665763698279,21.89990133686385,0.0,0.17516142589691666,0.6613756613756614,0.2,0.11428571428571428,0.17516142589691666,0.6613756613756614,0.2,0.11428571428571428,0.2877057003895731,B_energy,epara_priv,9,0.35,0.4,1.0,0.25,False,1.0,0.3,30
energy,0.8,0.1628104958474432,0.18763124538867554,344.24,281.64,0.1332034279876653,65.56444618774414,0.10730433795569345,1.399383264912314,1.0,0.0,37.027991435268795,22.56990495566904,0.0,0.159343598364727,0.6481481481481481,0.16666666666666666,0.14285714285714285,0.13024872960684675,0.5396825396825397,0.13333333333333333,0.14285714285714285,0.23653043636996562,B_energy,energy,9,0.35,0.4,1.0,0.25,False,1.0,0.3,30
ours,0.8,0.17240205073875783,0.0,364.52,364.52,0.17240205073875783,58.96373468655817,0.12164437465710665,1.342779848275601,1.0,0.0,60.74972908778385,21.493460567944183,0.0,0.16899094486684751,0.6613756613756614,0.2,0.10476190476190476,0.16899094486684751,0.6613756613756614,0.2,0.10476190476190476,0.28378212775110345,B_energy,ours,9,0.35,0.4,1.0,0.25,False,1.0,0.3,30
ours,0.8,0.16727520384418926,0.0,353.68,353.68,0.16727520384418926,61.34718253227376,0.10548818555023742,1.3015191358141471,1.0,0.0,65.07784189764729,21.697271518014585,0.0,0.16408130516180797,0.6058201058201058,0.2,0.17142857142857143,0.16408130516180797,0.6058201058201058,0.2,0.17142857142857143,0.2853324956026213,B_energy,ours_b,9,0.35,0.4,1.0,0.25,False,1.0,0.3,30
ours,0.8,0.24922908114039236,0.0,526.96,526.96,0.24922908114039236,40.14439425598901,0.2088007718647723,0.8662101061314061,1.0,0.0,40.547096839721156,21.15448999713597,0.0,0.24716310701868338,0.582010582010582,0.13333333333333333,0.11428571428571428,0.24716310701868338,0.582010582010582,0.13333333333333333,0.11428571428571428,0.26919818416207825,B_energy,ours_c,9,0.35,0.4,1.0,0.0,False,1.0,0.3,30
energy,0.8,0.19701469948353165,0.06260050322556235,416.56,345.48,0.1633969617283717,20.013171759438556,0.0058835770635085795,1.7903289884409466,0.17733333333333332,218.4,43.48038429837629,8.336686828111723,0.0,0.19493371031215376,0.4576719576719577,0.4,0.23809523809523808,0.1616742444503878,0.3862433862433862,0.36666666666666664,0.1619047619047619,0.26912226481630064,B_energy,energy,9,0.35,0.4,1.0,0.25,True,1.0,0.3,30
epara_priv,0.8,0.3950131481866853,0.0,835.2,835.2,0.3950131481866853,8.606275764637852,0.01999659471423977,1.5907603246372424,0.2773333333333333,196.79999999999998,56.34786012470122,7.187961518625534,0.0,0.3949298895808658,0.43386243386243384,0.13333333333333333,0.37142857142857144,0.3949298895808658,0.43386243386243384,0.13333333333333333,0.37142857142857144,0.3333885570513011,B_energy,epara_priv,9,0.35,0.4,1.0,0.25,True,1.0,0.3,30
epara,0.8,0.9393102404510112,0.0,1986.04,1986.04,0.9393102404510112,9.81272449479884,0.12459562231597268,0.7306986511284739,1.0,0.0,15.82959856895221,19.48846335565029,0.023539071454959225,0.9391357505826615,0.9761904761904762,0.7666666666666667,0.9428571428571428,0.9391357505826615,0.9761904761904762,0.7666666666666667,0.9428571428571428,0.9062125090742368,C_privacy,epara,9,1.0,0.0,1.0,0.25,False,1.0,0.3,30
ours,0.8,0.20980343933861784,0.0,443.6,443.6,0.20980343933861784,18.25831918191311,0.0059592500804025806,1.7835562534289335,0.17733333333333332,211.2,67.3698065218677,8.099390389096655,0.0,0.20784778206548735,0.4576719576719577,0.3,0.26666666666666666,0.20784778206548735,0.4576719576719577,0.3,0.26666666666666666,0.3080466016010279,B_energy,ours,9,0.35,0.4,1.0,0.25,True,1.0,0.3,30
ours,0.8,0.2717418036663577,0.0,574.56,574.56,0.2717418036663577,13.770232307394547,0.007510546926729602,1.7405172250704706,0.19866666666666663,220.8,71.43980848050609,7.911824674536612,0.0,0.2706415007832499,0.3915343915343915,0.26666666666666666,0.3904761904761905,0.2706415007832499,0.3915343915343915,0.26666666666666666,0.3904761904761905,0.32982968736512464,B_energy,ours_b,9,0.35,0.4,1.0,0.25,True,1.0,0.3,30
epara_priv,0.8,0.9393102404510112,0.0,1986.04,1986.04,0.9393102404510112,9.81272449479884,0.12459562231597268,0.7306986511284739,1.0,0.0,24.17020183278438,19.48846335565029,0.023539071454959225,0.9391357505826615,0.9761904761904762,0.7666666666666667,0.9428571428571428,0.9391357505826615,0.9761904761904762,0.7666666666666667,0.9428571428571428,0.9062125090742368,C_privacy,epara_priv,9,1.0,0.0,1.0,0.25,False,1.0,0.3,30
ours,0.8,0.1926445827579031,0.0,407.32,407.32,0.1926445827579031,19.701689906115842,0.00221343574414953,1.0737244367089804,0.19599999999999998,199.2,48.36573792423165,8.024892332559105,0.0,0.1911893936499446,0.36772486772486773,0.4,0.22857142857142856,0.1911893936499446,0.36772486772486773,0.4,0.22857142857142856,0.29687142248656023,B_energy,ours_c,9,0.35,0.4,1.0,0.0,True,1.0,0.3,30
epara,0.8,0.9393102404510112,0.09833708545375433,1986.04,1791.16,0.8471405058741179,9.81272449479884,0.12459562231597268,0.7306986511284739,1.0,0.0,16.029010800950626,19.48846335565029,0.023539071454959225,0.9391357505826615,0.9761904761904762,0.7666666666666667,0.9428571428571428,0.8468841936346617,0.8915343915343915,0.7666666666666667,0.8380952380952381,0.8357951224827396,C_privacy,epara,9,1.0,0.2,1.0,0.25,False,1.0,0.3,30
epara_priv,0.8,0.8466486312643069,0.0,1790.12,1790.12,0.8466486312643069,10.788034408670434,0.07215422160842998,0.962787793942375,1.0,0.0,35.53868001457971,19.311876155649117,0.0359093383798009,0.8455278340274328,0.9788359788359788,0.7666666666666667,0.9523809523809523,0.8455278340274328,0.9788359788359788,0.7666666666666667,0.9523809523809523,0.8858528579777576,C_privacy,tera,9,1.0,0.0,1.0,0.25,False,1.0,0.3,30
epara,0.8,0.9393102404510112,0.19726063678843717,1986.04,1594.24,0.7540059403318262,9.81272449479884,0.12459562231597268,0.7306986511284739,1.0,0.0,15.684613082398641,19.48846335565029,0.023539071454959225,0.9391357505826615,0.9761904761904762,0.7666666666666667,0.9428571428571428,0.753524624613151,0.8359788359788359,0.7,0.7142857142857143,0.7509472937194253,C_privacy,epara,9,1.0,0.4,1.0,0.25,False,1.0,0.3,30
epara_priv,0.8,0.8661155148602887,0.0,1831.28,1831.28,0.8661155148602887,10.563041903029687,0.1034828506025464,0.8723396204998203,1.0,0.0,30.126970393439862,19.343887376180206,0.019022624350928753,0.8653383257555496,0.9656084656084656,0.7666666666666667,0.9238095238095239,0.8653383257555496,0.9656084656084656,0.7666666666666667,0.9238095238095239,0.8803557454600514,C_privacy,epara_priv,9,1.0,0.2,1.0,0.25,False,1.0,0.3,30
epara_priv,0.8,0.9008872661230821,0.0,1904.8,1904.8,0.9008872661230821,10.07373674698069,0.07612705499536503,0.815452430049755,1.0,0.0,30.990992287890208,19.18845375564882,0.02212603632007741,0.9003744316662209,0.9629629629629629,0.8333333333333334,0.9523809523809523,0.9003744316662209,0.9629629629629629,0.8333333333333334,0.9523809523809523,0.9122629200858674,C_privacy,tera,9,1.0,0.2,1.0,0.25,False,1.0,0.3,30
epara_priv,0.8,0.8920146048922606,0.0,1886.04,1886.04,0.8920146048922606,9.983525860726969,0.047674000643220645,0.7813995724474545,1.0,0.0,28.179533459328677,18.829329114365493,0.026794109255110585,0.8917204752989722,0.9391534391534392,0.7333333333333333,0.9142857142857143,0.8917204752989722,0.9391534391534392,0.7333333333333333,0.9142857142857143,0.8696232405178647,C_privacy,epara_priv,9,1.0,0.4,1.0,0.25,False,1.0,0.3,30
epara,0.8,0.9393102404510112,0.29457613651412246,1986.04,1402.16,0.663160483550578,9.81272449479884,0.12459562231597268,0.7306986511284739,1.0,0.0,16.38293609156842,19.48846335565029,0.023539071454959225,0.9391357505826615,0.9761904761904762,0.7666666666666667,0.9428571428571428,0.6624574943644214,0.7724867724867724,0.7,0.6095238095238096,0.6861170190937509,C_privacy,epara,9,1.0,0.6,1.0,0.25,False,1.0,0.3,30
epara_priv,0.8,0.8887228286573715,0.0,1879.08,1879.08,0.8887228286573715,9.985849955417763,0.07917289392534857,0.7542518776367317,1.0,0.0,31.531446968901264,18.76421093422641,0.027900229206667033,0.8883773354219998,0.9497354497354498,0.7,0.8952380952380953,0.8883773354219998,0.9497354497354498,0.7,0.8952380952380953,0.8583377200988862,C_privacy,tera,9,1.0,0.4,1.0,0.25,False,1.0,0.3,30
epara_priv,0.8,0.8126146919162299,0.0,1718.16,1718.16,0.8126146919162299,10.651689729184177,0.038649993378611025,0.8481999281106339,1.0,0.0,33.22958526606832,18.301307225095087,0.04369961144737962,0.8120391242883888,0.8994708994708994,0.7,0.819047619047619,0.8120391242883888,0.8994708994708994,0.7,0.819047619047619,0.8076394107017268,C_privacy,epara_priv,9,1.0,0.6,1.0,0.25,False,1.0,0.3,30
epara,0.8,0.9393102404510112,0.3938212981706048,1986.04,1204.2,0.5695340433984752,9.81272449479884,0.12459562231597268,0.7306986511284739,1.0,0.0,16.063545351854522,19.48846335565029,0.023539071454959225,0.9391357505826615,0.9761904761904762,0.7666666666666667,0.9428571428571428,0.5687158522141138,0.7037037037037037,0.6333333333333333,0.47619047619047616,0.5954858413604067,C_privacy,epara,9,1.0,0.8,1.0,0.25,False,1.0,0.3,30
epara_priv,0.8,0.8434514463005354,0.0,1783.36,1783.36,0.8434514463005354,10.269891317077214,0.03265290678976144,0.8373030136778978,1.0,0.0,36.44939067699343,18.314913379222823,0.014423139438696737,0.8430252550338134,0.917989417989418,0.7,0.8285714285714286,0.8430252550338134,0.917989417989418,0.7,0.8285714285714286,0.822396525398665,C_privacy,tera,9,1.0,0.6,1.0,0.25,False,1.0,0.3,30
epara_priv,0.8,0.5830227586598309,0.0,1232.72,1232.72,0.5830227586598309,14.286595177441752,0.026901757505817362,0.9817060481658753,1.0,0.0,41.41829435958007,17.611371607135997,0.09337606130805927,0.5813051618079701,0.7962962962962963,0.6333333333333333,0.6571428571428571,0.5813051618079701,0.7962962962962963,0.6333333333333333,0.6571428571428571,0.6670194121451142,C_privacy,epara_priv,9,1.0,0.8,1.0,0.25,False,1.0,0.3,30
epara_priv,0.8,0.6739249702037496,0.0,1424.92,1424.92,0.6739249702037496,12.57036819537503,0.02003443122268677,0.964944474923854,1.0,0.0,44.48841554832325,17.911769048953786,0.06402293998185002,0.6725633286210981,0.843915343915344,0.7,0.7333333333333333,0.6725633286210981,0.843915343915344,0.7,0.7333333333333333,0.7374530014674439,C_privacy,tera,9,1.0,0.8,1.0,0.25,False,1.0,0.3,30
ours,0.8,0.5407972152329783,0.0,1143.44,1143.44,0.5407972152329783,9.681196442955159,0.01713993832649123,1.4217257231502678,0.444,158.4,56.77108310475804,11.069867260732646,0.0,0.5406334772475452,0.5555555555555556,0.5,0.580952380952381,0.5406334772475452,0.5555555555555556,0.5,0.580952380952381,0.5442853534388705,D_ablate,ours,9,0.5,0.4,0.0,0.0,True,1.0,0.3,30
ours,0.8,0.25418566374694945,0.0,537.44,537.44,0.25418566374694945,39.83997775719017,0.11653644601676158,1.3838702964490437,1.0,0.0,60.0890673768779,21.411597645824287,0.0,0.2506399724907347,0.7222222222222222,0.36666666666666664,0.3047619047619048,0.2506399724907347,0.7222222222222222,0.36666666666666664,0.3047619047619048,0.41107269153538206,D_ablate,ours,9,0.5,0.4,0.0,0.0,False,1.0,0.3,30
ours,0.8,0.5399080572844738,0.0,1141.56,1141.56,0.5399080572844738,9.357447665709085,0.01700751054692673,1.4149908246467016,0.46266666666666667,158.4,64.30773247245806,10.682087957266862,0.0,0.5398884346463914,0.544973544973545,0.43333333333333335,0.5619047619047619,0.5398884346463914,0.544973544973545,0.43333333333333335,0.5619047619047619,0.5200250187145079,D_ablate,ours,9,0.5,0.4,0.0,0.25,True,1.0,0.3,30
ours,0.8,0.3008948334247716,0.0,636.2,636.2,0.3008948334247716,33.07148030326726,0.13195482320891427,1.3787245313002516,1.0,0.0,66.53958843935825,21.040075768938628,0.005060454666447529,0.297577656363428,0.7619047619047619,0.2,0.3238095238095238,0.297577656363428,0.7619047619047619,0.2,0.3238095238095238,0.3958229855194284,D_ablate,ours,9,0.5,0.4,0.0,0.25,False,1.0,0.3,30
ours,0.8,0.23657276906487068,0.0,500.2,500.2,0.23657276906487068,41.80787470972817,0.1182769254053236,1.4505760608411056,1.0,0.0,63.63322461042697,20.912298929806028,0.0,0.2326825354372827,0.7698412698412699,0.3333333333333333,0.22857142857142856,0.2326825354372827,0.7698412698412699,0.3333333333333333,0.22857142857142856,0.3911071417958286,D_ablate,ours,9,0.5,0.4,0.5,0.0,False,1.0,0.3,30
ours,0.8,0.4021453300289449,0.0,850.28,850.28,0.4021453300289449,13.423330891299807,0.011350952534100154,1.5919710929075466,0.36133333333333334,187.20000000000002,64.37825740819385,11.4135897902544,0.0,0.4004126389791006,0.6084656084656085,0.5333333333333333,0.4857142857142857,0.4004126389791006,0.6084656084656085,0.5333333333333333,0.4857142857142857,0.5069814666230821,D_ablate,ours,9,0.5,0.4,0.5,0.0,True,1.0,0.3,30
ours,0.8,0.25594506138973494,0.0,541.16,541.16,0.25594506138973494,39.58903833307572,0.14427060670841294,1.4101477515654854,1.0,0.0,61.93695115782436,21.424003984327257,0.0,0.2521109540366026,0.7936507936507936,0.36666666666666664,0.2,0.2521109540366026,0.7936507936507936,0.36666666666666664,0.2,0.40310710358851576,D_ablate,ours,9,0.5,0.4,1.0,0.0,False,1.0,0.3,30
ours,0.8,0.2740498306816247,0.0,579.44,579.44,0.2740498306816247,19.03670129885826,0.015210276395694205,1.703096918216387,0.34666666666666673,180.0,65.77187842592303,11.030626200610431,0.0,0.2713483360715241,0.6031746031746031,0.4666666666666667,0.38095238095238093,0.2713483360715241,0.6031746031746031,0.4666666666666667,0.38095238095238093,0.43053549671629376,D_ablate,ours,9,0.5,0.4,1.0,0.0,True,1.0,0.3,30
ours,0.8,0.28335761175958685,0.0,599.12,599.12,0.28335761175958685,35.22288266895567,0.10800431336196296,1.362133222346242,1.0,0.0,63.828286156873084,21.10273346462472,0.0,0.2800022924387728,0.7513227513227513,0.23333333333333334,0.2857142857142857,0.2800022924387728,0.7513227513227513,0.23333333333333334,0.2857142857142857,0.38759316570228575,D_ablate,ours,9,0.5,0.4,1.0,0.25,False,1.0,0.3,30
ours,0.8,0.29183298965171495,0.0,617.04,617.04,0.29183298965171495,18.629789801047608,0.006224105639531584,1.6738492971868555,0.39866666666666667,182.4,66.76200222248139,11.495325498838415,0.0,0.28915294387345736,0.6031746031746031,0.5,0.44761904761904764,0.28915294387345736,0.6031746031746031,0.5,0.44761904761904764,0.4599866486667771,D_ablate,ours,9,0.5,0.4,1.0,0.25,True,1.0,0.3,30
ours,0.8,0.22558126336101705,0.0,476.96,476.96,0.22558126336101705,43.91363818483209,0.09867761402977733,1.379727198774097,1.0,0.0,62.98636014147984,20.94504886863751,0.0,0.2218316585794521,0.7275132275132276,0.3,0.26666666666666666,0.2218316585794521,0.7275132275132276,0.3,0.26666666666666666,0.37900288818983663,D_ablate,ours,9,0.5,0.4,2.0,0.25,False,1.0,0.3,30
ours,0.8,0.2816738871336953,0.0,595.56,595.56,0.2816738871336953,18.749364190607345,0.005561966741709075,1.7108723207022456,0.324,182.4,67.97726553316225,11.166371337358111,0.0,0.2787032438008635,0.6481481481481481,0.5,0.38095238095238093,0.2787032438008635,0.6481481481481481,0.5,0.38095238095238093,0.4519509432253481,D_ablate,ours,9,0.5,0.4,2.0,0.25,True,1.0,0.3,30
epara_priv,0.8,0.8126146919162299,0.0,1718.16,1718.16,0.8126146919162299,10.651689729184177,0.038649993378611025,0.8481999281106339,1.0,0.0,38.0399923103307,18.301307225095087,0.04369961144737962,0.8120391242883888,0.8994708994708994,0.7,0.819047619047619,0.8120391242883888,0.8994708994708994,0.7,0.819047619047619,0.8076394107017268,D_gamma,tera,9,1.0,0.6,1.0,0.25,False,1.0,1.0,30
ours,0.8,0.2664636107380011,0.0,563.4,563.4,0.2664636107380011,36.98622579422839,0.1350195803931213,1.4264931232145897,1.0,0.0,66.46066055676111,20.83803961246828,0.0,0.26271348336071526,0.7857142857142857,0.36666666666666664,0.23809523809523808,0.26271348336071526,0.7857142857142857,0.36666666666666664,0.23809523809523808,0.4132974184592264,D_ablate,ours,9,0.5,0.4,1.0,0.4,False,1.0,0.3,30
epara_priv,0.8,0.8473296884163529,0.0,1791.56,1791.56,0.8473296884163529,10.186728653220902,0.06905162791577593,0.8201630753514065,1.0,0.0,38.205042684164226,18.250135585964436,0.029878143783044365,0.8471707484812593,0.8994708994708994,0.6333333333333333,0.8,0.8471707484812593,0.8994708994708994,0.6333333333333333,0.8,0.7949937453213731,D_gamma,tera,9,1.0,0.6,1.0,0.25,False,1.0,0.5,30
ours,0.8,0.31039179704496866,0.0,656.28,656.28,0.31039179704496866,17.074443364981494,0.010915832686959647,1.6654685105658449,0.39333333333333337,177.6,71.24369207588627,11.205615691570056,0.0,0.30802735643602186,0.5952380952380952,0.3333333333333333,0.45714285714285713,0.30802735643602186,0.5952380952380952,0.3333333333333333,0.45714285714285713,0.42343541053757683,D_ablate,ours,9,0.5,0.4,1.0,0.4,True,1.0,0.3,30
rr,0.8,0.6276320021188445,0.18891768667587355,1327.04,1090.88,0.5159386291832989,14.484720999855492,0.036758167956260995,1.343196049868518,1.0,0.0,1.8161118160611534,19.221804155648233,0.04737870829123118,0.6259504069078822,0.8756613756613757,0.3333333333333333,0.6571428571428571,0.514442364268521,0.7380952380952381,0.3,0.5238095238095238,0.5190867815433208,E_stale,rr,9,1.0,0.4,1.0,0.25,False,0.1,0.3,30
epara_priv,0.8,0.8434514463005354,0.0,1783.36,1783.36,0.8434514463005354,10.269891317077214,0.03265290678976144,0.8373030136778978,1.0,0.0,39.6161293015959,18.314913379222823,0.014423139438696737,0.8430252550338134,0.917989417989418,0.7,0.8285714285714286,0.8430252550338134,0.917989417989418,0.7,0.8285714285714286,0.822396525398665,D_gamma,tera,9,1.0,0.6,1.0,0.25,False,1.0,0.3,30
epara_priv,0.8,0.849826897973855,0.0,1796.84,1796.84,0.849826897973855,10.267841158989883,0.056698007907830264,0.8496187971773965,1.0,0.0,39.98991174153679,18.44966770811938,0.035144653599119675,0.8491957360638827,0.9391534391534392,0.7333333333333333,0.8761904761904762,0.8491957360638827,0.9391534391534392,0.7333333333333333,0.8761904761904762,0.8494682461852828,D_gamma,tera,9,1.0,0.6,1.0,0.25,False,1.0,0.1,30
epara,0.8,0.8956658279573961,0.1711912824684538,1893.76,1573.56,0.7442252028982765,10.325443221765449,0.14177339715091092,0.7311716074840614,1.0,0.0,17.916704934085548,19.553911355650538,0.01751933542983224,0.8948152676422267,0.9867724867724867,0.9333333333333333,0.9809523809523809,0.7435907232644328,0.8253968253968254,0.8,0.7523809523809524,0.7803421252605527,E_stale,epara,9,1.0,0.4,1.0,0.25,False,0.1,0.3,30
epara_priv,0.8,0.9531962390510603,0.0,2015.4,2015.4,0.9531962390510603,9.551141488364076,0.08293762651582512,0.6340263720463876,1.0,0.0,26.700705707173075,19.24937055564896,0.00956438785690347,0.9530241088144271,0.9814814814814815,0.8333333333333334,0.9714285714285714,0.9530241088144271,0.9814814814814815,0.8333333333333334,0.9714285714285714,0.9348168737644533,E_stale,epara_priv,9,1.0,0.4,1.0,0.25,False,0.1,0.3,30
rr,1.0,0.22228274025659647,0.19653231663035584,587.68,490.92,0.1856844589687727,43.3307648856729,0.00515916243040426,1.790895061728395,1.0,0.0,2.540619568721699,25.46462390801225,0.0751357927234877,0.21884266193867882,0.7010526315789474,0.02631578947368421,0.25477707006369427,0.18286308195518602,0.5873684210526315,0.02631578947368421,0.18471337579617833,0.24531516706942,E_stale,rr,9,1.0,0.4,1.0,0.25,False,0.1,0.3,30
rr,0.8,0.6276320021188445,0.18891768667587355,1327.04,1090.88,0.5159386291832989,14.484720999855492,0.036758167956260995,1.343196049868518,1.0,0.0,1.7690933325842575,19.221804155648233,0.047378708291231315,0.6259504069078822,0.8756613756613757,0.3333333333333333,0.6571428571428571,0.514442364268521,0.7380952380952381,0.3,0.5238095238095238,0.5190867815433208,E_stale,rr,9,1.0,0.4,1.0,0.25,False,0.25,0.3,30
epara,1.0,0.08259198741224885,0.16736262406197047,218.36,173.36,0.06557129024449286,116.82258246937256,0.00037823771483902203,0.6610082304526749,1.0,0.0,22.126993060418936,25.509379108012194,0.05891630325020271,0.07908171063491579,0.5557894736842105,0.05263157894736842,0.12101910828025478,0.06265093387949745,0.4652631578947368,0.05263157894736842,0.07643312101910828,0.16424469793517776,E_stale,epara,9,1.0,0.4,1.0,0.25,False,0.1,0.3,30
epara,0.8,0.9921489244972473,0.17374524678862635,2097.76,1733.72,0.8199738928091715,9.2777740807577,0.1326358803609603,0.597589814411926,1.0,0.0,14.07286385987968,19.462543355650272,0.014095817477308098,0.9922057081725443,0.9894179894179894,0.9333333333333333,0.9904761904761905,0.8202154892446414,0.798941798941799,0.8,0.780952380952381,0.8000274172847054,E_stale,epara,9,1.0,0.4,1.0,0.25,False,0.25,0.3,30
epara_priv,0.8,0.9141111258253088,0.0,1932.76,1932.76,0.9141111258253088,9.970901382297146,0.0664787453413799,0.737130857564464,1.0,0.0,27.153792353184716,19.271359355648634,0.019912889876277186,0.9138043021434302,0.9682539682539683,0.7,0.9333333333333333,0.9138043021434302,0.9682539682539683,0.7,0.9333333333333333,0.8788479009326831,E_stale,epara_priv,9,1.0,0.4,1.0,0.25,False,0.25,0.3,30
rr,1.0,0.22228274025659647,0.19653231663035584,587.68,490.92,0.1856844589687727,43.3307648856729,0.00515916243040426,1.790895061728395,1.0,0.0,2.1216690600922044,25.46462390801225,0.0751357927234877,0.21884266193867882,0.7010526315789474,0.02631578947368421,0.25477707006369427,0.18286308195518602,0.5873684210526315,0.02631578947368421,0.18471337579617833,0.24531516706942,E_stale,rr,9,1.0,0.4,1.0,0.25,False,0.25,0.3,30
epara_priv,1.0,0.13114258048898572,0.0,346.72,346.72,0.13114258048898572,66.51749257270555,0.0005295328007746308,0.7824679254417817,1.0,0.0,41.714282022545994,23.062945024808467,0.03218187070010882,0.12713600097820438,0.6547368421052632,0.10526315789473684,0.2229299363057325,0.12713600097820438,0.6547368421052632,0.10526315789473684,0.2229299363057325,0.2775164843209842,E_stale,epara_priv,9,1.0,0.4,1.0,0.25,False,0.1,0.3,30
rr,0.8,0.6276320021188445,0.18891768667587355,1327.04,1090.88,0.5159386291832989,14.484720999855492,0.036758167956260995,1.343196049868518,1.0,0.0,1.6567174177002284,19.221804155648233,0.04737870829123129,0.6259504069078822,0.8756613756613757,0.3333333333333333,0.6571428571428571,0.514442364268521,0.7380952380952381,0.3,0.5238095238095238,0.5190867815433208,E_stale,rr,9,1.0,0.4,1.0,0.25,False,0.5,0.3,30
epara,1.0,0.08554224158799323,0.17662188332122972,226.16,180.48,0.0682643427741467,113.05092990809132,0.00018155410312273057,0.7198468893730332,1.0,0.0,20.55196906368187,25.567598308013935,0.05235812512401505,0.08258184819490723,0.4673684210526316,0.07894736842105263,0.16560509554140126,0.06583009812612722,0.38526315789473686,0.05263157894736842,0.12738853503184713,0.15777834250001993,E_stale,epara,9,1.0,0.4,1.0,0.25,False,0.25,0.3,30
epara,0.8,0.9895571236686279,0.17317769916192133,2092.28,1730.04,0.8182334134206095,9.257193566659101,0.1115420269017575,0.6199511909041033,1.0,0.0,13.390340847181019,19.368640955649504,0.011502905594234596,0.9896076108967257,0.9947089947089947,0.8666666666666667,0.9809523809523809,0.8182478126313376,0.828042328042328,0.8,0.780952380952381,0.8068106304065116,E_stale,epara,9,1.0,0.4,1.0,0.25,False,0.5,0.3,30
epara_priv,0.8,0.8944928961955391,0.0,1891.28,1891.28,0.8944928961955391,10.016681788808295,0.06142757146370533,0.7544788966874136,1.0,0.0,26.540093478974697,18.94434993353735,0.021286458577429987,0.8939747067588737,0.9656084656084656,0.7666666666666667,0.9333333333333333,0.8939747067588737,0.9656084656084656,0.7666666666666667,0.9333333333333333,0.8898957930918349,E_stale,epara_priv,9,1.0,0.4,1.0,0.25,False,0.5,0.3,30
rr,1.0,0.22228274025659647,0.19653231663035584,587.68,490.92,0.1856844589687727,43.3307648856729,0.00515916243040426,1.790895061728395,1.0,0.0,2.1332532084101112,25.46462390801225,0.0751357927234877,0.21884266193867882,0.7010526315789474,0.02631578947368421,0.25477707006369427,0.18286308195518602,0.5873684210526315,0.02631578947368421,0.18471337579617833,0.24531516706942,E_stale,rr,9,1.0,0.4,1.0,0.25,False,0.5,0.3,30
epara_priv,1.0,0.12233720648753328,0.0,323.44,323.44,0.12233720648753328,73.01150571203877,0.002708182038247398,0.8244825708061002,1.0,0.0,40.88376458291829,23.614841407501817,0.033285726328017864,0.11894353926573534,0.5663157894736842,0.10526315789473684,0.19745222929936307,0.11894353926573534,0.5663157894736842,0.10526315789473684,0.19745222929936307,0.24699367898337984,E_stale,epara_priv,9,1.0,0.4,1.0,0.25,False,0.25,0.3,30
rr,0.8,0.6276320021188445,0.18891768667587355,1327.04,1090.88,0.5159386291832989,14.484720999855492,0.036758167956260995,1.343196049868518,1.0,0.0,1.5744034136672294,19.221804155648233,0.04737870829123128,0.6259504069078822,0.8756613756613757,0.3333333333333333,0.6571428571428571,0.514442364268521,0.7380952380952381,0.3,0.5238095238095238,0.5190867815433208,E_stale,rr,9,1.0,0.4,1.0,0.25,False,1.0,0.3,30
epara,0.8,0.9393102404510112,0.1935904954690781,1986.04,1601.12,0.7572598800582683,9.81272449479884,0.12459562231597268,0.7306986511284739,1.0,0.0,15.538414640895091,19.48846335565029,0.023539071454959225,0.9391357505826615,0.9761904761904762,0.7666666666666667,0.9428571428571428,0.756791349864364,0.8359788359788359,0.7,0.7238095238095238,0.754144927413181,E_stale,epara,9,1.0,0.4,1.0,0.25,False,1.0,0.3,30
epara,1.0,0.10610324376664246,0.18751512950859356,280.52,233.76,0.08841684822076978,91.09589586486716,0.004826313241345921,0.9687424352457032,1.0,0.0,24.99761506726606,25.554220708012537,0.045169536126887615,0.10252804695381042,0.5621052631578948,0.15789473684210525,0.20382165605095542,0.08544003912817534,0.4652631578947368,0.15789473684210525,0.17197452229299362,0.22014311403950276,E_stale,epara,9,1.0,0.4,1.0,0.25,False,0.5,0.3,30
epara_priv,1.0,0.17526022754780926,0.0,463.36,463.36,0.17526022754780926,51.88171638076078,0.0053104575163398695,0.94769728879206,1.0,0.0,44.505101180037265,24.039912102189316,0.0644899665688385,0.17205698040534345,0.5957894736842105,0.07894736842105263,0.2611464968152866,0.17205698040534345,0.5957894736842105,0.07894736842105263,0.2611464968152866,0.2769850798314733,E_stale,epara_priv,9,1.0,0.4,1.0,0.25,False,0.5,0.3,30
rr,1.0,0.22228274025659647,0.19653231663035584,587.68,490.92,0.1856844589687727,43.3307648856729,0.00515916243040426,1.790895061728395,1.0,0.0,2.1840382403873835,25.46462390801225,0.0751357927234877,0.21884266193867882,0.7010526315789474,0.02631578947368421,0.25477707006369427,0.18286308195518602,0.5873684210526315,0.02631578947368421,0.18471337579617833,0.24531516706942,E_stale,rr,9,1.0,0.4,1.0,0.25,False,1.0,0.3,30
epara_priv,0.8,0.8768610832592368,0.0,1854.0,1854.0,0.8768610832592368,10.075690812255212,0.059724928583590305,0.809928299816493,1.0,0.0,29.226228456216468,18.680330765921166,0.02459147931336938,0.876456653803538,0.9444444444444444,0.7333333333333333,0.8761904761904762,0.876456653803538,0.9444444444444444,0.7333333333333333,0.8761904761904762,0.8576062269429481,E_stale,epara_priv,9,1.0,0.4,1.0,0.25,False,1.0,0.3,30
rr,0.8,0.6276320021188445,0.18891768667587355,1327.04,1090.88,0.5159386291832989,14.484720999855492,0.036758167956260995,1.343196049868518,1.0,0.0,1.5847264526247604,19.221804155648233,0.04737870829123127,0.6259504069078822,0.8756613756613757,0.3333333333333333,0.6571428571428571,0.514442364268521,0.7380952380952381,0.3,0.5238095238095238,0.5190867815433208,E_stale,rr,9,1.0,0.4,1.0,0.25,False,2.0,0.3,30
epara,1.0,0.18789336722343258,0.1842168966351973,496.76,410.24,0.1551682401355604,51.456741903564065,0.007685790365528928,1.1401900266279352,1.0,0.0,26.662390048858143,25.561651108014484,0.028971483698037,0.1846972151743955,0.5936842105263158,0.18421052631578946,0.2929936305732484,0.15244703940329532,0.49894736842105264,0.13157894736842105,0.25477707006369427,0.25943760631411583,E_stale,epara,9,1.0,0.4,1.0,0.25,False,1.0,0.3,30
epara,0.8,0.78164550975236,0.18570158345787852,1652.68,1345.08,0.6361641347736431,11.663082602590048,0.05253599197866021,1.071132635880361,1.0,0.0,21.78826245283497,19.27534335564852,0.014916810528744466,0.7804416765368891,0.9365079365079365,0.5,0.9047619047619048,0.6349864364039277,0.7936507936507936,0.4666666666666667,0.7047619047619048,0.6500164503708232,E_stale,epara,9,1.0,0.4,1.0,0.25,False,2.0,0.3,30
local,0.4,0.5487865469138161,0.1805083126313778,574.36,472.04,0.45102235811198166,15.398122789708102,0.0011465698452130708,0.0,1.0,0.0,0.0,8.844065805496745,0.39242796744187414,0.5484331583822167,0.601063829787234,0.4444444444444444,0.5535714285714286,0.45064062982401976,0.5,0.2222222222222222,0.5,0.41821571301156046,A_load,local,10,1.0,0.4,1.0,0.25,False,1.0,0.3,30
rr,0.4,0.9983183642270208,0.19503153067074336,1044.84,841.2,0.8037454614943627,8.452733246713818,0.03305943053697688,0.2055799732467036,1.0,0.0,0.30677370247897384,8.831753805496465,0.3235833178622185,0.9983019450447669,1.0,1.0,1.0,0.8037202840382834,0.8031914893617021,0.7777777777777778,0.8214285714285714,0.8015295306515837,A_load,rr,10,1.0,0.4,1.0,0.25,False,1.0,0.3,30
epara_priv,1.0,0.21819777293633502,0.0,576.88,576.88,0.21819777293633502,41.40582454957065,0.0058399903171145,1.0881142580488985,1.0,0.0,46.08142531585269,23.88619206615632,0.023990129033433897,0.21505211995231255,0.6189473684210526,0.13157894736842105,0.3375796178343949,0.21505211995231255,0.6189473684210526,0.13157894736842105,0.3375796178343949,0.32578951339404527,E_stale,epara_priv,9,1.0,0.4,1.0,0.25,False,1.0,0.3,30
rr,1.0,0.22228274025659647,0.19653231663035584,587.68,490.92,0.1856844589687727,43.3307648856729,0.00515916243040426,1.790895061728395,1.0,0.0,2.1233710826647902,25.46462390801225,0.0751357927234877,0.21884266193867882,0.7010526315789474,0.02631578947368421,0.25477707006369427,0.18286308195518602,0.5873684210526315,0.02631578947368421,0.18471337579617833,0.24531516706942,E_stale,rr,9,1.0,0.4,1.0,0.25,False,2.0,0.3,30
rr_g,0.4,0.9971717943818078,0.2027899866233518,1043.64,832.08,0.7950315306707434,8.424080531118339,0.02209057901777183,0.23252436460921078,1.0,0.0,0.20852230314775616,8.791707405496341,0.30645858436632273,0.9971441803025625,1.0,1.0,1.0,0.7949212719975302,0.8031914893617021,0.7777777777777778,0.8214285714285714,0.7993297776413953,A_load,rr_g,10,1.0,0.4,1.0,0.25,False,1.0,0.3,30
epara_priv,0.8,0.6922378402920979,0.0,1463.64,1463.64,0.6922378402920979,12.722874115037229,0.057397983314099774,1.0799296240942886,1.0,0.0,37.51336607858319,18.62170746973309,0.0169050984867002,0.6907882168647079,0.8809523809523809,0.6,0.7619047619047619,0.6907882168647079,0.8809523809523809,0.6,0.7619047619047619,0.7334113399304627,E_stale,epara_priv,9,1.0,0.4,1.0,0.25,False,2.0,0.3,30
epara,0.4,0.9991591821135104,0.19789795528377604,1045.72,838.76,0.8014141028090961,8.390717405707205,0.006726543091916682,0.17504299636919549,1.0,0.0,4.584773166794166,8.774341005496138,0.3154810211883664,0.9991509725223835,1.0,1.0,1.0,0.8012889780796543,0.8085106382978723,0.7777777777777778,0.8392857142857143,0.8067157771102547,A_load,epara,10,1.0,0.4,1.0,0.25,False,1.0,0.3,30
epara_priv,0.4,0.9780622969615899,0.0,1023.64,1023.64,0.9780622969615899,8.498775551459875,0.0028282056181922416,0.3384291993120581,1.0,0.0,12.839468603732767,8.699686605496387,0.3223418376633863,0.9779252855819698,0.9893617021276596,1.0,1.0,0.9779252855819698,0.9893617021276596,1.0,1.0,0.9918217469274073,A_load,epara_priv,10,1.0,0.4,1.0,0.25,False,1.0,0.3,30
epara_priv,0.4,0.9780240779667495,0.0,1023.6,1023.6,0.9780240779667495,8.50463638676873,0.007834893942289319,0.3009745843684311,1.0,0.0,13.738847508682243,8.705345805496473,0.31104946008596424,0.9778866934238962,0.9893617021276596,1.0,1.0,0.9778866934238962,0.9893617021276596,1.0,1.0,0.9918120988878889,A_load,tera,10,1.0,0.4,1.0,0.25,False,1.0,0.3,30
epara,1.0,0.18500363108206244,0.19220527717259744,489.12,403.32,0.15255083514887435,52.22277704450808,0.007080610021786492,1.181538973614137,1.0,0.0,27.55015473389233,25.54320470800979,0.02531752551461294,0.1817320331366735,0.5957894736842105,0.10526315789473684,0.3248407643312102,0.14984868400941523,0.4905263157894737,0.07894736842105263,0.27388535031847133,0.24830192963460324,E_stale,epara,9,1.0,0.4,1.0,0.25,False,2.0,0.3,30
ours,0.4,0.9778329829925473,0.0,1023.4,1023.4,0.9778329829925473,8.499164554911454,0.001375883814255685,0.35448117714504107,1.0,0.0,14.807145733571991,8.698045005496382,0.31231908590261703,0.9776937326335289,0.9893617021276596,1.0,1.0,0.9776937326335289,0.9893617021276596,1.0,1.0,0.9917638586902972,A_load,ours,10,1.0,0.4,1.0,0.25,False,1.0,0.3,30
local,0.6,0.4346725315193208,0.17535738945860932,679.88,540.16,0.34534434698105004,18.26461897010309,0.0018924379203641665,0.0,1.0,0.0,0.0,12.417749145393689,0.3006592341585899,0.4340679190751445,0.5247148288973384,0.18181818181818182,0.4675324675324675,0.34498864574731625,0.4068441064638783,0.09090909090909091,0.35064935064935066,0.298347798442409,A_load,local,10,1.0,0.4,1.0,0.25,False,1.0,0.3,30
rr,0.6,0.9665243075978825,0.2074776871339795,1511.76,1198.76,0.7664117842620771,8.164388226566025,0.036570084136767,0.5465565301894996,1.0,0.0,0.7539621009741584,12.342595545393454,0.17853297466362117,0.9664533443435177,0.9771863117870723,0.9090909090909091,0.974025974025974,0.7664636663914121,0.7642585551330798,0.7272727272727273,0.7532467532467533,0.7528104255109931,A_load,rr,10,1.0,0.4,1.0,0.25,False,1.0,0.3,30
rr_g,0.6,0.9759864971997033,0.21376876454491983,1526.56,1198.04,0.7659514615246912,8.046983770957583,0.008183515331304504,0.5794951793980001,1.0,0.0,0.45228138924149897,12.284203545393009,0.1368041059859841,0.9758206028075971,0.9923954372623575,1.0,1.0,0.7657927332782825,0.7870722433460076,0.8181818181818182,0.7662337662337663,0.7843201402599687,A_load,rr_g,10,1.0,0.4,1.0,0.25,False,1.0,0.3,30
epara_priv,1.0,0.23713991769547324,0.0,626.96,626.96,0.23713991769547324,38.40113491681762,0.010030864197530864,1.1776960784313726,1.0,0.0,47.1940312547673,24.075975547447975,0.018377049008181528,0.23450921651942652,0.5831578947368421,0.02631578947368421,0.3375796178343949,0.23450921651942652,0.5831578947368421,0.02631578947368421,0.3375796178343949,0.2953906296410869,E_stale,epara_priv,9,1.0,0.4,1.0,0.25,False,2.0,0.3,30
epara,0.6,0.9986190317878424,0.2032580620412756,1561.96,1244.64,0.7957445720277216,7.890606382618102,0.05449709740940593,0.4104544408357415,1.0,0.0,8.49825088387973,12.324811545394171,0.13854302277859248,0.9986065235342692,1.0,1.0,1.0,0.7959073080099092,0.7680608365019012,0.8181818181818182,0.8051948051948052,0.7968361919721085,A_load,epara,10,1.0,0.4,1.0,0.25,False,1.0,0.3,30
epara_priv,0.6,0.9763700994808583,0.0,1527.16,1527.16,0.9763700994808583,7.795988496892183,0.08549216172672174,0.4814208628493977,1.0,0.0,17.797437815977187,11.905721792913866,0.169501800446737,0.9765689512799339,0.9619771863117871,1.0,0.922077922077922,0.9765689512799339,0.9619771863117871,1.0,0.922077922077922,0.9651560149174108,A_load,epara_priv,10,1.0,0.4,1.0,0.25,False,1.0,0.3,30
epara_priv,0.6,0.9757307623456001,0.0,1526.16,1526.16,0.9757307623456001,7.8041726902249575,0.08380431168964018,0.45640999411809835,1.0,0.0,19.04624525166938,11.910416192913722,0.1502635078652488,0.9759496284062759,0.9619771863117871,0.9090909090909091,0.922077922077922,0.9759496284062759,0.9619771863117871,0.9090909090909091,0.922077922077922,0.9422739114717236,A_load,tera,10,1.0,0.4,1.0,0.25,False,1.0,0.3,30
local,0.8,0.2738140853705265,0.17434286152195572,571.68,474.92,0.22746953789562419,34.06540131767477,0.0003448540118016706,0.0,1.0,0.0,0.0,19.474508625288312,0.15856392246999382,0.273360417875798,0.32526881720430106,0.4,0.28440366972477066,0.2270265041594119,0.2768817204301075,0.32,0.24770642201834864,0.26790366165196705,A_load,local,10,1.0,0.4,1.0,0.25,False,1.0,0.3,30
ours,0.6,0.9735825895711326,0.0,1522.8,1522.8,0.9735825895711326,7.677647618145742,0.013374932869600798,0.5150755696493875,1.0,0.0,21.1433932175143,11.691521792912335,0.14043369018997165,0.9737561932287366,0.9619771863117871,0.9090909090909091,0.935064935064935,0.9737561932287366,0.9619771863117871,0.9090909090909091,0.935064935064935,0.944972305924092,A_load,ours,10,1.0,0.4,1.0,0.25,False,1.0,0.3,30
rr,0.8,0.7062418576136102,0.20294658594528317,1474.52,1192.36,0.5710974020997778,13.220353081197649,0.08560042915165914,1.1964326768334739,1.0,0.0,1.53149670319181,19.49367502528756,0.023352965588718647,0.7048558715418843,0.9086021505376344,0.6,0.6972477064220184,0.5700909266782743,0.728494623655914,0.44,0.5412844036697247,0.5699674885009782,A_load,rr,10,1.0,0.4,1.0,0.25,False,1.0,0.3,30
rr_g,0.8,0.7295578205226454,0.2162809410682811,1523.2,1201.32,0.5753889186910874,12.680692112189037,0.07211280557897157,1.147118553145835,1.0,0.0,0.8819337408047015,19.315230225286342,0.050242829672286465,0.7285355000967305,0.8978494623655914,0.4,0.7155963302752294,0.5744437995743857,0.7258064516129032,0.36,0.5596330275229358,0.5549708196775561,A_load,rr_g,10,1.0,0.4,1.0,0.25,False,1.0,0.3,30
epara,0.8,0.970687408996858,0.2133113648555445,2026.64,1594.48,0.7636983676910108,9.566925268072753,0.12566097018928654,0.7045367461108131,1.0,0.0,15.56803627622614,19.388713425286966,0.02371721608671763,0.9707293480363707,0.989247311827957,0.72,0.944954128440367,0.7634358676726639,0.8225806451612904,0.48,0.7522935779816514,0.7045775227039014,A_load,epara,10,1.0,0.4,1.0,0.25,False,1.0,0.3,30
local,0.9,0.21686234473370766,0.17605921388463502,509.8,395.2,0.16811298281436107,46.09304333001337,0.004185809086268504,0.0,1.0,0.0,0.0,23.498233489640814,0.14003683050388885,0.21650335224342446,0.2847380410022779,0.11904761904761904,0.17647058823529413,0.16783565411724258,0.23006833712984054,0.07142857142857142,0.1092436974789916,0.14464406503866153,A_load,local,10,1.0,0.4,1.0,0.25,False,1.0,0.3,30
epara_priv,0.8,0.8817725496206605,0.0,1841.0,1841.0,0.8817725496206605,10.2424571563362,0.09887730860602345,0.8391256034945207,1.0,0.0,30.676780324671647,18.856363624814943,0.010602350193437075,0.881485780615206,0.9435483870967742,0.68,0.8532110091743119,0.881485780615206,0.9435483870967742,0.68,0.8532110091743119,0.8395612942215731,A_load,epara_priv,10,1.0,0.4,1.0,0.25,False,1.0,0.3,30
epara_priv,0.8,0.9289025979002222,0.0,1939.4,1939.4,0.9289025979002222,9.765913800564286,0.10412675300789333,0.7086941528086443,1.0,0.0,29.442780921002118,18.94001322481438,0.019592074898922424,0.9289224221319404,0.9596774193548387,0.68,0.8715596330275229,0.9289224221319404,0.9596774193548387,0.68,0.8715596330275229,0.8600398686285755,A_load,tera,10,1.0,0.4,1.0,0.25,False,1.0,0.3,30
rr,0.9,0.37776076229368727,0.22702058873574954,888.04,679.28,0.28895695082525097,26.484781642313653,0.03472860302875617,1.6164199421473542,1.0,0.0,1.9503169428775922,23.51954548964022,0.014246220150606073,0.37541688155406566,0.7198177676537585,0.2619047619047619,0.3025210084033613,0.2868832731648616,0.5899772209567198,0.19047619047619047,0.226890756302521,0.3235568602250732,A_load,rr,10,1.0,0.4,1.0,0.25,False,1.0,0.3,30
rr_g,0.9,0.35965628722137144,0.2203164880040837,845.48,650.64,0.27677386421643696,27.93810461470199,0.014412115024672451,1.6657818614939595,1.0,0.0,1.261898082864547,23.62110868963824,0.015072072898174707,0.356472408457968,0.7835990888382688,0.23809523809523808,0.3949579831932773,0.2741275571600481,0.6195899772209568,0.23809523809523808,0.31932773109243695,0.36278512589217,A_load,rr_g,10,1.0,0.4,1.0,0.25,False,1.0,0.3,30
ours,0.8,0.7921296651084374,0.0,1653.84,1653.84,0.7921296651084374,11.26729963286231,0.04462027741589394,1.0054793470764043,1.0,0.0,39.86035746650105,18.634310824813003,0.018757892292016177,0.7912168698007351,0.9301075268817204,0.56,0.8073394495412844,0.7912168698007351,0.9301075268817204,0.56,0.8073394495412844,0.772165961555935,A_load,ours,10,1.0,0.4,1.0,0.25,False,1.0,0.3,30
epara,0.9,0.4153139356814701,0.2258465203335035,976.32,759.28,0.32298791900629575,24.360217848288077,0.030525778458397143,1.17980262038455,1.0,0.0,26.98213753837698,23.783367889640616,0.011467922695160268,0.4126181880694516,0.7630979498861048,0.35714285714285715,0.47058823529411764,0.3207495272477222,0.6150341685649203,0.2857142857142857,0.35294117647058826,0.3936097894993791,A_load,epara,10,1.0,0.4,1.0,0.25,False,1.0,0.3,30
local,1.0,0.2434566232489555,0.17453612681248465,634.0,513.76,0.19728434504792333,34.82368997306993,0.00416257065618088,0.0,1.0,0.0,0.0,22.07821944292634,0.09886122855207227,0.24260740189696858,0.3587962962962963,0.10344827586206896,0.31932773109243695,0.1966400099187899,0.2847222222222222,0.06896551724137931,0.2605042016806723,0.20270798776576593,A_load,local,10,1.0,0.4,1.0,0.25,False,1.0,0.3,30
rr,1.0,0.439911526173507,0.21250614401572868,1145.6,923.36,0.3545711477021381,19.19332563104425,0.03277832391250922,1.5441447530105676,1.0,0.0,1.9011182566490699,21.98787384292429,0.011541433150341361,0.4378525819849978,0.7430555555555556,0.2413793103448276,0.5042016806722689,0.3529849358378278,0.5902777777777778,0.10344827586206896,0.42016806722689076,0.3667197641761413,A_load,rr,10,1.0,0.4,1.0,0.25,False,1.0,0.3,30
rr_g,1.0,0.3964579749324158,0.21481014991398378,1032.44,817.36,0.31386704349963135,21.477843015503588,0.0138854755468174,1.5511950110592283,1.0,0.0,1.110124029541106,22.174584242926525,0.02680564940896104,0.3938069555514227,0.7592592592592593,0.20689655172413793,0.5630252100840336,0.3117134709565433,0.6203703703703703,0.13793103448275862,0.4117647058823529,0.3704448954230063,A_load,rr_g,10,1.0,0.4,1.0,0.25,False,1.0,0.3,30
epara_priv,0.9,0.37107367704611194,0.0,872.32,872.32,0.37107367704611194,25.417937191657003,0.018257614429130507,1.1609324485281607,1.0,0.0,45.23481941701149,22.172574971026236,0.013340351366371989,0.3681966649475675,0.7266514806378133,0.35714285714285715,0.47058823529411764,0.3681966649475675,0.7266514806378133,0.35714285714285715,0.47058823529411764,0.4806448095055889,A_load,epara_priv,10,1.0,0.4,1.0,0.25,False,1.0,0.3,30
epara_priv,0.9,0.4499064148375021,0.0,1057.64,1057.64,0.4499064148375021,21.174159435148315,0.022868810617662074,1.2017355793772333,1.0,0.0,49.103816936478104,22.394637984990265,0.018017038376676963,0.44729241877256315,0.7927107061503417,0.2857142857142857,0.5210084033613446,0.44729241877256315,0.7927107061503417,0.2857142857142857,0.5210084033613446,0.5116814534996338,A_load,tera,10,1.0,0.4,1.0,0.25,False,1.0,0.3,30
ours,0.9,0.3865407520843968,0.0,908.68,908.68,0.3865407520843968,24.689867465712936,0.015705291815552153,1.2645397311553515,1.0,0.0,52.43854976990615,22.435188768744034,0.0070764923440510795,0.3834106927969744,0.7744874715261959,0.2857142857142857,0.5210084033613446,0.3834106927969744,0.7744874715261959,0.2857142857142857,0.5210084033613446,0.49115521334970014,A_load,ours,10,1.0,0.4,1.0,0.25,False,1.0,0.3,30
epara,1.0,0.35458650774145983,0.22072376505283853,923.4,732.52,0.28128840009830425,24.18655256977339,0.01737220447284345,1.2011243548783486,1.0,0.0,27.154321899573954,22.333862642928747,0.012947051763953072,0.351311140040915,0.8125,0.3448275862068966,0.47058823529411764,0.27865600396751594,0.6481481481481481,0.2413793103448276,0.3865546218487395,0.3886845210773078,A_load,epara,10,1.0,0.4,1.0,0.25,False,1.0,0.3,30
epara_priv,0.8,0.8817725496206605,0.0,1841.0,1841.0,0.8817725496206605,10.2424571563362,0.09887730860602345,0.8391256034945207,1.0,0.0,30.1632899590873,18.856363624814943,0.010602350193437075,0.881485780615206,0.9435483870967742,0.68,0.8532110091743119,0.881485780615206,0.9435483870967742,0.68,0.8532110091743119,0.8395612942215731,B_energy,epara_priv,10,1.0,0.4,1.0,0.25,False,1.0,0.3,30
energy,0.8,0.9554180396965285,0.21622346539964749,1994.76,1562.44,0.7483523641658365,9.573127105659456,0.06868342401716607,0.7054946739213733,1.0,0.0,16.949400800378168,19.096091025285258,0.014434241425893777,0.955233120526214,0.9865591397849462,0.68,1.0,0.7478429096537048,0.8145161290322581,0.48,0.8256880733944955,0.7170117780201146,B_energy,energy,10,1.0,0.4,1.0,0.25,False,1.0,0.3,30
epara_priv,1.0,0.37410911771934136,0.0,974.24,974.24,0.37410911771934136,21.854911544847887,0.016819243057262227,1.1185027033669206,1.0,0.0,44.36749668373377,21.291929023452607,0.01846805805700149,0.37121071229310026,0.7476851851851852,0.5172413793103449,0.5546218487394958,0.37121071229310026,0.7476851851851852,0.5172413793103449,0.5546218487394958,0.5476897813820316,A_load,epara_priv,10,1.0,0.4,1.0,0.25,False,1.0,0.3,30
epara_priv,1.0,0.43298414843942,0.0,1127.56,1127.56,0.43298414843942,18.975371128803488,0.03337736544605554,1.1169206193167855,1.0,0.0,48.160463105061055,21.39586946999366,0.004506732851097755,0.4304134895542744,0.7893518518518519,0.5172413793103449,0.5126050420168067,0.4304134895542744,0.7893518518518519,0.5172413793103449,0.5126050420168067,0.5624029406833194,A_load,tera,10,1.0,0.4,1.0,0.25,False,1.0,0.3,30
ours,0.8,0.7921296651084374,0.0,1653.84,1653.84,0.7921296651084374,11.26729963286231,0.04462027741589394,1.0054793470764043,1.0,0.0,39.87261142651599,18.634310824813003,0.018757892292016177,0.7912168698007351,0.9301075268817204,0.56,0.8073394495412844,0.7912168698007351,0.9301075268817204,0.56,0.8073394495412844,0.772165961555935,B_energy,ours,10,1.0,0.4,1.0,0.25,False,1.0,0.3,30
ours,1.0,0.39255652494470383,0.0,1022.28,1022.28,0.39255652494470383,20.77675739211441,0.023884861145244532,1.1495453428360776,1.0,0.0,48.21504465491099,21.239663546810718,0.01376680765453974,0.3900254168991383,0.7361111111111112,0.4827586206896552,0.4957983193277311,0.3900254168991383,0.7361111111111112,0.4827586206896552,0.4957983193277311,0.5261733670069089,A_load,ours,10,1.0,0.4,1.0,0.25,False,1.0,0.3,30
ours,0.8,0.8672312054563568,0.0,1810.64,1810.64,0.8672312054563568,10.269636954740724,0.04341328837458809,0.9070235267070273,1.0,0.0,40.870262486778365,18.594615455731745,0.020630512546668808,0.8667633971754691,0.9381720430107527,0.72,0.8807339449541285,0.8667633971754691,0.9381720430107527,0.72,0.8807339449541285,0.8514173462850876,B_energy,ours_b,10,1.0,0.4,1.0,0.25,False,1.0,0.3,30
ours,0.8,0.8836117710169361,0.0,1844.84,1844.84,0.8836117710169361,10.16881998207625,0.09793853935167446,0.7612077553835543,1.0,0.0,28.166785092979797,18.75984585573355,0.017984089503600656,0.8833043141806926,0.9489247311827957,0.56,0.8807339449541285,0.8833043141806926,0.9489247311827957,0.56,0.8807339449541285,0.8182407475794042,B_energy,ours_c,10,1.0,0.4,1.0,0.0,False,1.0,0.3,30
energy,0.8,0.7930492758065752,0.21361790175492376,1655.76,1298.8,0.6220783201777914,11.12091783588231,0.003850869798451989,1.0365736838071884,0.816,60.0,25.106215575496364,18.413570915940493,0.010467569821518854,0.7917005223447475,0.9543010752688172,0.72,0.8990825688073395,0.6209711743083769,0.7580645161290323,0.56,0.6972477064220184,0.6590708492148568,B_energy,energy,10,1.0,0.4,1.0,0.25,True,1.0,0.3,30
epara_priv,0.8,0.8125335274733696,0.0,1696.44,1696.44,0.8125335274733696,9.657260357459492,0.0025864050885125297,1.0150777837382174,0.816,55.2,35.02581886748315,16.38296276080858,0.02361689983642696,0.8117817759721416,0.9112903225806451,0.68,0.8623853211009175,0.8117817759721416,0.9112903225806451,0.68,0.8623853211009175,0.8163643549134261,B_energy,epara_priv,10,1.0,0.4,1.0,0.25,True,1.0,0.3,30
ours,0.8,0.7972833167292512,0.0,1664.6,1664.6,0.7972833167292512,10.499993237524539,0.005306920070503487,1.0193118246608937,0.8666666666666666,52.8,40.11323385332532,17.47828874318335,0.01819615296220593,0.796285548461985,0.9193548387096774,0.64,0.8899082568807339,0.796285548461985,0.9193548387096774,0.64,0.8899082568807339,0.811387161013099,B_energy,ours,10,1.0,0.4,1.0,0.25,True,1.0,0.3,30
ours,0.8,0.8163077630469768,0.0,1704.32,1704.32,0.8163077630469768,10.33544102260772,0.0016667943903747413,0.9091309678902598,0.8373333333333334,48.0,33.947587314192376,17.61489884365079,0.014455511997980832,0.8154575353066357,0.9247311827956989,0.72,0.8715596330275229,0.8154575353066357,0.9247311827956989,0.72,0.8715596330275229,0.8329370877824644,B_energy,ours_c,10,1.0,0.4,1.0,0.0,True,1.0,0.3,30
ours,0.8,0.8749137864970495,0.0,1826.68,1826.68,0.8749137864970495,9.431071599111522,0.0018392213962755766,0.9465667867269523,0.8426666666666667,48.0,40.490513980549004,17.227549868665037,0.021332549720009454,0.8745211839814278,0.9220430107526881,0.76,0.926605504587156,0.8745211839814278,0.9220430107526881,0.76,0.926605504587156,0.870792424830318,B_energy,ours_b,10,1.0,0.4,1.0,0.25,True,1.0,0.3,30
epara_priv,0.8,0.7488313280711165,0.0,1563.44,1563.44,0.7488313280711165,12.621789551078827,0.18882673001762587,1.0320139474289218,1.0,0.0,37.300381455441304,19.73341065573868,0.0038153866591447037,0.7477655252466628,0.9301075268817204,0.52,0.6880733944954128,0.7477655252466628,0.9301075268817204,0.52,0.6880733944954128,0.7214866116559491,B_energy,epara_priv,10,0.7,0.4,1.0,0.25,False,1.0,0.3,30
energy,0.8,0.5250019158556212,0.21520806192045366,1096.12,866.24,0.41489769330983217,18.76007428501812,0.12638899532531228,1.2784121388612155,1.0,0.0,30.276580830736954,20.56329262529406,3.954365453285717e-05,0.5224414780421746,0.8763440860215054,0.4,0.5688073394495413,0.4127490810601664,0.7123655913978495,0.24,0.45871559633027525,0.45595756719707276,B_energy,energy,10,0.7,0.4,1.0,0.25,False,1.0,0.3,30
ours,0.8,0.7567054946739213,0.0,1579.88,1579.88,0.7567054946739213,12.483257225118054,0.1801862211663729,1.0398689554755154,1.0,0.0,46.163576370351734,19.722048424819512,0.005266287679706084,0.7556006964596633,0.9408602150537635,0.52,0.7064220183486238,0.7556006964596633,0.9408602150537635,0.52,0.7064220183486238,0.7307207324655126,B_energy,ours,10,0.7,0.4,1.0,0.25,False,1.0,0.3,30
ours,0.8,0.744080006130738,0.0,1553.52,1553.52,0.744080006130738,12.494701031508392,0.1744003371905893,1.0319756303164993,1.0,0.0,48.73492795570898,19.410767946468916,8.362890971042837e-05,0.7432578835364674,0.8978494623655914,0.4,0.6880733944954128,0.7432578835364674,0.8978494623655914,0.4,0.6880733944954128,0.6822951850993679,B_energy,ours_b,10,0.7,0.4,1.0,0.25,False,1.0,0.3,30
ours,0.8,0.7857498658901065,0.0,1640.52,1640.52,0.7857498658901065,12.00910922218788,0.21225764426392826,0.9194574296880987,1.0,0.0,35.040170234216035,19.701183861183658,0.0,0.7853743470690656,0.8924731182795699,0.52,0.6605504587155964,0.7853743470690656,0.8924731182795699,0.52,0.6605504587155964,0.714599481016058,B_energy,ours_c,10,0.7,0.4,1.0,0.0,False,1.0,0.3,30
energy,0.8,0.4756111579431374,0.1562571844585792,993.0,782.2,0.37464556671009275,14.27554415596949,0.007740056709326385,1.4391332669170052,0.544,136.79999999999998,32.89916987946834,14.175615346877702,0.0001833252497905886,0.47322499516347455,0.7688172043010753,0.36,0.6330275229357798,0.3727413426194622,0.6075268817204301,0.2,0.5229357798165137,0.4258010010391015,B_energy,energy,10,0.7,0.4,1.0,0.25,True,1.0,0.3,30
epara_priv,0.8,0.7046516974480803,0.0,1471.2,1471.2,0.7046516974480803,9.316521017603613,0.016667943903747415,1.1514100697371445,0.6626666666666666,117.6,39.702281542022334,13.706465721098436,0.0038707894286323973,0.70429483459083,0.7580645161290323,0.6,0.7155963302752294,0.70429483459083,0.7580645161290323,0.6,0.7155963302752294,0.694488920248773,B_energy,epara_priv,10,0.7,0.4,1.0,0.25,True,1.0,0.3,30
ours,0.8,0.6682504406467928,0.0,1395.2,1395.2,0.6682504406467928,10.606206641969269,0.007452678366158327,1.24840983983447,0.5986666666666667,129.60000000000002,53.907419359972266,14.797779506875525,0.0030937001164288176,0.667537241245889,0.75,0.56,0.7522935779816514,0.667537241245889,0.75,0.56,0.7522935779816514,0.6824577048068851,B_energy,ours_b,10,0.7,0.4,1.0,0.25,True,1.0,0.3,30
ours,0.8,0.5038700283546632,0.0,1052.0,1052.0,0.5038700283546632,14.306024039464253,0.010077400567093263,1.3893976549927198,0.6133333333333333,124.80000000000001,53.94017802830847,15.049937289516395,0.0,0.5017798413619655,0.7446236559139785,0.6,0.6513761467889908,0.5017798413619655,0.7446236559139785,0.6,0.6513761467889908,0.6244449110162337,B_energy,ours,10,0.7,0.4,1.0,0.25,True,1.0,0.3,30
ours,0.8,0.4004904590390068,0.0,836.16,836.16,0.4004904590390068,16.664300691697253,0.007299409916468695,1.0818453521342632,0.5333333333333333,132.0,43.827053576520015,13.934021666369576,0.007241057229679895,0.397891274908106,0.7365591397849462,0.32,0.5045871559633027,0.397891274908106,0.7365591397849462,0.32,0.5045871559633027,0.4897593926640888,B_energy,ours_c,10,0.7,0.4,1.0,0.0,True,1.0,0.3,30
epara_priv,0.8,0.43468848187600584,0.0,907.56,907.56,0.43468848187600584,23.261520754418566,0.17516667943903746,1.2723005594298413,1.0,0.0,45.708104815019944,21.111225775880115,0.0,0.4321338750241826,0.8118279569892473,0.28,0.3944954128440367,0.4321338750241826,0.8118279569892473,0.28,0.3944954128440367,0.47961431121436665,B_energy,epara_priv,10,0.5,0.4,1.0,0.25,False,1.0,0.3,30
energy,0.8,0.36468311748026666,0.20549467392137327,761.4,600.28,0.2875124530615373,28.875053093385382,0.17250364012568012,1.3129166985975937,1.0,0.0,32.94632292041503,21.985465425303627,0.0,0.36155929580189594,0.8145161290322581,0.28,0.3302752293577982,0.2848713484232927,0.6666666666666666,0.24,0.25688073394495414,0.36210468725872835,B_energy,energy,10,0.5,0.4,1.0,0.25,False,1.0,0.3,30
ours,0.8,0.44066595141390147,0.0,920.04,920.04,0.44066595141390147,22.628723923890366,0.14953253122844662,1.2308031266763737,1.0,0.0,54.030425698110136,20.819331158936095,0.0,0.43826658928225964,0.7983870967741935,0.32,0.3853211009174312,0.43826658928225964,0.7983870967741935,0.32,0.3853211009174312,0.48549369674347115,B_energy,ours,10,0.5,0.4,1.0,0.25,False,1.0,0.3,30
ours,0.8,0.48595677829718753,0.0,1014.6,1014.6,0.48595677829718753,20.685306925784925,0.23112882213196415,1.2842746570618437,1.0,0.0,60.81055783445761,20.98731240690139,0.0,0.483555813503579,0.8655913978494624,0.2,0.3944954128440367,0.483555813503579,0.8655913978494624,0.2,0.3944954128440367,0.48591065604926953,B_energy,ours_b,10,0.5,0.4,1.0,0.25,False,1.0,0.3,30
ours,0.8,0.5031611617748486,0.0,1050.52,1050.52,0.5031611617748486,19.516144112775116,0.2285424170434516,0.9784466242623956,1.0,0.0,39.30257701965213,20.502099713352514,0.0,0.5016637647514026,0.7768817204301075,0.16,0.3577981651376147,0.5016637647514026,0.7768817204301075,0.16,0.3577981651376147,0.4490859125797812,B_energy,ours_c,10,0.5,0.4,1.0,0.0,False,1.0,0.3,30
energy,0.8,0.28038547015096943,0.11999003755077017,585.4,455.24,0.21804352823971185,19.022866083949616,0.008678825963675377,1.6997279485018009,0.3506666666666667,194.4,39.933524415628206,11.135985805544106,0.0,0.2780034822983169,0.5779569892473119,0.36,0.3761467889908257,0.21609595666473205,0.4596774193548387,0.28,0.30275229357798167,0.3146314173993881,B_energy,energy,10,0.5,0.4,1.0,0.25,True,1.0,0.3,30
epara_priv,0.8,0.5362671469078091,0.0,1119.64,1119.64,0.5362671469078091,9.072471577128024,0.019809947122384857,1.4006437274886965,0.45866666666666667,158.4,48.71796639710139,10.15790207661562,0.0004181951668463195,0.5362545946991681,0.5483870967741935,0.4,0.5321100917431193,0.5362545946991681,0.5483870967741935,0.4,0.5321100917431193,0.5041879458041202,B_energy,epara_priv,10,0.5,0.4,1.0,0.25,True,1.0,0.3,30
ours,0.8,0.3751053720591616,0.0,783.16,783.16,0.3751053720591616,14.372549731254267,0.013410989347842746,1.586634991187064,0.37866666666666665,194.4,60.53660686731472,11.256006047529093,0.0,0.37330237957051654,0.5887096774193549,0.52,0.46788990825688076,0.37330237957051654,0.5887096774193549,0.52,0.46788990825688076,0.48747549131168805,B_energy,ours,10,0.5,0.4,1.0,0.25,True,1.0,0.3,30
ours,0.8,0.42267606713158096,0.0,882.48,882.48,0.42267606713158096,12.269800034139694,0.01958004444785041,1.5436240324929114,0.32799999999999996,204.0,63.929213439988885,10.827853134127597,0.0,0.4216289417682337,0.5349462365591398,0.48,0.5229357798165137,0.4216289417682337,0.5349462365591398,0.48,0.5229357798165137,0.4898777395359718,B_energy,ours_b,10,0.5,0.4,1.0,0.25,True,1.0,0.3,30
ours,0.8,0.3227258793777301,0.0,673.8,673.8,0.3227258793777301,16.590957717443164,0.007548471147214346,1.1545712315119931,0.34,196.79999999999998,47.44333674554172,11.178987310013204,0.0,0.32093248210485587,0.5456989247311828,0.32,0.41284403669724773,0.32093248210485587,0.5456989247311828,0.32,0.41284403669724773,0.3998688608833216,B_energy,ours_c,10,0.5,0.4,1.0,0.0,True,1.0,0.3,30
epara_priv,0.8,0.37748103302935093,0.0,788.12,788.12,0.37748103302935093,27.06051301853042,0.21321557207448846,1.3352364165836463,1.0,0.0,49.07571796421212,21.326931520164194,0.0,0.37485006771135615,0.7795698924731183,0.16,0.30275229357798167,0.37485006771135615,0.7795698924731183,0.16,0.30275229357798167,0.404293063440614,B_energy,epara_priv,10,0.35,0.4,1.0,0.25,False,1.0,0.3,30
energy,0.8,0.3089317189056633,0.23549697294811864,645.0,501.0,0.23996091654532914,35.30171011675298,0.20382787953099854,1.3251015403479194,1.0,0.0,33.64726315821271,22.769603025305674,0.0,0.30578448442638806,0.7876344086021505,0.16,0.2018348623853211,0.23739601470303734,0.6344086021505376,0.12,0.13761467889908258,0.28235482393816436,B_energy,energy,10,0.35,0.4,1.0,0.25,False,1.0,0.3,30
ours,0.8,0.32312820905816536,0.0,674.64,674.64,0.32312820905816536,32.06271498738908,0.2036362939688865,1.2770901984826424,1.0,0.0,58.57697236900569,21.630790039092165,0.0,0.3203714451538015,0.75,0.2,0.2018348623853211,0.3203714451538015,0.75,0.2,0.2018348623853211,0.3680515768847807,B_energy,ours,10,0.35,0.4,1.0,0.25,False,1.0,0.3,30
ours,0.8,0.4697103226300866,0.0,980.68,980.68,0.4697103226300866,22.12213007840951,0.3386466395892406,1.2705188137021994,1.0,0.0,62.51885092417559,21.694730525294634,0.0,0.4678274327722964,0.8252688172043011,0.08,0.23853211009174313,0.4678274327722964,0.8252688172043011,0.08,0.23853211009174313,0.40290709001708513,B_energy,ours_b,10,0.35,0.4,1.0,0.25,False,1.0,0.3,30
ours,0.8,0.39868955475515366,0.0,832.4,832.4,0.39868955475515366,24.902762390999737,0.2451337267223542,0.9266035711548778,1.0,0.0,38.93771235734682,20.729059414268182,0.0,0.39696266202360225,0.6881720430107527,0.2,0.27522935779816515,0.39696266202360225,0.6881720430107527,0.2,0.27522935779816515,0.39009101570813004,B_energy,ours_c,10,0.35,0.4,1.0,0.0,False,1.0,0.3,30
energy,0.8,0.19884665491608552,0.07977622806345314,415.16,329.36,0.15775155184305312,18.120369783985595,0.00498122461491302,1.794447850409993,0.17599999999999993,232.79999999999998,41.71813812564413,7.52285271951946,0.0,0.19688527761656027,0.44623655913978494,0.32,0.25688073394495414,0.15621977171599924,0.3521505376344086,0.28,0.1926605504587156,0.24525771495228088,B_energy,energy,10,0.35,0.4,1.0,0.25,True,1.0,0.3,30
epara_priv,0.8,0.38842056862594837,0.0,810.96,810.96,0.38842056862594837,9.178525453011416,0.01674457812859223,1.5745267836615833,0.268,206.4,55.68383900489891,7.443417001374138,0.0,0.38835364674018186,0.4032258064516129,0.2,0.41284403669724773,0.38835364674018186,0.4032258064516129,0.2,0.41284403669724773,0.3511058724722606,B_energy,epara_priv,10,0.35,0.4,1.0,0.25,True,1.0,0.3,30
epara,0.8,0.970687408996858,0.0,2026.64,2026.64,0.970687408996858,9.566925268072753,0.12566097018928654,0.7045367461108131,1.0,0.0,15.944221235498778,19.388713425286966,0.02371721608671763,0.9707293480363707,0.989247311827957,0.72,0.944954128440367,0.9707293480363707,0.989247311827957,0.72,0.944954128440367,0.9062326970761736,C_privacy,epara,10,1.0,0.0,1.0,0.25,False,1.0,0.3,30
ours,0.8,0.26247222009349375,0.0,548.0,548.0,0.26247222009349375,15.030120552646085,0.006303164993486091,1.6989041305847192,0.2053333333333333,240.0,65.12626729008176,8.236506062850054,0.0,0.261249758173728,0.40053763440860213,0.44,0.3302752293577982,0.261249758173728,0.40053763440860213,0.44,0.3302752293577982,0.35801565548503206,B_energy,ours,10,0.35,0.4,1.0,0.25,True,1.0,0.3,30
epara_priv,0.8,0.970687408996858,0.0,2026.64,2026.64,0.970687408996858,9.566925268072753,0.12566097018928654,0.7045367461108131,1.0,0.0,24.431215850583705,19.388713425286966,0.02371721608671763,0.9707293480363707,0.989247311827957,0.72,0.944954128440367,0.9707293480363707,0.989247311827957,0.72,0.944954128440367,0.9062326970761736,C_privacy,epara_priv,10,1.0,0.0,1.0,0.25,False,1.0,0.3,30
ours,0.8,0.3306575216491685,0.0,690.36,690.36,0.3306575216491685,11.384611311661102,0.018564640968656603,1.6313127442715918,0.212,237.6,69.4042218720413,7.859480265118359,0.0,0.3302766492551751,0.3467741935483871,0.28,0.46788990825688076,0.3302766492551751,0.3467741935483871,0.28,0.46788990825688076,0.35623518776511076,B_energy,ours_b,10,0.35,0.4,1.0,0.25,True,1.0,0.3,30
epara,0.8,0.970687408996858,0.10977852709019849,2026.64,1803.88,0.8639934094566634,9.566925268072753,0.12566097018928654,0.7045367461108131,1.0,0.0,15.831046230156488,19.388713425286966,0.02371721608671763,0.9707293480363707,0.989247311827957,0.72,0.944954128440367,0.8640355968272393,0.8924731182795699,0.56,0.8165137614678899,0.7832556191436747,C_privacy,epara,10,1.0,0.2,1.0,0.25,False,1.0,0.3,30
ours,0.8,0.2284466242623956,0.0,476.96,476.96,0.2284466242623956,15.908103786364103,0.0019158556211203923,1.0995478580734155,0.19999999999999993,218.4,47.45550596830679,7.587529181944222,0.0,0.22698781195589088,0.4220430107526882,0.2,0.26605504587155965,0.22698781195589088,0.4220430107526882,0.2,0.26605504587155965,0.27877146714503465,B_energy,ours_c,10,0.35,0.4,1.0,0.0,True,1.0,0.3,30
epara_priv,0.8,0.9046478657368381,0.0,1888.76,1888.76,0.9046478657368381,10.352006515008638,0.12523948195264004,0.8437044984289984,1.0,0.0,32.75539783179696,19.552455825287712,0.024925832485686604,0.9041594118785065,0.9838709677419355,0.8,0.8899082568807339,0.9041594118785065,0.9838709677419355,0.8,0.8899082568807339,0.894484659125294,C_privacy,tera,10,1.0,0.0,1.0,0.25,False,1.0,0.3,30
epara,0.8,0.970687408996858,0.21706644187294047,2026.64,1587.04,0.7601348762357268,9.566925268072753,0.12566097018928654,0.7045367461108131,1.0,0.0,15.544636742243858,19.388713425286966,0.02371721608671763,0.9707293480363707,0.989247311827957,0.72,0.944954128440367,0.7598955310504933,0.8145161290322581,0.48,0.7522935779816514,0.7016763095161007,C_privacy,epara,10,1.0,0.4,1.0,0.25,False,1.0,0.3,30
epara_priv,0.8,0.9583684573530539,0.0,2000.92,2000.92,0.9583684573530539,9.60925257269642,0.1322323549697295,0.6805885508468081,1.0,0.0,27.906986798191728,19.227345657759717,0.022853476034508775,0.9584832656219772,0.9623655913978495,0.76,0.9357798165137615,0.9584832656219772,0.9623655913978495,0.76,0.9357798165137615,0.9041571683833971,C_privacy,tera,10,1.0,0.2,1.0,0.25,False,1.0,0.3,30
epara_priv,0.8,0.8754885431833856,0.0,1827.88,1827.88,0.8754885431833856,10.479135204586607,0.1015978235880144,0.8703923672312055,1.0,0.0,30.504448839725324,19.154601657759766,0.024598281274931827,0.8750435287289611,0.9327956989247311,0.76,0.9174311926605505,0.8750435287289611,0.9327956989247311,0.76,0.9174311926605505,0.8713176050785607,C_privacy,epara_priv,10,1.0,0.2,1.0,0.25,False,1.0,0.3,30
epara,0.8,0.970687408996858,0.3258870411525787,2026.64,1366.48,0.6544945972871484,9.566925268072753,0.12566097018928654,0.7045367461108131,1.0,0.0,16.225051116367496,19.388713425286966,0.02371721608671763,0.9707293480363707,0.989247311827957,0.72,0.944954128440367,0.6542851615399498,0.706989247311828,0.48,0.6146788990825688,0.6139883269835866,C_privacy,epara,10,1.0,0.6,1.0,0.25,False,1.0,0.3,30
epara_priv,0.8,0.83784198022837,0.0,1749.28,1749.28,0.83784198022837,10.609325475610069,0.07113571921220017,0.8368840524178098,1.0,0.0,31.02328343576599,18.55868086797518,0.03684804221383171,0.8375314374153608,0.9112903225806451,0.52,0.8073394495412844,0.8375314374153608,0.9112903225806451,0.52,0.8073394495412844,0.7690403023843226,C_privacy,epara_priv,10,1.0,0.4,1.0,0.25,False,1.0,0.3,30
epara_priv,0.8,0.8828837458809105,0.0,1843.32,1843.32,0.8828837458809105,10.340350468077132,0.13692620124147445,0.8292781056019618,1.0,0.0,34.603120379832944,19.06057482481594,0.01159583417125633,0.8825498162120333,0.9435483870967742,0.64,0.8899082568807339,0.8825498162120333,0.9435483870967742,0.64,0.8899082568807339,0.8390016150473855,C_privacy,tera,10,1.0,0.4,1.0,0.25,False,1.0,0.3,30
epara_priv,0.8,0.7263008659667407,0.0,1516.4,1516.4,0.7263008659667407,12.25691833967347,0.08768871177868036,0.9127902521265997,1.0,0.0,35.85898033263777,18.58639097028085,0.04161817756898543,0.7249371251692784,0.8951612903225806,0.76,0.7889908256880734,0.7249371251692784,0.8951612903225806,0.76,0.7889908256880734,0.7922723102949831,C_privacy,epara_priv,10,1.0,0.6,1.0,0.25,False,1.0,0.3,30
epara,0.8,0.970687408996858,0.4350141773315963,2026.64,1146.48,0.5491225381255269,9.566925268072753,0.12566097018928654,0.7045367461108131,1.0,0.0,16.089832605624498,19.388713425286966,0.02371721608671763,0.9707293480363707,0.989247311827957,0.72,0.944954128440367,0.5488489069452506,0.6102150537634409,0.36,0.5137614678899083,0.5082063571496499,C_privacy,epara,10,1.0,0.8,1.0,0.25,False,1.0,0.3,30
epara_priv,0.8,0.7382174879301096,0.0,1541.28,1541.28,0.7382174879301096,11.604812518415343,0.0463828645873247,0.8777300942600965,1.0,0.0,38.94712079211248,17.8862654383832,0.027456938005860923,0.7373573224995164,0.8548387096774194,0.6,0.7798165137614679,0.7373573224995164,0.8548387096774194,0.6,0.7798165137614679,0.7430031364846009,C_privacy,tera,10,1.0,0.6,1.0,0.25,False,1.0,0.3,30
epara_priv,0.8,0.4013909111809334,0.0,838.04,838.04,0.4013909111809334,19.861552994766466,0.009694229442869186,0.9317572227756916,1.0,0.0,41.37995890939789,16.64477587173409,0.12729042205750557,0.39905204101373576,0.7150537634408602,0.36,0.44954128440366975,0.39905204101373576,0.7150537634408602,0.36,0.44954128440366975,0.4809117722145664,C_privacy,epara_priv,10,1.0,0.8,1.0,0.25,False,1.0,0.3,30
epara_priv,0.8,0.3813510613840141,0.0,796.2,796.2,0.3813510613840141,21.21678661087794,0.009042838531688252,0.8769637520116484,1.0,0.0,46.28380680520262,16.892805499581016,0.12262005212325103,0.3790868639969046,0.6774193548387096,0.4,0.44036697247706424,0.3790868639969046,0.6774193548387096,0.4,0.44036697247706424,0.4742182978281696,C_privacy,tera,10,1.0,0.8,1.0,0.25,False,1.0,0.3,30
ours,0.8,0.43468848187600584,0.0,907.56,907.56,0.43468848187600584,23.261520754418566,0.17516667943903746,1.2723005594298413,1.0,0.0,49.768063154095564,21.111225775880115,0.0,0.4321338750241826,0.8118279569892473,0.28,0.3944954128440367,0.4321338750241826,0.8118279569892473,0.28,0.3944954128440367,0.47961431121436665,D_ablate,ours,10,0.5,0.4,0.0,0.0,False,1.0,0.3,30
ours,0.8,0.5362671469078091,0.0,1119.64,1119.64,0.5362671469078091,9.072471577128024,0.019809947122384857,1.4006437274886965,0.45866666666666667,158.4,53.65896880179277,10.15790207661562,0.0004181951668463195,0.5362545946991681,0.5483870967741935,0.4,0.5321100917431193,0.5362545946991681,0.5483870967741935,0.4,0.5321100917431193,0.5041879458041202,D_ablate,ours,10,0.5,0.4,0.0,0.0,True,1.0,0.3,30
ours,0.8,0.4677178327841214,0.0,976.52,976.52,0.4677178327841214,21.217985647717434,0.1738255805042532,1.2647329297264158,1.0,0.0,55.542164658212215,20.71978734470903,0.0,0.4653704778487135,0.8225806451612904,0.32,0.4036697247706422,0.4653704778487135,0.8225806451612904,0.32,0.4036697247706422,0.5029052119451615,D_ablate,ours,10,0.5,0.4,0.0,0.25,False,1.0,0.3,30
ours,0.8,0.5403862364932178,0.0,1128.24,1128.24,0.5403862364932178,9.339714017617235,0.022971108897233503,1.3930377806728484,0.4600000000000001,172.79999999999998,57.68215280257924,10.537438943236468,0.0,0.5399497001354228,0.5994623655913979,0.36,0.5871559633027523,0.5399497001354228,0.5994623655913979,0.36,0.5871559633027523,0.5216420072573932,D_ablate,ours,10,0.5,0.4,0.0,0.25,True,1.0,0.3,30
ours,0.8,0.578262702122768,0.0,1207.32,1207.32,0.578262702122768,17.32549335389039,0.2578166909341712,1.0661928117097095,1.0,0.0,42.96352770131825,20.917414636018943,0.0,0.5770361772102921,0.8360215053763441,0.16,0.3761467889908257,0.5770361772102921,0.8360215053763441,0.16,0.3761467889908257,0.4873011178943655,D_ablate,ours,10,0.5,0.4,0.5,0.0,False,1.0,0.3,30
ours,0.8,0.43371139550923443,0.0,905.52,905.52,0.43371139550923443,11.972143816259226,0.009234424093800292,1.5143880757146142,0.35600000000000004,189.60000000000002,56.23253613049649,10.841015668499056,0.0,0.43283033468756044,0.5295698924731183,0.44,0.5229357798165137,0.43283033468756044,0.5295698924731183,0.44,0.5229357798165137,0.4813340017442981,D_ablate,ours,10,0.5,0.4,0.5,0.0,True,1.0,0.3,30
ours,0.8,0.5046172120469001,0.0,1053.56,1053.56,0.5046172120469001,19.947784434176697,0.26095869415280865,1.2410146371369453,1.0,0.0,48.73761062432363,21.016187768471198,0.0,0.502418262720062,0.8682795698924731,0.2,0.3761467889908257,0.502418262720062,0.8682795698924731,0.2,0.3761467889908257,0.4867111554008402,D_ablate,ours,10,0.5,0.4,1.0,0.0,False,1.0,0.3,30
ours,0.8,0.3477852709019848,0.0,726.12,726.12,0.3477852709019848,15.228976097995861,0.005555981301249138,1.5672848494137481,0.3213333333333333,192.0,58.25161231086529,11.058064124276754,0.0,0.3460824143934997,0.5618279569892473,0.4,0.41284403669724773,0.3460824143934997,0.5618279569892473,0.4,0.41284403669724773,0.43018860201999864,D_ablate,ours,10,0.5,0.4,1.0,0.0,True,1.0,0.3,30
ours,0.8,0.44066595141390147,0.0,920.04,920.04,0.44066595141390147,22.628723923890366,0.14953253122844662,1.2308031266763737,1.0,0.0,56.22884468080291,20.819331158936095,0.0,0.43826658928225964,0.7983870967741935,0.32,0.3853211009174312,0.43826658928225964,0.7983870967741935,0.32,0.3853211009174312,0.48549369674347115,D_ablate,ours,10,0.5,0.4,1.0,0.25,False,1.0,0.3,30
ours,0.8,0.3751053720591616,0.0,783.16,783.16,0.3751053720591616,14.372549731254267,0.013410989347842746,1.586634991187064,0.37866666666666665,194.4,60.40525122298126,11.256006047529093,0.0,0.37330237957051654,0.5887096774193549,0.52,0.46788990825688076,0.37330237957051654,0.5887096774193549,0.52,0.46788990825688076,0.48747549131168805,D_ablate,ours,10,0.5,0.4,1.0,0.25,True,1.0,0.3,30
ours,0.8,0.4202620890489693,0.0,877.44,877.44,0.4202620890489693,23.768278308768355,0.17802130431450686,1.3112115870947965,1.0,0.0,57.421050221226736,20.855238119245705,0.0,0.41774037531437413,0.8118279569892473,0.2,0.3302752293577982,0.41774037531437413,0.8118279569892473,0.2,0.3302752293577982,0.4399608904153549,D_ablate,ours,10,0.5,0.4,2.0,0.25,False,1.0,0.3,30
ours,0.8,0.3367691010805426,0.0,703.12,703.12,0.3367691010805426,15.537777503512336,0.011648402176411986,1.6024791171737298,0.3266666666666667,194.4,60.44949026534637,10.924922118269594,0.0,0.33486167537241246,0.5591397849462365,0.48,0.44954128440366975,0.33486167537241246,0.5591397849462365,0.48,0.44954128440366975,0.4558856861805797,D_ablate,ours,10,0.5,0.4,2.0,0.25,True,1.0,0.3,30
ours,0.8,0.4375047896390528,0.0,913.44,913.44,0.4375047896390528,22.397469901373558,0.18415204230209212,1.2293470764043222,1.0,0.0,58.40739518090538,20.458744906710663,0.0,0.43488102147417296,0.8306451612903226,0.28,0.3761467889908257,0.43488102147417296,0.8306451612903226,0.28,0.3761467889908257,0.4804182429388303,D_ablate,ours,10,0.5,0.4,1.0,0.4,False,1.0,0.3,30
epara_priv,0.8,0.7263008659667407,0.0,1516.4,1516.4,0.7263008659667407,12.25691833967347,0.08768871177868036,0.9127902521265997,1.0,0.0,40.42190081898042,18.58639097028085,0.04161817756898543,0.7249371251692784,0.8951612903225806,0.76,0.7889908256880734,0.7249371251692784,0.8951612903225806,0.76,0.7889908256880734,0.7922723102949831,D_gamma,tera,10,1.0,0.6,1.0,0.25,False,1.0,1.0,30
ours,0.8,0.37096712391754155,0.0,774.52,774.52,0.37096712391754155,13.644710167821849,0.012280634531381715,1.5639895777454211,0.3773333333333333,196.79999999999998,65.0921852573989,10.56810091918138,0.0,0.36904623718320756,0.6129032258064516,0.32,0.46788990825688076,0.36904623718320756,0.6129032258064516,0.32,0.46788990825688076,0.44245984281163503,D_ablate,ours,10,0.5,0.4,1.0,0.4,True,1.0,0.3,30
epara_priv,0.8,0.7900030653689938,0.0,1649.4,1649.4,0.7900030653689938,11.096278313840154,0.05577055713081462,0.85964441719672,1.0,0.0,37.98987026022502,18.30220145084795,0.035233968919750676,0.7892048752176436,0.9059139784946236,0.64,0.8073394495412844,0.7892048752176436,0.9059139784946236,0.64,0.8073394495412844,0.785614575813388,D_gamma,tera,10,1.0,0.6,1.0,0.25,False,1.0,0.5,30
rr,0.8,0.7062418576136102,0.20294658594528317,1474.52,1192.36,0.5710974020997778,13.220353081197649,0.08560042915165914,1.1964326768334739,1.0,0.0,1.4986908583638614,19.49367502528756,0.02335296558871861,0.7048558715418843,0.9086021505376344,0.6,0.6972477064220184,0.5700909266782743,0.728494623655914,0.44,0.5412844036697247,0.5699674885009782,E_stale,rr,10,1.0,0.4,1.0,0.25,False,0.1,0.3,30
epara_priv,0.8,0.7382174879301096,0.0,1541.28,1541.28,0.7382174879301096,11.604812518415343,0.0463828645873247,0.8777300942600965,1.0,0.0,39.28582240576416,17.8862654383832,0.027456938005860923,0.7373573224995164,0.8548387096774194,0.6,0.7798165137614679,0.7373573224995164,0.8548387096774194,0.6,0.7798165137614679,0.7430031364846009,D_gamma,tera,10,1.0,0.6,1.0,0.25,False,1.0,0.3,30
epara_priv,0.8,0.814066211970266,0.0,1699.64,1699.64,0.814066211970266,10.58159779414068,0.07506322323549697,0.854184228676527,1.0,0.0,37.070337354189945,17.984906874833268,0.02314688335825986,0.8135809634358677,0.8924731182795699,0.6,0.8256880733944955,0.8135809634358677,0.8924731182795699,0.6,0.8256880733944955,0.7829355387774832,D_gamma,tera,10,1.0,0.6,1.0,0.25,False,1.0,0.1,30
epara,0.8,0.9913020154801134,0.2055713081462181,2069.68,1643.44,0.7871484404935244,9.467964045305694,0.16652617058778452,0.6230362479883516,1.0,0.0,14.099782565600256,19.595655825288286,0.013566579709336717,0.9913329464112981,1.0,0.8,0.9908256880733946,0.7869607274134262,0.8279569892473119,0.64,0.7706422018348624,0.7563899796239001,E_stale,epara,10,1.0,0.4,1.0,0.25,False,0.1,0.3,30
rr,1.0,0.439911526173507,0.21250614401572868,1145.6,923.36,0.3545711477021381,19.19332563104425,0.03277832391250922,1.5441447530105676,1.0,0.0,1.9276601511723142,21.98787384292429,0.011541433150341392,0.4378525819849978,0.7430555555555556,0.2413793103448276,0.5042016806722689,0.3529849358378278,0.5902777777777778,0.10344827586206896,0.42016806722689076,0.3667197641761413,E_stale,rr,10,1.0,0.4,1.0,0.25,False,0.1,0.3,30
epara_priv,0.8,0.889512606329987,0.0,1857.16,1857.16,0.889512606329987,10.202681849650661,0.08925971338799908,0.7879914169668174,1.0,0.0,28.583435819255943,18.948012623897224,0.01811801535022234,0.8891468369123622,0.9516129032258065,0.76,0.8807339449541285,0.8891468369123622,0.9516129032258065,0.76,0.8807339449541285,0.8703734212730743,E_stale,epara_priv,10,1.0,0.4,1.0,0.25,False,0.1,0.3,30
rr,0.8,0.7062418576136102,0.20294658594528317,1474.52,1192.36,0.5710974020997778,13.220353081197649,0.08560042915165914,1.1964326768334739,1.0,0.0,1.5212212145568758,19.49367502528756,0.02335296558871862,0.7048558715418843,0.9086021505376344,0.6,0.6972477064220184,0.5700909266782743,0.728494623655914,0.44,0.5412844036697247,0.5699674885009782,E_stale,rr,10,1.0,0.4,1.0,0.25,False,0.25,0.3,30
epara,1.0,0.3006727697222905,0.21120054067338412,783.0,616.36,0.23668284590808553,28.800656248951178,0.012887072990906856,0.8164168100270337,1.0,0.0,22.317292526798866,22.55091384292877,0.015640302640413255,0.2971607463889405,0.8055555555555556,0.2413793103448276,0.3865546218487395,0.23403694749240592,0.6180555555555556,0.13793103448275862,0.31092436974789917,0.3252369768196548,E_stale,epara,10,1.0,0.4,1.0,0.25,False,0.1,0.3,30
epara,0.8,0.987508621350295,0.2089815311518124,2061.76,1630.4,0.7809027511686719,9.543495181440926,0.15300022990267453,0.6726377500191586,1.0,0.0,15.161741423795668,19.676396625287644,0.01490830476432816,0.9876765331785645,0.9811827956989247,0.92,0.944954128440367,0.7807119365447862,0.8225806451612904,0.72,0.7431192660550459,0.7666029619402805,E_stale,epara,10,1.0,0.4,1.0,0.25,False,0.25,0.3,30
epara_priv,0.8,0.8917349988504867,0.0,1861.8,1861.8,0.8917349988504867,10.099253257892887,0.08418269599203004,0.7877040386236493,1.0,0.0,28.99548912195249,18.80278971554498,0.02648568784204486,0.8914490230218611,0.9408602150537635,0.8,0.8807339449541285,0.8914490230218611,0.9408602150537635,0.8,0.8807339449541285,0.8782607957574382,E_stale,epara_priv,10,1.0,0.4,1.0,0.25,False,0.25,0.3,30
epara_priv,1.0,0.3086139100516097,0.0,803.68,803.68,0.3086139100516097,25.975910045330988,0.005575694273777341,0.972444089456869,1.0,0.0,41.391489848551295,20.87631938523161,0.024659069608630364,0.30528175562581367,0.7916666666666666,0.27586206896551724,0.3697478991596639,0.30528175562581367,0.7916666666666666,0.27586206896551724,0.3697478991596639,0.4356395976044154,E_stale,epara_priv,10,1.0,0.4,1.0,0.25,False,0.1,0.3,30
rr,1.0,0.439911526173507,0.21250614401572868,1145.6,923.36,0.3545711477021381,19.19332563104425,0.03277832391250922,1.5441447530105676,1.0,0.0,1.925960264726788,21.98787384292429,0.011541433150341361,0.4378525819849978,0.7430555555555556,0.2413793103448276,0.5042016806722689,0.3529849358378278,0.5902777777777778,0.10344827586206896,0.42016806722689076,0.3667197641761413,E_stale,rr,10,1.0,0.4,1.0,0.25,False,0.25,0.3,30
rr,0.8,0.7062418576136102,0.20294658594528317,1474.52,1192.36,0.5710974020997778,13.220353081197649,0.08560042915165914,1.1964326768334739,1.0,0.0,1.5365496902908078,19.49367502528756,0.023352965588718636,0.7048558715418843,0.9086021505376344,0.6,0.6972477064220184,0.5700909266782743,0.728494623655914,0.44,0.5412844036697247,0.5699674885009782,E_stale,rr,10,1.0,0.4,1.0,0.25,False,0.5,0.3,30
epara,0.8,0.9878726339183079,0.19415280864434056,2062.52,1661.76,0.7959230592382558,9.373156636196091,0.13209824507625106,0.620066671775615,1.0,0.0,14.077551600510036,19.332323025287163,0.016983917284652553,0.9879473786032115,0.9919354838709677,0.76,0.9908256880733946,0.7961114335461404,0.793010752688172,0.52,0.7798165137614679,0.7222346749989451,E_stale,epara,10,1.0,0.4,1.0,0.25,False,0.5,0.3,30
epara,1.0,0.3448943229294667,0.21444150897026296,898.16,705.76,0.2710125337920865,24.931830679309144,0.011535389530597198,0.9839333988695012,1.0,0.0,24.61375358280788,22.3927730429283,0.01625322164417362,0.3416093236625132,0.8263888888888888,0.2413793103448276,0.40336134453781514,0.2682567726737338,0.6759259259259259,0.1724137931034483,0.31932773109243695,0.3589810556988862,E_stale,epara,10,1.0,0.4,1.0,0.25,False,0.25,0.3,30
rr,1.0,0.439911526173507,0.21250614401572868,1145.6,923.36,0.3545711477021381,19.19332563104425,0.03277832391250922,1.5441447530105676,1.0,0.0,1.9041314900450272,21.98787384292429,0.011541433150341366,0.4378525819849978,0.7430555555555556,0.2413793103448276,0.5042016806722689,0.3529849358378278,0.5902777777777778,0.10344827586206896,0.42016806722689076,0.3667197641761413,E_stale,rr,10,1.0,0.4,1.0,0.25,False,0.5,0.3,30
epara_priv,1.0,0.30044236913246497,0.0,782.4,782.4,0.30044236913246497,26.780199637686756,0.01368579503563529,0.9368087982305234,1.0,0.0,42.255388685192905,20.95282819652612,0.013854737615136451,0.29726923315355525,0.7638888888888888,0.27586206896551724,0.3445378151260504,0.29726923315355525,0.7638888888888888,0.27586206896551724,0.3445378151260504,0.42038950153350296,E_stale,epara_priv,10,1.0,0.4,1.0,0.25,False,0.25,0.3,30
epara_priv,0.8,0.8968311748026668,0.0,1872.44,1872.44,0.8968311748026668,10.158476653358493,0.10521879071193195,0.8260786267146908,1.0,0.0,29.87573665142539,19.021138024814576,0.01670594952580932,0.8963629328690269,0.9543010752688172,0.88,0.926605504587156,0.8963629328690269,0.9543010752688172,0.88,0.926605504587156,0.91431737818125,E_stale,epara_priv,10,1.0,0.4,1.0,0.25,False,0.5,0.3,30
rr,0.8,0.7062418576136102,0.20294658594528317,1474.52,1192.36,0.5710974020997778,13.220353081197649,0.08560042915165914,1.1964326768334739,1.0,0.0,1.534758627650777,19.49367502528756,0.023352965588718647,0.7048558715418843,0.9086021505376344,0.6,0.6972477064220184,0.5700909266782743,0.728494623655914,0.44,0.5412844036697247,0.5699674885009782,E_stale,rr,10,1.0,0.4,1.0,0.25,False,1.0,0.3,30
epara,0.8,0.970687408996858,0.2133113648555445,2026.64,1594.48,0.7636983676910108,9.566925268072753,0.12566097018928654,0.7045367461108131,1.0,0.0,15.677397038450472,19.388713425286966,0.02371721608671763,0.9707293480363707,0.989247311827957,0.72,0.944954128440367,0.7634358676726639,0.8225806451612904,0.48,0.7522935779816514,0.7045775227039014,E_stale,epara,10,1.0,0.4,1.0,0.25,False,1.0,0.3,30
epara,1.0,0.35469402801671174,0.22594617842221676,923.68,714.48,0.2743610223642173,24.247644468786156,0.012364831653969035,1.068044974195134,1.0,0.0,25.505230408761193,22.397064242928394,0.018774263686541993,0.3517295889901432,0.7916666666666666,0.2413793103448276,0.40336134453781514,0.2719918169983262,0.6273148148148148,0.13793103448275862,0.31092436974789917,0.3370405090109497,E_stale,epara,10,1.0,0.4,1.0,0.25,False,0.5,0.3,30
rr,1.0,0.439911526173507,0.21250614401572868,1145.6,923.36,0.3545711477021381,19.19332563104425,0.03277832391250922,1.5441447530105676,1.0,0.0,1.951629079763932,21.98787384292429,0.011541433150341361,0.4378525819849978,0.7430555555555556,0.2413793103448276,0.5042016806722689,0.3529849358378278,0.5902777777777778,0.10344827586206896,0.42016806722689076,0.3667197641761413,E_stale,rr,10,1.0,0.4,1.0,0.25,False,1.0,0.3,30
epara_priv,0.8,0.8817725496206605,0.0,1841.0,1841.0,0.8817725496206605,10.2424571563362,0.09887730860602345,0.8391256034945207,1.0,0.0,30.94837683306659,18.856363624814943,0.010602350193437075,0.881485780615206,0.9435483870967742,0.68,0.8532110091743119,0.881485780615206,0.9435483870967742,0.68,0.8532110091743119,0.8395612942215731,E_stale,epara_priv,10,1.0,0.4,1.0,0.25,False,1.0,0.3,30
epara_priv,1.0,0.35544666994347507,0.0,925.64,925.64,0.35544666994347507,22.89145467437911,0.013747235192922093,1.1858103956746129,1.0,0.0,46.110575329646785,21.18924610479228,0.015587298035035564,0.3519000681916806,0.8240740740740741,0.4482758620689655,0.5546218487394958,0.3519000681916806,0.8240740740740741,0.4482758620689655,0.5546218487394958,0.5447179632685539,E_stale,epara_priv,10,1.0,0.4,1.0,0.25,False,0.5,0.3,30
rr,0.8,0.7062418576136102,0.20294658594528317,1474.52,1192.36,0.5710974020997778,13.220353081197649,0.08560042915165914,1.1964326768334739,1.0,0.0,1.4975403987944584,19.49367502528756,0.023352965588718643,0.7048558715418843,0.9086021505376344,0.6,0.6972477064220184,0.5700909266782743,0.728494623655914,0.44,0.5412844036697247,0.5699674885009782,E_stale,rr,10,1.0,0.4,1.0,0.25,False,2.0,0.3,30
epara,0.8,0.9176373668480343,0.2030806958387616,1915.88,1525.84,0.7308222852325849,10.134600405708088,0.14851712774925283,0.8280327994482336,1.0,0.0,18.4898415015799,19.416678225288013,0.009304201933601331,0.9172567227703617,0.9865591397849462,0.76,0.8990825688073395,0.7304507641710195,0.8172043010752689,0.52,0.6605504587155964,0.6820513809904712,E_stale,epara,10,1.0,0.4,1.0,0.25,False,2.0,0.3,30
epara,1.0,0.35458650774145983,0.22072376505283853,923.4,732.52,0.28128840009830425,24.18655256977339,0.01737220447284345,1.2011243548783486,1.0,0.0,27.817220193010417,22.333862642928747,0.012947051763953072,0.351311140040915,0.8125,0.3448275862068966,0.47058823529411764,0.27865600396751594,0.6481481481481481,0.2413793103448276,0.3865546218487395,0.3886845210773078,E_stale,epara,10,1.0,0.4,1.0,0.25,False,1.0,0.3,30
epara_priv,1.0,0.37410911771934136,0.0,974.24,974.24,0.37410911771934136,21.854911544847887,0.016819243057262227,1.1185027033669206,1.0,0.0,44.36433794783762,21.291929023452607,0.01846805805700149,0.37121071229310026,0.7476851851851852,0.5172413793103449,0.5546218487394958,0.37121071229310026,0.7476851851851852,0.5172413793103449,0.5546218487394958,0.5476897813820316,E_stale,epara_priv,10,1.0,0.4,1.0,0.25,False,1.0,0.3,30
rr,1.0,0.439911526173507,0.21250614401572868,1145.6,923.36,0.3545711477021381,19.19332563104425,0.03277832391250922,1.5441447530105676,1.0,0.0,1.9280884803731544,21.98787384292429,0.011541433150341366,0.4378525819849978,0.7430555555555556,0.2413793103448276,0.5042016806722689,0.3529849358378278,0.5902777777777778,0.10344827586206896,0.42016806722689076,0.3667197641761413,E_stale,rr,10,1.0,0.4,1.0,0.25,False,2.0,0.3,30
rr,0.8,0.7481658560712224,0.2034457175830517,1452.16,1165.44,0.6004451405490067,11.767907164750223,0.05236583958453549,1.1577569862336163,1.0,0.0,1.4721301819540515,17.088884068363683,0.06383300837258359,0.7472584639074432,0.8709677419354839,0.5789473684210527,0.794392523364486,0.5997669434213538,0.7008797653958945,0.47368421052631576,0.6074766355140186,0.5954518887143957,F_scale,rr,1,1.0,0.4,1.0,0.25,False,1.0,0.3,30
epara_priv,0.8,0.8215188903364242,0.0,1715.2,1715.2,0.8215188903364242,10.9344628459853,0.09318721741129589,0.91995555214959,1.0,0.0,33.60149855672876,18.754790673433984,0.01725647672843489,0.8207390210872509,0.9301075268817204,0.68,0.8532110091743119,0.8207390210872509,0.9301075268817204,0.68,0.8532110091743119,0.8210143892858208,E_stale,epara_priv,10,1.0,0.4,1.0,0.25,False,2.0,0.3,30
epara,1.0,0.34527832391250923,0.22055480462029983,899.16,714.72,0.27445318260014745,25.14336607825944,0.021534775129024332,1.0942952813959204,1.0,0.0,26.244300500679675,22.60790904292776,0.017792010350147894,0.3432366251317339,0.625,0.3103448275862069,0.44537815126050423,0.272906205442936,0.4861111111111111,0.20689655172413793,0.36134453781512604,0.33181460152332776,E_stale,epara,10,1.0,0.4,1.0,0.25,False,2.0,0.3,30
epara_priv,0.8,0.8413774626988707,0.0,1633.08,1633.08,0.8413774626988707,10.067214631064962,0.09488088368642321,0.777738850877916,1.0,0.0,30.673623628163124,16.44056686969957,0.07208645706956746,0.8411469713049088,0.8944281524926686,0.5263157894736842,0.8317757009345794,0.8411469713049088,0.8944281524926686,0.5263157894736842,0.8317757009345794,0.7734166535514602,F_scale,epara_priv,1,1.0,0.4,1.0,0.25,False,1.0,0.3,30
rr,0.8,0.6080601465863033,0.16053090282882163,1158.16,978.56,0.5137660919419536,15.239607322894592,0.0851166600163807,1.3675368040825755,1.0,0.0,1.7337086175518557,17.649903617083602,0.07100718238034608,0.6061782615152865,0.8705234159779615,0.2857142857142857,0.61,0.5120616128826937,0.7382920110192838,0.19047619047619047,0.57,0.5027074535945419,F_scale,rr,2,1.0,0.4,1.0,0.25,False,1.0,0.3,30
epara_priv,1.0,0.374231998033915,0.0,974.56,974.56,0.374231998033915,21.803623718044552,0.025513025313344803,1.1195471860407962,1.0,0.0,43.769663039160555,21.2489395306575,0.008711904986606222,0.3715981650238671,0.7245370370370371,0.3793103448275862,0.5294117647058824,0.3715981650238671,0.7245370370370371,0.3793103448275862,0.5294117647058824,0.5012143278985932,E_stale,epara_priv,10,1.0,0.4,1.0,0.25,False,2.0,0.3,30
epara_priv,0.8,0.8584205753853763,0.0,1666.16,1666.16,0.8584205753853763,9.891363447071123,0.10532932157282994,0.7515456269062731,1.0,0.0,33.07735791049186,16.48059412097202,0.06061212331358767,0.8581684249953181,0.9090909090909091,0.7894736842105263,0.822429906542056,0.8581684249953181,0.9090909090909091,0.7894736842105263,0.822429906542056,0.8447907312097025,F_scale,tera,1,1.0,0.4,1.0,0.25,False,1.0,0.3,30
rr,0.8,0.7747196738022426,0.19292647254354475,1398.4,1139.28,0.6311660683419758,10.599909002279379,0.0562868412888357,1.091011833532775,1.0,0.0,1.4404915688941047,14.822912748787482,0.10127610988497586,0.7744098712446352,0.8381294964028777,0.631578947368421,0.7634408602150538,0.6309236409155937,0.6906474820143885,0.5263157894736842,0.5913978494623656,0.609821190466508,F_scale,rr,3,1.0,0.4,1.0,0.25,False,1.0,0.3,30
epara_priv,0.8,0.7954302034987505,0.0,1515.04,1515.04,0.7954302034987505,11.072348151541913,0.1439401894281454,0.9057479471617279,1.0,0.0,34.50737244921204,16.77505034351206,0.016639837926948484,0.794772240256296,0.8842975206611571,0.6190476190476191,0.82,0.794772240256296,0.8842975206611571,0.6190476190476191,0.82,0.779529344991268,F_scale,epara_priv,2,1.0,0.4,1.0,0.25,False,1.0,0.3,30
epara_priv,0.8,0.6937018291786546,0.0,1321.28,1321.28,0.6937018291786546,12.732977070349822,0.0902408803578554,1.0108784677741143,1.0,0.0,42.3343499384232,16.823827943511812,0.02083331996223354,0.6922326183353489,0.8622589531680441,0.5714285714285714,0.8,0.6922326183353489,0.8622589531680441,0.5714285714285714,0.8,0.7314800357329911,F_scale,tera,2,1.0,0.4,1.0,0.25,False,1.0,0.3,30
epara_priv,0.8,0.9238133226964499,0.0,1667.52,1667.52,0.9238133226964499,8.457142344266014,0.06936134379293533,0.6616806275761202,1.0,0.0,25.439320778446987,14.102454001910463,0.09516981901519654,0.9239762160228898,0.9388489208633094,0.631578947368421,0.8602150537634409,0.9239762160228898,0.9388489208633094,0.631578947368421,0.8602150537634409,0.8386547845045154,F_scale,epara_priv,3,1.0,0.4,1.0,0.25,False,1.0,0.3,30
rr,0.8,0.6820129091220655,0.17086498733839797,1432.8,1203.76,0.5729898516783762,13.3442907444361,0.07949201271872204,1.2428742788598846,1.0,0.0,1.5907608348073023,19.119699778628043,0.02944308982864946,0.6805528855396209,0.8807588075880759,0.4166666666666667,0.7636363636363637,0.571955861432581,0.7181571815718157,0.4166666666666667,0.6090909090909091,0.5789676546904932,F_scale,rr,4,1.0,0.4,1.0,0.25,False,1.0,0.3,30
epara_priv,0.8,0.942339227939547,0.0,1700.96,1700.96,0.942339227939547,8.356308324042988,0.08449674245446084,0.6214155918982405,1.0,0.0,26.177870036303105,14.213746206864164,0.10448325884816966,0.9426189198855508,0.935251798561151,0.8947368421052632,0.8387096774193549,0.9426189198855508,0.935251798561151,0.8947368421052632,0.8387096774193549,0.90282930949283,F_scale,tera,3,1.0,0.4,1.0,0.25,False,1.0,0.3,30
rr,0.8,0.7165188372705718,0.19241240010538332,1305.44,1064.52,0.5842847106349346,12.011061539193015,0.024150346886800737,1.1652761921489418,1.0,0.0,1.51642684528699,15.67972017572413,0.06433866102931765,0.7154824697486813,0.86084142394822,0.6,0.7628865979381443,0.5831966668144143,0.7313915857605178,0.5,0.6391752577319587,0.6134408775767227,F_scale,rr,5,1.0,0.4,1.0,0.25,False,1.0,0.3,30
rr,0.8,0.49609035621198955,0.15148318232592775,319.76,279.36,0.4334119399280129,17.935388321364588,0.10158868065036614,1.559017003847586,1.0,0.0,2.067369240244528,5.73501976963954,0.03212213276820654,0.493859649122807,0.8611111111111112,0.3333333333333333,0.425,0.431140350877193,0.8055555555555556,0.3333333333333333,0.35,0.48000730994152047,F_scale,rr,1,1.0,0.4,1.0,0.25,False,1.0,0.3,10
epara_priv,0.8,0.7137892515824749,0.0,460.08,460.08,0.7137892515824749,10.939703552433478,0.038972322204294405,0.6686111455876877,1.0,0.0,22.505918775202,5.033138810403594,0.10672577772943828,0.7124060150375939,0.8611111111111112,0.8333333333333334,0.85,0.7124060150375939,0.8611111111111112,0.8333333333333334,0.85,0.8142126148705097,F_scale,epara_priv,1,1.0,0.4,1.0,0.25,False,1.0,0.3,10
rr,0.8,0.8627201357946106,0.2126034373010821,487.92,390.0,0.6895820072140887,10.412344530983608,0.06627059905226677,0.8511917391611854,1.0,0.0,1.1175036987998077,5.080391143557522,0.06005414152746318,0.8624455707045471,0.9565217391304348,0.5555555555555556,0.7931034482758621,0.68927118281105,0.7934782608695652,0.5555555555555556,0.5517241379310345,0.6475072842918013,F_scale,rr,2,1.0,0.4,1.0,0.25,False,1.0,0.3,10
epara_priv,0.8,0.8110338835794961,0.0,522.76,522.76,0.8110338835794961,9.673764653767627,0.052190641678043936,0.68803524885193,1.0,0.0,25.758481329723367,5.057057210403564,0.052894177493266796,0.8099624060150376,0.9444444444444444,0.8333333333333334,0.875,0.8099624060150376,0.9444444444444444,0.8333333333333334,0.875,0.8656850459482038,F_scale,tera,1,1.0,0.4,1.0,0.25,False,1.0,0.3,10
epara_priv,0.8,0.8383694141391063,0.0,1761.28,1761.28,0.8383694141391063,10.5771878285264,0.0585480093676815,0.82951581272253,1.0,0.0,30.05311103899047,18.62938937862698,0.021850180621484368,0.8377100234534199,0.9214092140921409,0.6666666666666666,0.9090909090909091,0.8377100234534199,0.9214092140921409,0.6666666666666666,0.9090909090909091,0.8337192033257841,F_scale,epara_priv,4,1.0,0.4,1.0,0.25,False,1.0,0.3,30
epara_priv,0.8,0.8381073626140463,0.0,474.0,474.0,0.8381073626140463,9.151610885058092,0.0572176250088408,0.5373081547492751,1.0,0.0,17.426804179556886,4.337863559517536,0.10136896753905143,0.8384609893639803,0.8369565217391305,0.7777777777777778,0.6896551724137931,0.8384609893639803,0.8369565217391305,0.7777777777777778,0.6896551724137931,0.7857126153236704,F_scale,epara_priv,2,1.0,0.4,1.0,0.25,False,1.0,0.3,10
epara_priv,0.8,0.8545158780677559,0.0,483.28,483.28,0.8545158780677559,9.253949986060837,0.05566164509512695,0.5131904660867105,1.0,0.0,19.44356396619906,4.472248949263481,0.09754190599827813,0.8548790063530588,0.8369565217391305,0.7777777777777778,0.7586206896551724,0.8548790063530588,0.8369565217391305,0.7777777777777778,0.7586206896551724,0.8070584988812848,F_scale,tera,2,1.0,0.4,1.0,0.25,False,1.0,0.3,10
rr,0.8,0.7623868588669125,0.1717733825008381,454.84,379.04,0.6353335568219913,12.19538128306376,0.03204827355011733,0.9939658062353336,1.0,0.0,1.347327315441885,5.54694722278872,0.0827837786180004,0.7615051434759069,0.9230769230769231,0.4166666666666667,0.782608695652174,0.6348808879263671,0.75,0.4166666666666667,0.5217391304347826,0.580821671256954,F_scale,rr,3,1.0,0.4,1.0,0.25,False,1.0,0.3,10
epara_priv,0.8,0.8735400017563889,0.0,1591.52,1591.52,0.8735400017563889,9.277302077158119,0.035237551593922896,0.711732677614824,1.0,0.0,27.66144989368036,14.765011801838689,0.06872882960713039,0.8733655423075218,0.9061488673139159,0.85,0.8556701030927835,0.8733655423075218,0.9061488673139159,0.85,0.8556701030927835,0.8712961281785553,F_scale,epara_priv,5,1.0,0.4,1.0,0.25,False,1.0,0.3,30
epara_priv,0.8,0.875821100131376,0.0,1839.96,1839.96,0.875821100131376,10.302665654508084,0.12838674054187849,0.8170826907332305,1.0,0.0,34.26274695918905,18.956492697668697,0.022220816228352428,0.8755046330116498,0.9349593495934959,0.7083333333333334,0.8636363636363636,0.8755046330116498,0.9349593495934959,0.7083333333333334,0.8636363636363636,0.8456084198937107,F_scale,tera,4,1.0,0.4,1.0,0.25,False,1.0,0.3,30
epara_priv,0.8,0.9082945464125758,0.0,1654.84,1654.84,0.9082945464125758,9.005017294633234,0.04052867304821287,0.6166461754632475,1.0,0.0,27.947308714338646,14.901862819850862,0.06723303713075586,0.9082044235627853,0.941747572815534,0.9,0.845360824742268,0.9082044235627853,0.941747572815534,0.9,0.845360824742268,0.8988282052801468,F_scale,tera,5,1.0,0.4,1.0,0.25,False,1.0,0.3,30
epara_priv,0.8,0.7149178679182031,0.0,426.52,426.52,0.7149178679182031,11.998593823013088,0.006034193764666443,0.5977204156889038,1.0,0.0,20.038951681422624,5.117640237391542,0.08568497877097225,0.7145370871683812,0.75,0.75,0.782608695652174,0.7145370871683812,0.75,0.75,0.782608695652174,0.7492864457051388,F_scale,epara_priv,3,1.0,0.4,1.0,0.25,False,1.0,0.3,10
epara_priv,0.8,0.8,0.0,477.28,477.28,0.8,10.87942054431688,0.03801542071739859,0.5922225947033188,1.0,0.0,22.517555415757723,5.192529837391561,0.06568224167085657,0.7998781808337845,0.7980769230769231,0.8333333333333334,0.8695652173913043,0.7998781808337845,0.7980769230769231,0.8333333333333334,0.8695652173913043,0.8252134136588364,F_scale,tera,3,1.0,0.4,1.0,0.25,False,1.0,0.3,10
rr,0.8,0.9038292594697949,0.12826210531755464,699.6,608.0,0.7854891220091985,9.727078429863106,0.03736241021135859,0.8363392072761098,1.0,0.0,1.055429385834578,6.8050640695322295,0.0860371778563689,0.9036094304193616,0.9384615384615385,0.7777777777777778,0.925,0.7851032756102649,0.8461538461538461,0.6666666666666666,0.8,0.7744809471076944,F_scale,rr,4,1.0,0.4,1.0,0.25,False,1.0,0.3,10
rr,0.8,0.6881496881496881,0.20766920766920766,476.64,376.6,0.5437167937167937,12.930478121054648,0.043081543081543085,1.165973665973666,1.0,0.0,1.3278846290400814,6.163183091619487,0.06092847161414944,0.686796195810724,0.8978102189781022,0.2857142857142857,0.6060606060606061,0.5422136647412334,0.7737226277372263,0.2857142857142857,0.42424242424242425,0.5064732506087924,F_scale,rr,5,1.0,0.4,1.0,0.25,False,1.0,0.3,10
epara_priv,0.8,0.9666167123146091,0.0,748.2,748.2,0.9666167123146091,9.06316395286312,0.05250374657640432,0.5952663945015761,1.0,0.0,14.504478318360478,6.781059269532185,0.03051422934309956,0.9664615063634467,0.9923076923076923,1.0,0.95,0.9664615063634467,0.9923076923076923,1.0,0.95,0.9771922996677848,F_scale,epara_priv,4,1.0,0.4,1.0,0.25,False,1.0,0.3,10
epara_priv,0.8,0.9541108986615678,0.0,738.52,738.52,0.9541108986615678,9.08904737790704,0.009921967856958296,0.590615472068627,1.0,0.0,16.464002131646087,6.7124432695319065,0.043529477012419965,0.9539954099728771,0.9615384615384616,0.8888888888888888,1.0,0.9539954099728771,0.9615384615384616,0.8888888888888888,1.0,0.9511056901000569,F_scale,tera,4,1.0,0.4,1.0,0.25,False,1.0,0.3,10
epara_priv,0.8,0.8798221298221298,0.0,609.4,609.4,0.8798221298221298,9.59988674466628,0.07692307692307693,0.6603141603141603,1.0,0.0,15.48983275894828,5.850170982199631,0.04697360934307221,0.8795729039033783,0.9197080291970803,0.5714285714285714,0.9090909090909091,0.8795729039033783,0.9197080291970803,0.5714285714285714,0.9090909090909091,0.8199501034049848,F_scale,epara_priv,5,1.0,0.4,1.0,0.25,False,1.0,0.3,10
epara_priv,0.8,0.8496765996765997,0.0,588.52,588.52,0.8496765996765997,9.816157393243458,0.05567105567105567,0.6055093555093555,1.0,0.0,16.31859554500311,5.777004949071641,0.04481235039357808,0.8494661298792229,0.8978102189781022,0.42857142857142855,0.8484848484848485,0.8494661298792229,0.8978102189781022,0.42857142857142855,0.8484848484848485,0.7560831564784005,F_scale,tera,5,1.0,0.4,1.0,0.25,False,1.0,0.3,10
ours,0.8,0.18327013436649905,0.0,355.72,355.72,0.18327013436649905,27.745996393291712,0.009479845025142198,0.7093190998268898,0.37456492637215527,184.8,35.62006024876957,9.869805837021726,0.0,0.18086855192791892,0.49853372434017595,0.10526315789473684,0.27102803738317754,0.18086855192791892,0.49853372434017595,0.10526315789473684,0.27102803738317754,0.2639233678865023,G_estale,ours_c,1,0.5,0.4,1.0,0.0,True,0.1,0.3,30
ours,0.8,0.5556631769845849,0.0,1078.52,1078.52,0.5556631769845849,16.062394673661572,0.36326353969169894,0.8538455197428076,1.0,0.0,33.77867288811681,17.32361390343748,0.003713391034634999,0.5545914226855609,0.8328445747800587,0.21052631578947367,0.21495327102803738,0.5545914226855609,0.8328445747800587,0.21052631578947367,0.21495327102803738,0.45322889607078265,G_estale,ours_c,1,0.5,0.4,1.0,0.0,False,0.1,0.3,30
epara_priv,0.8,0.6354381337070316,0.0,1233.36,1233.36,0.6354381337070316,7.8020648397586125,0.018939081691534087,1.2495053993899925,0.5152610441767069,144.0,42.64559953731028,9.622754690764683,0.004434716675178907,0.6363485028195685,0.5571847507331378,0.3157894736842105,0.5327102803738317,0.6363485028195685,0.5571847507331378,0.3157894736842105,0.5327102803738317,0.5105082519026871,G_estale,epara_priv,1,0.5,0.4,1.0,0.25,True,0.1,0.3,30
epara_priv,0.8,0.47549666144588243,0.0,922.92,922.92,0.47549666144588243,19.87455639119216,0.2500206083587503,1.1993034374742395,1.0,0.0,42.51522878205763,18.34262558455907,0.006412094703748188,0.4729383856670204,0.8914956011730205,0.3157894736842105,0.32710280373831774,0.4729383856670204,0.8914956011730205,0.3157894736842105,0.32710280373831774,0.5018315660656423,G_estale,epara_priv,1,0.5,0.4,1.0,0.25,False,0.25,0.3,30
epara_priv,0.8,0.484997114829775,0.0,941.36,941.36,0.484997114829775,19.423605010163364,0.26949550737779243,1.1838059516940072,1.0,0.0,42.10569733573345,18.284604812367384,1.7608627866247744e-05,0.4823438833052417,0.9002932551319648,0.3684210526315789,0.37383177570093457,0.4823438833052417,0.9002932551319648,0.3684210526315789,0.37383177570093457,0.53122249169243,G_estale,epara_priv,1,0.5,0.4,1.0,0.25,False,0.1,0.3,30
ours,0.8,0.41336245981370046,0.0,802.32,802.32,0.41336245981370046,22.173934318779096,0.178200478113923,1.2955856895556839,1.0,0.0,53.85765270837188,17.790590982642843,0.0,0.41036685602513684,0.8768328445747801,0.2631578947368421,0.308411214953271,0.41036685602513684,0.8768328445747801,0.2631578947368421,0.308411214953271,0.4646922025725075,G_estale,ours,1,0.5,0.4,1.0,0.25,False,0.1,0.3,30
ours,0.8,0.24680570439370209,0.0,479.04,479.04,0.24680570439370209,21.47514560890981,0.008799769186381997,1.6472879399884592,0.45046854082998666,165.6,64.06893154711152,10.287453752492157,0.000923909869553243,0.2433360384543355,0.6715542521994134,0.21052631578947367,0.45794392523364486,0.2433360384543355,0.6715542521994134,0.21052631578947367,0.45794392523364486,0.3958401329192169,G_estale,ours,1,0.5,0.4,1.0,0.25,True,0.1,0.3,30
ours,0.8,0.5215769516115737,0.0,1012.36,1012.36,0.5215769516115737,17.31591017920871,0.2929478196356442,0.9763003874371445,1.0,0.0,39.68387284669114,17.52993482902373,0.0,0.5197785962502861,0.8680351906158358,0.2631578947368421,0.27102803738317754,0.5197785962502861,0.8680351906158358,0.2631578947368421,0.27102803738317754,0.4804999297465354,G_estale,ours_c,1,0.5,0.4,1.0,0.0,False,0.25,0.3,30
ours,0.8,0.21014343417690215,0.0,407.88,407.88,0.21014343417690215,24.79042260865898,0.00517269804632759,0.8528151018052922,0.39266666666666666,172.79999999999998,42.54009727052471,10.111517573619825,0.0,0.20733712050273634,0.5894428152492669,0.05263157894736842,0.2897196261682243,0.20733712050273634,0.5894428152492669,0.05263157894736842,0.2897196261682243,0.284782785216899,G_estale,ours_c,1,0.5,0.4,1.0,0.0,True,0.25,0.3,30
epara_priv,0.8,0.5695532107822933,0.0,1105.48,1105.48,0.5695532107822933,8.794327540955518,0.03159261396422389,1.3599662022916494,0.502,148.8,49.10424511951599,9.721953209975505,0.009575063389992195,0.569927377905404,0.5161290322580645,0.3684210526315789,0.6074766355140186,0.569927377905404,0.5161290322580645,0.3684210526315789,0.6074766355140186,0.5154885245772666,G_estale,epara_priv,1,0.5,0.4,1.0,0.25,True,0.25,0.3,30
ours,0.8,0.5835462863737532,0.0,1132.64,1132.64,0.5835462863737532,15.888504928665146,0.3281262880224219,1.1766342428488996,1.0,0.0,53.73464401673757,17.995956222403294,0.0,0.5819963792995817,0.8944281524926686,0.2631578947368421,0.34579439252336447,0.5819963792995817,0.8944281524926686,0.2631578947368421,0.34579439252336447,0.5213442047631143,G_estale,ours,1,0.5,0.4,1.0,0.25,False,0.25,0.3,30
epara_priv,0.8,0.6529758470035446,0.0,1267.4,1267.4,0.6529758470035446,14.268636831063972,0.30683785343335257,1.0731184568460967,1.0,0.0,39.87599685968941,18.08407031969048,0.0,0.6516636494163182,0.9090909090909091,0.3684210526315789,0.4766355140186916,0.6516636494163182,0.9090909090909091,0.3684210526315789,0.4766355140186916,0.6014527812893744,G_estale,epara_priv,1,0.5,0.4,1.0,0.25,False,0.5,0.3,30
ours,0.8,0.2414269227598714,0.0,468.6,468.6,0.2414269227598714,21.178843979922352,0.006615283158849229,1.6626205588986893,0.40133333333333326,177.6,63.98305273863853,9.924406288991614,0.0,0.23834196891191708,0.6129032258064516,0.47368421052631576,0.40186915887850466,0.23834196891191708,0.6129032258064516,0.47368421052631576,0.40186915887850466,0.4316996410307973,G_estale,ours,1,0.5,0.4,1.0,0.25,True,0.25,0.3,30
ours,0.8,0.4284271700601764,0.0,831.56,831.56,0.4284271700601764,21.618453160528777,0.19112191905036682,1.2377174181848158,1.0,0.0,54.420899437367765,17.97704091016931,0.0,0.4258692802297272,0.8299120234604106,0.42105263157894735,0.29906542056074764,0.4258692802297272,0.8299120234604106,0.42105263157894735,0.29906542056074764,0.4939748389574582,G_estale,ours,1,0.5,0.4,1.0,0.25,False,0.5,0.3,30
ours,0.8,0.5915835462863738,0.0,1148.24,1148.24,0.5915835462863738,15.514661525758148,0.3218819553210782,1.0030088203775451,1.0,0.0,38.308057282846086,17.814554950336536,0.0,0.5902782112907589,0.8621700879765396,0.3684210526315789,0.35514018691588783,0.5902782112907589,0.8621700879765396,0.3684210526315789,0.35514018691588783,0.5440023847036913,G_estale,ours_c,1,0.5,0.4,1.0,0.0,False,0.5,0.3,30
epara_priv,0.8,0.5708309290248125,0.0,1107.96,1107.96,0.5708309290248125,9.336452915102337,0.015126535322726897,1.358935784354134,0.48800000000000004,153.6,48.32795345525499,10.344416371816784,0.0,0.5708221486984206,0.5659824046920822,0.631578947368421,0.5794392523364486,0.5708221486984206,0.5659824046920822,0.631578947368421,0.5794392523364486,0.5869556882738431,G_estale,epara_priv,1,0.5,0.4,1.0,0.25,True,0.5,0.3,30
ours,0.8,0.22430137663836452,0.0,435.36,435.36,0.22430137663836452,23.866496822399917,0.0112933805951694,0.9920039568048801,0.3486666666666667,184.8,44.872811879961624,10.390518056600028,0.0,0.2219863911604969,0.5425219941348973,0.3157894736842105,0.2336448598130841,0.2219863911604969,0.5425219941348973,0.3157894736842105,0.2336448598130841,0.3284856796981722,G_estale,ours_c,1,0.5,0.4,1.0,0.0,True,0.5,0.3,30
epara_priv,0.8,0.7008902810980133,0.0,1360.4,1360.4,0.7008902810980133,12.91797398147752,0.31806940895227104,0.9989489737037343,1.0,0.0,37.07192315699838,17.573611804402017,0.0,0.7001893584701501,0.8768328445747801,0.21052631578947367,0.5420560747663551,0.7001893584701501,0.8768328445747801,0.21052631578947367,0.5420560747663551,0.5824011484001896,G_estale,epara_priv,1,0.5,0.4,1.0,0.25,False,1.0,0.3,30
ours,0.8,0.35899760943038495,0.0,696.8,696.8,0.35899760943038495,14.647626386242864,0.0075838760201137586,1.5365798367817987,0.4613333333333333,165.6,59.820297529157784,10.206466065934029,0.0,0.356514139459392,0.6832844574780058,0.3684210526315789,0.4392523364485981,0.356514139459392,0.6832844574780058,0.3684210526315789,0.4392523364485981,0.4618679965043937,G_estale,ours,1,0.5,0.4,1.0,0.25,True,0.5,0.3,30
ours,0.8,0.561206825488418,0.0,1089.28,1089.28,0.561206825488418,16.320186363898785,0.23588327425603825,1.0278212843129173,1.0,0.0,40.48227953566067,17.77725260246767,0.0,0.559668726720353,0.8269794721407625,0.3157894736842105,0.4485981308411215,0.559668726720353,0.8269794721407625,0.3157894736842105,0.4485981308411215,0.5377589508466118,G_estale,ours_c,1,0.5,0.4,1.0,0.0,False,1.0,0.3,30
ours,0.8,0.5194748990190421,0.0,1008.28,1008.28,0.5194748990190421,17.955530820954596,0.25300882037754513,1.1931003214903966,1.0,0.0,54.59183496909274,18.1042026161521,8.73166147718094e-05,0.5175728822023846,0.841642228739003,0.3157894736842105,0.38317757009345793,0.5175728822023846,0.841642228739003,0.3157894736842105,0.38317757009345793,0.5145455386797639,G_estale,ours,1,0.5,0.4,1.0,0.25,False,1.0,0.3,30
epara_priv,0.8,0.5752205094386283,0.0,1116.48,1116.48,0.5752205094386283,8.68153011241199,0.030005770340450086,1.3263539691698953,0.516,146.4,47.800241438483475,9.69275473990574,0.011036047902852043,0.5752335767942235,0.5982404692082112,0.3684210526315789,0.5327102803738317,0.5752335767942235,0.5982404692082112,0.3684210526315789,0.5327102803738317,0.5186513447519613,G_estale,epara_priv,1,0.5,0.4,1.0,0.25,True,1.0,0.3,30
epara_priv,0.8,0.640796306982112,0.0,1243.76,1243.76,0.640796306982112,14.460599336215635,0.3272813453136592,1.0495012777182424,1.0,0.0,38.357313179892465,17.98551503041156,0.0,0.6401356722225691,0.8387096774193549,0.15789473684210525,0.3925233644859813,0.6401356722225691,0.8387096774193549,0.15789473684210525,0.3925233644859813,0.5073158627425026,G_estale,epara_priv,1,0.5,0.4,1.0,0.25,False,2.0,0.3,30
ours,0.8,0.3276935124886654,0.0,636.04,636.04,0.3276935124886654,16.87148374403975,0.0040804550325612065,1.1283694666556756,0.43200000000000005,160.8,46.10823154145402,10.730938520559043,0.0,0.3258422290197058,0.5659824046920822,0.42105263157894735,0.38317757009345793,0.3258422290197058,0.5659824046920822,0.42105263157894735,0.38317757009345793,0.4240137088460483,G_estale,ours_c,1,0.5,0.4,1.0,0.0,True,1.0,0.3,30
ours,0.8,0.4142280108812134,0.0,804.0,804.0,0.4142280108812134,12.739301184998668,0.010242354298903635,1.4291278542576868,0.4706666666666667,160.8,58.45049993963462,10.242398152738929,0.0,0.4124269097113844,0.6598240469208211,0.3684210526315789,0.4485981308411215,0.4124269097113844,0.6598240469208211,0.3684210526315789,0.4485981308411215,0.4723175350262265,G_estale,ours,1,0.5,0.4,1.0,0.25,True,1.0,0.3,30
ours,0.8,0.5770546533674058,0.0,1120.04,1120.04,0.5770546533674058,15.6455725566264,0.23812958535982195,0.9927252493611409,1.0,0.0,38.12174582357162,17.523667086323833,0.0,0.5760034958486797,0.7947214076246334,0.3157894736842105,0.40186915887850466,0.5760034958486797,0.7947214076246334,0.3157894736842105,0.40186915887850466,0.5220958840090071,G_estale,ours_c,1,0.5,0.4,1.0,0.0,False,2.0,0.3,30
ours,0.8,0.4878410683373176,0.0,946.88,946.88,0.4878410683373176,18.481310423442157,0.18537218695903057,1.1956763663341852,1.0,0.0,53.21645434951539,17.49958321374891,0.0,0.48598539234658844,0.8093841642228738,0.21052631578947367,0.34579439252336447,0.48598539234658844,0.8093841642228738,0.21052631578947367,0.34579439252336447,0.4629225662205751,G_estale,ours,1,0.5,0.4,1.0,0.25,False,2.0,0.3,30
epara_priv,0.8,0.5444934465419174,0.0,1056.84,1056.84,0.5444934465419174,9.87060667396474,0.013993075591459896,1.3418102382326271,0.513888888888889,146.4,47.888074153237675,10.431651957312898,0.0005552793329159707,0.5437709386769878,0.6656891495601173,0.3684210526315789,0.514018691588785,0.5437709386769878,0.6656891495601173,0.3684210526315789,0.514018691588785,0.5229749581143672,G_estale,epara_priv,1,0.5,0.4,1.0,0.25,True,2.0,0.3,30
ours,0.8,0.39563927128843457,0.0,767.92,767.92,0.39563927128843457,13.274797774843092,0.011190338801417855,1.4943945264199159,0.4611111111111111,151.2,57.805482870881555,10.193982707257508,0.0,0.3937199575504089,0.6656891495601173,0.3684210526315789,0.40186915887850466,0.3937199575504089,0.6656891495601173,0.3684210526315789,0.40186915887850466,0.45742482965515247,G_estale,ours,1,0.5,0.4,1.0,0.25,True,2.0,0.3,30
epara_priv,0.8,0.43429867484301826,0.0,827.2,827.2,0.43429867484301826,22.434569562672188,0.2171913392275868,0.9694016842724237,1.0,0.0,39.42508525290891,18.557875942242433,0.0,0.431778159675811,0.7823691460055097,0.23809523809523808,0.4,0.431778159675811,0.7823691460055097,0.23809523809523808,0.4,0.4630606359441397,G_estale,epara_priv,2,0.5,0.4,1.0,0.25,False,0.1,0.3,30
ours,0.8,0.4087255790948809,0.0,793.32,793.32,0.4087255790948809,13.099665844335021,0.015724177726485863,1.1717294534663258,0.4583333333333333,153.6,46.1893318906295,10.392226907627858,0.0,0.40751607466133966,0.5865102639296188,0.2631578947368421,0.411214953271028,0.40751607466133966,0.5865102639296188,0.2631578947368421,0.411214953271028,0.41709979664970714,G_estale,ours_c,1,0.5,0.4,1.0,0.0,True,2.0,0.3,30
ours,0.8,0.3879706827393578,0.0,738.96,738.96,0.3879706827393578,24.700737297025366,0.24724363147615347,0.7818636201356658,1.0,0.0,36.637222214275305,18.252856833009865,0.0,0.3857806632295844,0.7107438016528925,0.19047619047619047,0.29,0.3857806632295844,0.7107438016528925,0.19047619047619047,0.29,0.3942501638396669,G_estale,ours_c,2,0.5,0.4,1.0,0.0,False,0.1,0.3,30
ours,0.8,0.3091752945376651,0.0,588.88,588.88,0.3091752945376651,31.822829605299336,0.17287943381565407,0.9399584182119831,1.0,0.0,48.77945702635086,18.739827897968674,0.0,0.30628222264655336,0.7107438016528925,0.09523809523809523,0.26,0.30628222264655336,0.7107438016528925,0.09523809523809523,0.26,0.3430660298843853,G_estale,ours,2,0.5,0.4,1.0,0.25,False,0.1,0.3,30
epara_priv,0.8,0.5795199193565324,0.0,1103.8,1103.8,0.5795199193565324,8.361453434007352,0.022806980700170107,1.4048344078795387,0.41017402945113784,175.2,48.92439821865547,9.229372300457316,0.0,0.5803152780429848,0.47107438016528924,0.19047619047619047,0.68,0.5803152780429848,0.47107438016528924,0.19047619047619047,0.68,0.48046646217111616,G_estale,epara_priv,2,0.5,0.4,1.0,0.25,True,0.1,0.3,30
ours,0.8,0.15515467165088098,0.0,295.52,295.52,0.15515467165088098,30.803714005314315,0.005418232984018312,1.7852447655249175,0.2977242302543507,201.6,65.28315994467144,9.103113562850487,0.0,0.1514225701737636,0.5757575757575758,0.23809523809523808,0.37,0.1514225701737636,0.5757575757575758,0.23809523809523808,0.37,0.33381884600664435,G_estale,ours,2,0.5,0.4,1.0,0.25,True,0.1,0.3,30
ours,0.8,0.12445135140811055,0.0,237.04,237.04,0.12445135140811055,39.84550983156152,0.0018900812734947603,0.6322741877900749,0.28554216867469884,199.2,37.410607825742034,9.444979650473343,0.0,0.12201642161542868,0.39944903581267216,0.19047619047619047,0.26,0.12201642161542868,0.39944903581267216,0.19047619047619047,0.26,0.24298541197607282,G_estale,ours_c,2,0.5,0.4,1.0,0.0,True,0.1,0.3,30
epara_priv,0.8,0.4646029779280509,0.0,884.92,884.92,0.4646029779280509,21.390365794301676,0.26284730243400467,0.9718587899279669,1.0,0.0,38.698855582825566,18.92876249869344,0.0,0.4626270341374409,0.7575757575757576,0.14285714285714285,0.4,0.4626270341374409,0.7575757575757576,0.14285714285714285,0.4,0.4407649836425853,G_estale,epara_priv,2,0.5,0.4,1.0,0.25,False,0.25,0.3,30
ours,0.8,0.28281916122393264,0.0,538.68,538.68,0.28281916122393264,34.53484434666098,0.13883696998970957,1.2147132326690047,1.0,0.0,53.52185740742431,18.603229952659337,0.0,0.27940084441898455,0.7327823691460055,0.14285714285714285,0.29,0.27940084441898455,0.7327823691460055,0.14285714285714285,0.29,0.3612600891055332,G_estale,ours,2,0.5,0.4,1.0,0.25,False,0.25,0.3,30
ours,0.8,0.40588445303148035,0.0,773.08,773.08,0.40588445303148035,23.560180958941174,0.21181510804964612,0.8849150513472079,1.0,0.0,39.107454060835444,18.213904695738243,0.0,0.40358135488935565,0.7300275482093664,0.14285714285714285,0.37,0.40358135488935565,0.7300275482093664,0.14285714285714285,0.37,0.4116165114889663,G_estale,ours_c,2,0.5,0.4,1.0,0.0,False,0.25,0.3,30
epara_priv,0.8,0.5548648591889451,0.0,1056.84,1056.84,0.5548648591889451,9.019168332364174,0.0344414809836823,1.4420480080643467,0.4323333333333332,158.4,49.94956919996723,9.531817860375753,0.0,0.555364606538943,0.5013774104683195,0.2857142857142857,0.57,0.555364606538943,0.5013774104683195,0.2857142857142857,0.57,0.478114075680387,G_estale,epara_priv,2,0.5,0.4,1.0,0.25,True,0.25,0.3,30
ours,0.8,0.12048218073377155,0.0,229.48,229.48,0.12048218073377155,38.67549375050037,0.0005460234790095974,1.8003654157128757,0.29033333333333333,189.60000000000002,65.22919861388155,8.875252305864825,0.0,0.11633038423185454,0.5840220385674931,0.14285714285714285,0.39,0.11633038423185454,0.5840220385674931,0.14285714285714285,0.39,0.30830239141412263,G_estale,ours,2,0.5,0.4,1.0,0.25,True,0.25,0.3,30
ours,0.8,0.12081819518239284,0.0,230.12,230.12,0.12081819518239284,40.81231115432792,0.0014070605036016549,0.8463993951739924,0.21166666666666667,201.6,43.46332168959445,9.391729042833942,0.0,0.11768824390554389,0.48760330578512395,0.09523809523809523,0.27,0.11768824390554389,0.48760330578512395,0.09523809523809523,0.27,0.2426324112321908,G_estale,ours_c,2,0.5,0.4,1.0,0.0,True,0.25,0.3,30
epara_priv,0.8,0.454543545372451,0.0,865.76,865.76,0.454543545372451,21.590171678915475,0.2109750719280929,1.113362874603608,1.0,0.0,42.903439582827374,18.691907032737863,0.0,0.45242187002736933,0.7382920110192838,0.23809523809523808,0.47,0.45242187002736933,0.7382920110192838,0.23809523809523808,0.47,0.4747022797854728,G_estale,epara_priv,2,0.5,0.4,1.0,0.25,False,0.5,0.3,30
ours,0.8,0.39620303673057944,0.0,754.64,754.64,0.39620303673057944,24.60128930025355,0.20656488228993847,1.180082743557973,1.0,0.0,53.798550210517625,18.565116957543342,0.0,0.3935247066810939,0.7520661157024794,0.19047619047619047,0.41,0.3935247066810939,0.7520661157024794,0.19047619047619047,0.41,0.43651675321494093,G_estale,ours,2,0.5,0.4,1.0,0.25,False,0.5,0.3,30
ours,0.8,0.34993804733603545,0.0,666.52,666.52,0.34993804733603545,27.495248407409115,0.1889871264464372,1.0173257450070352,1.0,0.0,41.69767651166654,18.326132968506325,0.0,0.3473362612182547,0.6859504132231405,0.23809523809523808,0.38,0.3473362612182547,0.6859504132231405,0.23809523809523808,0.38,0.4128454781341584,G_estale,ours_c,2,0.5,0.4,1.0,0.0,False,0.5,0.3,30
epara_priv,0.8,0.5310078333368334,0.0,1011.4,1011.4,0.5310078333368334,9.060017768693447,0.024046033979461118,1.4631119138122939,0.42200000000000004,175.2,50.4265121358212,9.163301971256551,0.0,0.5309443489699361,0.5371900826446281,0.2857142857142857,0.59,0.5309443489699361,0.5371900826446281,0.2857142857142857,0.59,0.4859621793322124,G_estale,epara_priv,2,0.5,0.4,1.0,0.25,True,0.5,0.3,30
ours,0.8,0.17103135434823696,0.0,325.76,325.76,0.17103135434823696,28.439578802431797,0.003612155322678875,1.7552344750824285,0.31933333333333336,192.0,64.28054017399202,9.264477190680182,0.0,0.16769566970063438,0.5426997245179064,0.2857142857142857,0.37,0.16769566970063438,0.5426997245179064,0.2857142857142857,0.37,0.34152741998320657,G_estale,ours,2,0.5,0.4,1.0,0.25,True,0.5,0.3,30
ours,0.8,0.17374047084024613,0.0,330.92,330.92,0.17374047084024613,29.524301432403345,0.004410189638154441,0.9551000693029801,0.24866666666666665,201.6,45.208363358559815,9.770181830010914,0.0,0.17104788577005495,0.48484848484848486,0.2857142857142857,0.29,0.17104788577005495,0.48484848484848486,0.2857142857142857,0.29,0.3079026640832063,G_estale,ours_c,2,0.5,0.4,1.0,0.0,True,0.5,0.3,30
epara_priv,0.8,0.5311338387550665,0.0,1011.64,1011.64,0.5311338387550665,18.522468647320277,0.258836129953588,1.1232332990318583,1.0,0.0,41.515564034707275,18.738070182375086,0.0,0.5295016230666412,0.7961432506887053,0.2857142857142857,0.39,0.5295016230666412,0.7961432506887053,0.2857142857142857,0.39,0.500339789867408,G_estale,epara_priv,2,0.5,0.4,1.0,0.25,False,1.0,0.3,30
ours,0.8,0.48400781233593043,0.0,921.88,921.88,0.48400781233593043,20.015432406824136,0.24774765314908542,0.9973328853140685,1.0,0.0,39.33017686508155,18.451826827203035,0.0,0.48214626694672524,0.7548209366391184,0.19047619047619047,0.44,0.48214626694672524,0.7548209366391184,0.19047619047619047,0.44,0.4668608485155085,G_estale,ours_c,2,0.5,0.4,1.0,0.0,False,1.0,0.3,30
ours,0.8,0.3786672826931558,0.0,721.24,721.24,0.3786672826931558,25.74347950275489,0.2217905369930907,1.2299808891782347,1.0,0.0,55.370859493674004,18.567227156566936,0.0,0.3762756455137589,0.7024793388429752,0.14285714285714285,0.38,0.3762756455137589,0.7024793388429752,0.14285714285714285,0.38,0.40040303180346926,G_estale,ours,2,0.5,0.4,1.0,0.25,False,1.0,0.3,30
epara_priv,0.8,0.47071424071235063,0.0,896.56,896.56,0.47071424071235063,10.519515425815824,0.02160992922695676,1.511729004347187,0.4013333333333333,170.39999999999998,52.820515834453396,9.431376750169434,0.0,0.46979823053911274,0.5867768595041323,0.2857142857142857,0.52,0.46979823053911274,0.5867768595041323,0.2857142857142857,0.52,0.4655723439393826,G_estale,epara_priv,2,0.5,0.4,1.0,0.25,True,1.0,0.3,30
ours,0.8,0.24980574164689082,0.0,475.8,475.8,0.24980574164689082,20.306063126333157,0.011340487640968561,1.6694457861688052,0.35600000000000004,175.2,63.348455709493585,9.661624835509317,0.0,0.24702437782445422,0.5509641873278237,0.19047619047619047,0.48,0.24702437782445422,0.5509641873278237,0.19047619047619047,0.48,0.3671161889071171,G_estale,ours,2,0.5,0.4,1.0,0.25,True,1.0,0.3,30
ours,0.8,0.23880126845454355,0.0,454.84,454.84,0.23880126845454355,21.11618641832528,0.005775248335678434,1.1667471701283154,0.2733333333333333,177.6,49.280818579515966,9.60448623051107,0.0,0.23601298453312966,0.5619834710743802,0.14285714285714285,0.4,0.23601298453312966,0.5619834710743802,0.14285714285714285,0.4,0.33521339961616314,G_estale,ours_c,2,0.5,0.4,1.0,0.0,True,1.0,0.3,30
epara_priv,0.8,0.5769368082827562,0.0,1098.88,1098.88,0.5769368082827562,16.72730455300073,0.3237919230526913,1.129722578070857,1.0,0.0,41.2108878968726,18.38130042720144,0.0,0.5760295334479028,0.7465564738292011,0.23809523809523808,0.46,0.5760295334479028,0.7465564738292011,0.23809523809523808,0.46,0.5051703113430854,G_estale,epara_priv,2,0.5,0.4,1.0,0.25,False,2.0,0.3,30
ours,0.8,0.45565659323350904,0.0,867.88,867.88,0.45565659323350904,21.16637833248994,0.20312073419157023,1.2182413843795283,1.0,0.0,55.52266533111276,18.36987642720137,0.0,0.45405554494727685,0.6942148760330579,0.09523809523809523,0.42,0.45405554494727685,0.6942148760330579,0.09523809523809523,0.42,0.4158771290546075,G_estale,ours,2,0.5,0.4,1.0,0.25,False,2.0,0.3,30
ours,0.8,0.43820484280824074,0.0,834.64,834.64,0.43820484280824074,21.93931135244125,0.17407648528886743,1.0757082554549846,1.0,0.0,41.19214181816714,18.31142682720157,0.0,0.43655188509112514,0.6749311294765841,0.19047619047619047,0.41,0.43655188509112514,0.6749311294765841,0.19047619047619047,0.41,0.4279898012609749,G_estale,ours_c,2,0.5,0.4,1.0,0.0,False,2.0,0.3,30
epara_priv,0.8,0.4487892979398114,0.0,854.8,854.8,0.4487892979398114,10.848819914744643,0.010122435264716383,1.4874309595312598,0.4222222222222223,160.8,51.48480014200106,9.273571263123722,0.0,0.4480300426452804,0.5316804407713499,0.2857142857142857,0.54,0.4480300426452804,0.5316804407713499,0.2857142857142857,0.54,0.45135619228272905,G_estale,epara_priv,2,0.5,0.4,1.0,0.25,True,2.0,0.3,30
epara_priv,0.8,0.9016753091344236,0.0,1627.56,1627.56,0.9016753091344236,9.732821055713636,0.3982404822053805,0.7688250675885299,1.0,0.0,28.088466219740447,15.840750237437287,0.004220690807576095,0.9022040414878397,0.935251798561151,0.3684210526315789,0.6559139784946236,0.9022040414878397,0.935251798561151,0.3684210526315789,0.6559139784946236,0.7154477177937982,G_estale,epara_priv,3,0.5,0.4,1.0,0.25,False,0.1,0.3,30
ours,0.8,0.28271415670873845,0.0,538.48,538.48,0.28271415670873845,18.133966095734724,0.004200180607766134,1.6080601465863031,0.3361111111111112,170.39999999999998,61.43489830158838,9.764778063231235,0.0,0.2806950544204697,0.4986225895316804,0.23809523809523808,0.46,0.2806950544204697,0.4986225895316804,0.23809523809523808,0.46,0.36935322051184705,G_estale,ours,2,0.5,0.4,1.0,0.25,True,2.0,0.3,30
ours,0.8,0.26996660856416826,0.0,514.2,514.2,0.26996660856416826,19.03729067736125,0.008043345863872146,1.2647163828044605,0.3305555555555556,170.39999999999998,49.06231623522855,9.788974866299155,0.0,0.26771052129081535,0.5234159779614325,0.2857142857142857,0.41,0.26771052129081535,0.5234159779614325,0.2857142857142857,0.41,0.3717101962416334,G_estale,ours_c,2,0.5,0.4,1.0,0.0,True,2.0,0.3,30
ours,0.8,0.6521295926960068,0.0,1177.12,1177.12,0.6521295926960068,13.28704475784078,0.3214554802109649,1.187120507024775,1.0,0.0,50.99257406379497,15.64044612534954,0.0,0.6509746065808297,0.8992805755395683,0.3684210526315789,0.5268817204301075,0.6509746065808297,0.8992805755395683,0.3684210526315789,0.5268817204301075,0.6113894887955211,G_estale,ours,3,0.5,0.4,1.0,0.25,False,0.1,0.3,30
ours,0.8,0.6421796746886496,0.0,1159.16,1159.16,0.6421796746886496,13.182128722942076,0.3520143597925808,0.8517484377077517,1.0,0.0,34.728412366356835,15.280196330485538,0.0022299958104924243,0.6414520743919886,0.8273381294964028,0.3157894736842105,0.5053763440860215,0.6414520743919886,0.8273381294964028,0.3157894736842105,0.5053763440860215,0.5724890054146559,G_estale,ours_c,3,0.5,0.4,1.0,0.0,False,0.1,0.3,30
epara_priv,0.8,0.6680405974382839,0.0,1205.84,1205.84,0.6680405974382839,7.546869914451051,0.012055134512254576,1.2157957718388512,0.5526104417670683,139.2,41.91581162461795,9.100317617641656,0.001770651930860508,0.6686114091559371,0.6115107913669064,0.47368421052631576,0.6021505376344086,0.6686114091559371,0.6115107913669064,0.47368421052631576,0.6021505376344086,0.588989237170892,G_estale,epara_priv,3,0.5,0.4,1.0,0.25,True,0.1,0.3,30
ours,0.8,0.39708815317112084,0.0,716.76,716.76,0.39708815317112084,13.25157866547989,0.017949740725967292,1.4982493462748747,0.5129852744310575,158.4,58.44038714730687,9.498201524269367,0.0,0.3955203862660944,0.6294964028776978,0.47368421052631576,0.44086021505376344,0.3955203862660944,0.6294964028776978,0.47368421052631576,0.44086021505376344,0.48489030368096786,G_estale,ours,3,0.5,0.4,1.0,0.25,True,0.1,0.3,30
epara_priv,0.8,0.7867748083144972,0.0,1420.16,1420.16,0.7867748083144972,11.144773144507381,0.345565749235474,0.9649426051500244,1.0,0.0,34.27351051883185,15.827361028903601,0.009024279738710084,0.786413626609442,0.9100719424460432,0.3157894736842105,0.6881720430107527,0.786413626609442,0.9100719424460432,0.3157894736842105,0.6881720430107527,0.6751117714376121,G_estale,epara_priv,3,0.5,0.4,1.0,0.25,False,0.25,0.3,30
ours,0.8,0.32309533306741123,0.0,583.2,583.2,0.32309533306741123,17.564467913859108,0.016376368390728185,0.8707618667730355,0.4336010709504686,168.0,40.08826095464578,10.243597687362632,0.0,0.32130722460658084,0.5935251798561151,0.42105263157894735,0.3548387096774194,0.32130722460658084,0.5935251798561151,0.42105263157894735,0.3548387096774194,0.4226809364297657,G_estale,ours_c,3,0.5,0.4,1.0,0.0,True,0.1,0.3,30
ours,0.8,0.6966937020786242,0.0,1257.56,1257.56,0.6966937020786242,12.073914804833834,0.33284580951114656,0.9335859593139211,1.0,0.0,34.47646768780778,15.183672301966837,0.0035919889459202618,0.6958825107296137,0.8884892086330936,0.2631578947368421,0.6021505376344086,0.6958825107296137,0.8884892086330936,0.2631578947368421,0.6021505376344086,0.6124200379334894,G_estale,ours_c,3,0.5,0.4,1.0,0.0,False,0.25,0.3,30
epara_priv,0.8,0.6667331471878739,0.0,1203.48,1203.48,0.6667331471878739,7.379243700442325,0.019456632539999113,1.2344767982980986,0.5386666666666667,136.79999999999998,42.847974591525016,8.88077220860833,0.0025495231011364904,0.6678066881258942,0.49280575539568344,0.47368421052631576,0.7096774193548387,0.6678066881258942,0.49280575539568344,0.47368421052631576,0.7096774193548387,0.585993518350683,G_estale,epara_priv,3,0.5,0.4,1.0,0.25,True,0.25,0.3,30
ours,0.8,0.5291406284625272,0.0,955.12,955.12,0.5291406284625272,16.33316390876239,0.21298142977440943,1.2809023622745201,1.0,0.0,53.606851138716394,15.600131512537132,0.0,0.5272487482117311,0.8776978417266187,0.3157894736842105,0.44086021505376344,0.5272487482117311,0.8776978417266187,0.3157894736842105,0.44086021505376344,0.5403990696690809,G_estale,ours,3,0.5,0.4,1.0,0.25,False,0.25,0.3,30
ours,0.8,0.4678012675619377,0.0,844.4,844.4,0.4678012675619377,12.20121540526959,0.006803173336878961,1.420001772813899,0.49433333333333335,148.8,54.336484508314456,10.302706288209642,0.00020815383886827385,0.46615701001430615,0.6906474820143885,0.42105263157894735,0.6021505376344086,0.46615701001430615,0.6906474820143885,0.42105263157894735,0.6021505376344086,0.5450019153105127,G_estale,ours,3,0.5,0.4,1.0,0.25,True,0.25,0.3,30
epara_priv,0.8,0.8869831139476133,0.0,1601.04,1601.04,0.8869831139476133,9.552773714489904,0.3632717280503479,0.7735451845942473,1.0,0.0,28.202324925880696,15.294372827846914,0.002350552119895713,0.8874955293276109,0.9244604316546763,0.42105263157894735,0.6236559139784946,0.8874955293276109,0.9244604316546763,0.42105263157894735,0.6236559139784946,0.7141661266349323,G_estale,epara_priv,3,0.5,0.4,1.0,0.25,False,0.5,0.3,30
ours,0.8,0.304303505739485,0.0,549.28,549.28,0.304303505739485,18.6419805101831,0.008044143066081639,0.940477773345743,0.4386666666666666,160.8,42.05627485348958,10.239667054633372,0.001471819948057224,0.30246334048640916,0.5827338129496403,0.10526315789473684,0.3978494623655914,0.30246334048640916,0.5827338129496403,0.10526315789473684,0.3978494623655914,0.3470774434240944,G_estale,ours_c,3,0.5,0.4,1.0,0.0,True,0.25,0.3,30
ours,0.8,0.6219031157204272,0.0,1122.56,1122.56,0.6219031157204272,13.762768373125065,0.26720737490581925,1.1985551566724284,1.0,0.0,50.635334804496715,15.449533264935274,0.0,0.6204846208869814,0.8812949640287769,0.3684210526315789,0.5806451612903226,0.6204846208869814,0.8812949640287769,0.3684210526315789,0.5806451612903226,0.6127114497094149,G_estale,ours,3,0.5,0.4,1.0,0.25,False,0.5,0.3,30
ours,0.8,0.6782342773567345,0.0,1224.24,1224.24,0.6782342773567345,12.572149762186902,0.34162123831050834,0.8920356335593671,1.0,0.0,33.42072541052413,15.39132862485969,0.012550504598543738,0.6776421673819742,0.8561151079136691,0.2631578947368421,0.5161290322580645,0.6776421673819742,0.8561151079136691,0.2631578947368421,0.5161290322580645,0.5782610505726374,G_estale,ours_c,3,0.5,0.4,1.0,0.0,False,0.5,0.3,30
epara_priv,0.8,0.6669990692727031,0.0,1203.96,1203.96,0.6669990692727031,7.426069497318488,0.02125160661259584,1.2545095953552277,0.56,134.4,43.73680601159195,8.940690631991567,0.008805416475153168,0.6675831545064378,0.6079136690647482,0.3684210526315789,0.6236559139784946,0.6675831545064378,0.6079136690647482,0.3684210526315789,0.6236559139784946,0.5668934475453148,G_estale,epara_priv,3,0.5,0.4,1.0,0.25,True,0.5,0.3,30
ours,0.8,0.4532863537650135,0.0,818.2,818.2,0.4532863537650135,11.55546646688743,0.007357177680273014,1.4218189070602314,0.49,153.6,55.887610618786205,9.454682663207294,0.0,0.4520520386266094,0.6187050359712231,0.47368421052631576,0.5483870967741935,0.4520520386266094,0.6187050359712231,0.47368421052631576,0.5483870967741935,0.5232070954745854,G_estale,ours,3,0.5,0.4,1.0,0.25,True,0.5,0.3,30
epara_priv,0.8,0.7823427735673447,0.0,1412.16,1412.16,0.7823427735673447,11.050754488554762,0.3326906882949962,0.9383060763196384,1.0,0.0,33.80892975371563,15.605433458557492,0.008604466216278419,0.7821217811158798,0.8992805755395683,0.3684210526315789,0.6236559139784946,0.7821217811158798,0.8992805755395683,0.3684210526315789,0.6236559139784946,0.6683698308163804,G_estale,epara_priv,3,0.5,0.4,1.0,0.25,False,1.0,0.3,30
ours,0.8,0.4180516775251518,0.0,754.6,754.6,0.4180516775251518,13.688225085113768,0.008819749146833311,1.0481762177015468,0.4186666666666666,172.79999999999998,42.98424010687516,10.329134649226848,0.0,0.4163760729613734,0.6510791366906474,0.5789473684210527,0.4946236559139785,0.4163760729613734,0.6510791366906474,0.5789473684210527,0.4946236559139785,0.535256558496763,G_estale,ours_c,3,0.5,0.4,1.0,0.0,True,0.5,0.3,30
ours,0.8,0.725413287240172,0.0,1309.4,1309.4,0.725413287240172,11.621884993535417,0.2671630545583477,0.8980853609892302,1.0,0.0,33.37566722626621,15.217696210535275,0.0061129122510221396,0.7249418812589413,0.8561151079136691,0.3684210526315789,0.6344086021505376,0.7249418812589413,0.8561151079136691,0.3684210526315789,0.6344086021505376,0.6459716609886816,G_estale,ours_c,3,0.5,0.4,1.0,0.0,False,1.0,0.3,30
ours,0.8,0.7674732969906484,0.0,1385.32,1385.32,0.7674732969906484,11.183440704186644,0.2883038603022648,0.9898949607764925,1.0,0.0,47.38485702511486,15.492644076323844,0.0,0.7670332618025751,0.8992805755395683,0.42105263157894735,0.6559139784946236,0.7670332618025751,0.8992805755395683,0.42105263157894735,0.6559139784946236,0.6858201118539285,G_estale,ours,3,0.5,0.4,1.0,0.25,False,1.0,0.3,30
epara_priv,0.8,0.6942560829676905,0.0,1253.16,1253.16,0.6942560829676905,7.317736362684059,0.025173957363825734,1.1614811860124983,0.5546666666666666,134.4,41.159670192257416,9.170294500261155,0.0003647390699621303,0.6947871959942775,0.6294964028776978,0.3684210526315789,0.6989247311827957,0.6947871959942775,0.6294964028776978,0.3684210526315789,0.6989247311827957,0.5979073456715875,G_estale,epara_priv,3,0.5,0.4,1.0,0.25,True,1.0,0.3,30
ours,0.8,0.4793023977307982,0.0,865.16,865.16,0.4793023977307982,11.513357963493045,0.006803173336878961,1.4351814918228958,0.43866666666666676,160.8,56.685046733994135,9.960896775695643,0.0,0.4781160586552217,0.6402877697841727,0.47368421052631576,0.5698924731182796,0.4781160586552217,0.6402877697841727,0.47368421052631576,0.5698924731182796,0.5404951280209975,G_estale,ours,3,0.5,0.4,1.0,0.25,True,1.0,0.3,30
epara_priv,0.8,0.8175774498072065,0.0,1475.76,1475.76,0.8175774498072065,10.379712612267532,0.28170012852900767,0.8355493507069095,1.0,0.0,30.245246551006442,15.317964684679934,0.0011789106828942037,0.8179095135908441,0.8561151079136691,0.21052631578947367,0.6666666666666666,0.8179095135908441,0.8561151079136691,0.21052631578947367,0.6666666666666666,0.6378044009901633,G_estale,epara_priv,3,0.5,0.4,1.0,0.25,False,2.0,0.3,30
ours,0.8,0.4884323893099322,0.0,881.64,881.64,0.4884323893099322,11.29967102144734,0.010526082524486991,1.0749457075743474,0.44933333333333336,163.20000000000002,43.402236454447994,9.962241959348834,0.0006980218323625585,0.48763859084406297,0.6402877697841727,0.3684210526315789,0.44086021505376344,0.48763859084406297,0.6402877697841727,0.3684210526315789,0.44086021505376344,0.48430190707839454,G_estale,ours_c,3,0.5,0.4,1.0,0.0,True,1.0,0.3,30
ours,0.8,0.7002836502238178,0.0,1264.04,1264.04,0.7002836502238178,12.201337841114114,0.25273678145636663,1.0371404511811373,1.0,0.0,47.42992707790982,15.422979084681886,0.0,0.6996602288984263,0.8453237410071942,0.3157894736842105,0.6451612903225806,0.6996602288984263,0.8453237410071942,0.3157894736842105,0.6451612903225806,0.6264836834781029,G_estale,ours,3,0.5,0.4,1.0,0.25,False,2.0,0.3,30
ours,0.8,0.7617781323405576,0.0,1375.04,1375.04,0.7617781323405576,11.176319970805833,0.2546647165713779,0.8631387670079333,1.0,0.0,32.138138612883616,15.367887012656851,0.0027118725263006573,0.7616461015736766,0.8345323741007195,0.3684210526315789,0.6881720430107527,0.7616461015736766,0.8345323741007195,0.3684210526315789,0.6881720430107527,0.6631928928291819,G_estale,ours_c,3,0.5,0.4,1.0,0.0,False,2.0,0.3,30
epara_priv,0.8,0.6480299605548907,0.0,1169.72,1169.72,0.6480299605548907,8.021934474796177,0.005384922217790187,1.2111421353543412,0.5361111111111112,141.6,42.709067526186914,9.383417193858584,0.0,0.6486275035765379,0.5503597122302158,0.631578947368421,0.6559139784946236,0.6486275035765379,0.5503597122302158,0.631578947368421,0.6559139784946236,0.6216200354174495,G_estale,epara_priv,3,0.5,0.4,1.0,0.25,True,2.0,0.3,30
ours,0.8,0.5182821433320037,0.0,935.52,935.52,0.5182821433320037,10.53276197762102,0.005761645171298143,1.345477108540531,0.5055555555555555,141.6,54.002298648132594,9.853609485304014,0.0,0.5173685622317596,0.6294964028776978,0.5789473684210527,0.6129032258064516,0.5173685622317596,0.6294964028776978,0.5789473684210527,0.6129032258064516,0.5846788898342404,G_estale,ours,3,0.5,0.4,1.0,0.25,True,2.0,0.3,30
ours,0.8,0.4724992243939192,0.0,852.88,852.88,0.4724992243939192,11.577172377243588,0.006492930904578292,1.1507556619243895,0.48611111111111116,144.0,44.74673514194584,9.873938777103511,0.0,0.4718124105865522,0.5755395683453237,0.5789473684210527,0.4731182795698925,0.4718124105865522,0.5755395683453237,0.5789473684210527,0.4731182795698925,0.5248544067307053,G_estale,ours_c,3,0.5,0.4,1.0,0.0,True,2.0,0.3,30
epara_priv,0.8,0.36050341768054683,0.0,757.36,757.36,0.36050341768054683,26.86159624068826,0.15768930523028885,1.0253993640638983,1.0,0.0,41.602571043165895,20.343898528847664,0.0,0.35728017224806796,0.8130081300813008,0.2916666666666667,0.38181818181818183,0.35728017224806796,0.8130081300813008,0.2916666666666667,0.38181818181818183,0.46094328770355436,G_estale,epara_priv,4,0.5,0.4,1.0,0.25,False,0.1,0.3,30
ours,0.8,0.2703680432588869,0.0,568.0,568.0,0.2703680432588869,36.20348509695612,0.12960530073684812,1.0915633746501399,1.0,0.0,54.317179160931566,20.563579535071074,0.0,0.26681148833096235,0.7723577235772358,0.16666666666666666,0.2909090909090909,0.26681148833096235,0.7723577235772358,0.16666666666666666,0.2909090909090909,0.3741862423709889,G_estale,ours,4,0.5,0.4,1.0,0.25,False,0.1,0.3,30
ours,0.8,0.40873174539707924,0.0,858.68,858.68,0.40873174539707924,23.25761518995352,0.2461872393899583,0.6971497115439539,1.0,0.0,33.79606243882439,19.970849011309287,0.0,0.4071667499711638,0.6747967479674797,0.20833333333333334,0.3,0.4071667499711638,0.6747967479674797,0.20833333333333334,0.3,0.3975742078179942,G_estale,ours_c,4,0.5,0.4,1.0,0.0,False,0.1,0.3,30
epara_priv,0.8,0.6066335370613659,0.0,1274.44,1274.44,0.6066335370613659,8.045778813322999,0.04127872660459626,1.3320195731231317,0.4408299866131191,170.39999999999998,46.147086483485495,10.253862350851362,0.0,0.6074051289938098,0.5284552845528455,0.375,0.5545454545454546,0.6074051289938098,0.5284552845528455,0.375,0.5545454545454546,0.5163514670230275,G_estale,epara_priv,4,0.5,0.4,1.0,0.25,True,0.1,0.3,30
ours,0.8,0.13811618209858914,0.0,290.16,290.16,0.13811618209858914,37.32080085577647,0.007958721273395404,0.6969593115134899,0.3200803212851406,184.8,40.346960652718614,10.8290035763121,0.0,0.13514552654850245,0.5284552845528455,0.25,0.20909090909090908,0.13514552654850245,0.5284552845528455,0.25,0.20909090909090908,0.28067293004806426,G_estale,ours_c,4,0.5,0.4,1.0,0.0,True,0.1,0.3,30
ours,0.8,0.22760419641667143,0.0,478.16,478.16,0.22760419641667143,21.179548046943992,0.015555682488909199,1.7246053959368632,0.31244979919678717,194.4,64.97894108104771,10.127212694126738,0.0,0.2246337806144027,0.5907859078590786,0.2916666666666667,0.4,0.2246337806144027,0.5907859078590786,0.2916666666666667,0.4,0.37677158878503697,G_estale,ours,4,0.5,0.4,1.0,0.25,True,0.1,0.3,30
epara_priv,0.8,0.3832943013270882,0.0,805.24,805.24,0.3832943013270882,25.508822134867124,0.19392243102758897,1.1104700976752155,1.0,0.0,42.678065501506396,20.5407239358804,0.0,0.3803683340382175,0.8184281842818428,0.25,0.33636363636363636,0.3803683340382175,0.8184281842818428,0.25,0.33636363636363636,0.4462900386709242,G_estale,epara_priv,4,0.5,0.4,1.0,0.25,False,0.25,0.3,30
ours,0.8,0.4851392776222844,0.0,1019.2,1019.2,0.4851392776222844,19.69119407238228,0.2704251632680261,0.9445555111288818,1.0,0.0,38.22016478156782,20.06926499857202,0.0,0.4829674343496482,0.8265582655826558,0.375,0.39090909090909093,0.4829674343496482,0.8265582655826558,0.375,0.39090909090909093,0.5188586977103486,G_estale,ours_c,4,0.5,0.4,1.0,0.0,False,0.25,0.3,30
ours,0.8,0.2927781268445003,0.0,615.08,615.08,0.2927781268445003,32.82107120845123,0.10799489727918357,1.1799661087945774,1.0,0.0,54.64712641292643,20.18758447889418,0.0,0.2890537890730132,0.8211382113821138,0.2916666666666667,0.2818181818181818,0.2890537890730132,0.8211382113821138,0.2916666666666667,0.2818181818181818,0.4209192122349939,G_estale,ours,4,0.5,0.4,1.0,0.25,False,0.25,0.3,30
epara_priv,0.8,0.5605376896860303,0.0,1177.6,1177.6,0.5605376896860303,8.648780906314087,0.023571523771443805,1.4091696654671464,0.39733333333333326,170.39999999999998,48.303496874169284,10.18480439527547,0.0,0.5608443231189204,0.5067750677506775,0.5,0.6090909090909091,0.5608443231189204,0.5067750677506775,0.5,0.6090909090909091,0.5441775749901268,G_estale,epara_priv,4,0.5,0.4,1.0,0.25,True,0.25,0.3,30
ours,0.8,0.19666419146627062,0.0,413.16,413.16,0.19666419146627062,25.043749155332335,0.00664496106319377,1.7555644408903106,0.3276666666666666,196.79999999999998,65.72524381761757,10.347075401017108,0.0,0.19333692183474951,0.5934959349593496,0.3333333333333333,0.4090909090909091,0.19333692183474951,0.5934959349593496,0.3333333333333333,0.4090909090909091,0.38231427480458535,G_estale,ours,4,0.5,0.4,1.0,0.25,True,0.25,0.3,30
ours,0.8,0.09664705546352888,0.0,203.04,203.04,0.09664705546352888,52.41190001162416,0.0007996801279488205,0.9045905447344872,0.2416666666666666,192.0,45.86412864249472,10.64171217836017,0.0,0.09362143873274635,0.4959349593495935,0.20833333333333334,0.16363636363636364,0.09362143873274635,0.4959349593495935,0.20833333333333334,0.16363636363636364,0.24038152376300922,G_estale,ours_c,4,0.5,0.4,1.0,0.0,True,0.25,0.3,30
epara_priv,0.8,0.38755926200948193,0.0,814.2,814.2,0.38755926200948193,24.903076322588273,0.16374402619904418,1.1479408236705317,1.0,0.0,43.74243704166178,20.27608474185137,0.0,0.384924449229113,0.7696476964769647,0.20833333333333334,0.39090909090909093,0.384924449229113,0.7696476964769647,0.20833333333333334,0.39090909090909093,0.4384536424871255,G_estale,epara_priv,4,0.5,0.4,1.0,0.25,False,0.5,0.3,30
ours,0.8,0.3724795795967327,0.0,782.52,782.52,0.3724795795967327,26.095582402819623,0.1563945850231336,1.2157613145218102,1.0,0.0,55.825316618199686,20.420315141854413,0.0,0.3692952439540159,0.8157181571815718,0.375,0.39090909090909093,0.3692952439540159,0.8157181571815718,0.375,0.39090909090909093,0.48773062301116965,G_estale,ours,4,0.5,0.4,1.0,0.25,False,0.5,0.3,30
ours,0.8,0.413187106109937,0.0,868.04,868.04,0.413187106109937,23.194639136134178,0.24870051979208316,0.9540945526551284,1.0,0.0,39.73335545276966,20.133874555729914,0.0,0.4111461417201738,0.7208672086720868,0.20833333333333334,0.39090909090909093,0.4111461417201738,0.7208672086720868,0.20833333333333334,0.39090909090909093,0.43281394365867115,G_estale,ours_c,4,0.5,0.4,1.0,0.0,False,0.5,0.3,30
epara_priv,0.8,0.5574722491955598,0.0,1171.16,1171.16,0.5574722491955598,8.624505928653768,0.02107728337236534,1.3735267797642847,0.41666666666666663,163.20000000000002,47.64531277380177,10.100676363402147,0.0,0.5578838094505748,0.4878048780487805,0.375,0.6363636363636364,0.5578838094505748,0.4878048780487805,0.375,0.6363636363636364,0.5142630809657479,G_estale,epara_priv,4,0.5,0.4,1.0,0.25,True,0.5,0.3,30
ours,0.8,0.19361779097884654,0.0,406.76,406.76,0.19361779097884654,26.33802687332373,0.005026560804249729,1.773652443784391,0.2866666666666667,204.0,66.28100838182777,10.713255810993159,0.0,0.18970356415087086,0.6585365853658537,0.2916666666666667,0.4636363636363636,0.18970356415087086,0.6585365853658537,0.2916666666666667,0.4636363636363636,0.40088579495493876,G_estale,ours,4,0.5,0.4,1.0,0.25,True,0.5,0.3,30
ours,0.8,0.13407970145275222,0.0,281.68,281.68,0.13407970145275222,38.73811718564201,0.004493440718950515,1.1061860969897754,0.2473333333333333,187.20000000000002,49.238769202327134,10.911752848851641,0.0,0.13137760006151716,0.48509485094850946,0.08333333333333333,0.24545454545454545,0.13137760006151716,0.48509485094850946,0.08333333333333333,0.24545454545454545,0.23631508244947635,G_estale,ours_c,4,0.5,0.4,1.0,0.0,True,0.5,0.3,30
epara_priv,0.8,0.4762856762057082,0.0,1000.6,1000.6,0.4762856762057082,20.517918977459978,0.19428419108547057,1.2122579539612726,1.0,0.0,44.20298663744089,20.530229728846454,0.0,0.47393210042677536,0.8157181571815718,0.4166666666666667,0.4636363636363636,0.47393210042677536,0.8157181571815718,0.4166666666666667,0.4636363636363636,0.5424883219778444,G_estale,epara_priv,4,0.5,0.4,1.0,0.25,False,1.0,0.3,30
ours,0.8,0.41937510710001713,0.0,881.04,881.04,0.41937510710001713,23.3436283049398,0.23562003769920603,1.216884674701548,1.0,0.0,54.8632663205457,20.56667028178416,0.0,0.41693260025375833,0.7994579945799458,0.20833333333333334,0.34545454545454546,0.41693260025375833,0.7994579945799458,0.20833333333333334,0.34545454545454546,0.4425446184053957,G_estale,ours,4,0.5,0.4,1.0,0.25,False,1.0,0.3,30
ours,0.8,0.43114182898269265,0.0,905.76,905.76,0.43114182898269265,22.608996366736275,0.22033091525294643,1.0538070486091278,1.0,0.0,41.68157347717827,20.47832454913505,0.0,0.429236033680649,0.7398373983739838,0.20833333333333334,0.34545454545454546,0.429236033680649,0.7398373983739838,0.20833333333333334,0.34545454545454546,0.43071532771062787,G_estale,ours_c,4,0.5,0.4,1.0,0.0,False,1.0,0.3,30
epara_priv,0.8,0.5001237600198016,0.0,1050.68,1050.68,0.5001237600198016,10.171270981574796,0.014108642257382762,1.4340930294548848,0.37866666666666665,172.79999999999998,50.84559719405215,10.686750994921008,0.0,0.49975008650851627,0.5284552845528455,0.4166666666666667,0.6,0.49975008650851627,0.5284552845528455,0.4166666666666667,0.6,0.5112180094320071,G_estale,epara_priv,4,0.5,0.4,1.0,0.25,True,1.0,0.3,30
ours,0.8,0.31071380971420953,0.0,652.76,652.76,0.31071380971420953,17.092295369110797,0.0060737609718017555,1.6080805772928923,0.35733333333333334,184.8,63.74620747340848,11.157166725140764,0.0,0.308393248490907,0.6124661246612466,0.4583333333333333,0.36363636363636365,0.308393248490907,0.6124661246612466,0.4583333333333333,0.36363636363636365,0.4357072675304626,G_estale,ours,4,0.5,0.4,1.0,0.25,True,1.0,0.3,30
ours,0.8,0.2533653205384513,0.0,532.28,532.28,0.2533653205384513,20.92666156225057,0.004645760743321719,1.1047961767673884,0.2853333333333333,187.20000000000002,46.466659198112914,11.138843416354732,0.0,0.2509708177938406,0.5528455284552846,0.375,0.35454545454545455,0.2509708177938406,0.5528455284552846,0.375,0.35454545454545455,0.38334045019864493,G_estale,ours_c,4,0.5,0.4,1.0,0.0,True,1.0,0.3,30
epara_priv,0.8,0.45814055330248854,0.0,962.48,962.48,0.45814055330248854,21.192356524788142,0.2313931570229051,1.1865349098455855,1.0,0.0,43.516967613343134,20.39721930797809,0.0006950280537866604,0.45634203544926755,0.7642276422764228,0.2916666666666667,0.3181818181818182,0.45634203544926755,0.7642276422764228,0.2916666666666667,0.3181818181818182,0.45760454064354383,G_estale,epara_priv,4,0.5,0.4,1.0,0.25,False,2.0,0.3,30
ours,0.8,0.4100264656042345,0.0,861.4,861.4,0.4100264656042345,23.842354456522315,0.2184649949543992,1.218693474990956,1.0,0.0,56.62945359479733,20.537804128848325,0.0,0.4078203698719674,0.7533875338753387,0.16666666666666666,0.35454545454545455,0.4078203698719674,0.7533875338753387,0.16666666666666666,0.35454545454545455,0.42060500623985686,G_estale,ours,4,0.5,0.4,1.0,0.25,False,2.0,0.3,30
ours,0.8,0.4091125454580073,0.0,859.48,859.48,0.4091125454580073,23.70529760855188,0.20589859294377488,1.096171055387369,1.0,0.0,42.74332217945132,20.37422918859817,0.0,0.4071667499711638,0.7208672086720868,0.16666666666666666,0.33636363636363636,0.4071667499711638,0.7208672086720868,0.16666666666666666,0.33636363636363636,0.40776606541838845,G_estale,ours_c,4,0.5,0.4,1.0,0.0,False,2.0,0.3,30
epara_priv,0.8,0.5201538432246149,0.0,1092.76,1092.76,0.5201538432246149,10.012661403599893,0.01637440261990442,1.3861503017840482,0.4388888888888889,160.8,49.68736533034999,10.941435875397817,0.0,0.5195893729093776,0.6151761517615176,0.4166666666666667,0.4909090909090909,0.5195893729093776,0.6151761517615176,0.4166666666666667,0.4909090909090909,0.5105853205616632,G_estale,epara_priv,4,0.5,0.4,1.0,0.25,True,2.0,0.3,30
epara_priv,0.8,0.6484148590497937,0.0,1181.36,1181.36,0.6484148590497937,14.39691660615689,0.2997716694476157,1.0961842451918855,1.0,0.0,39.19566062194402,17.007941401849504,0.0009099950903360571,0.6466247063516688,0.941747572815534,0.4,0.5979381443298969,0.6466247063516688,0.941747572815534,0.4,0.5979381443298969,0.6465776058742749,G_estale,epara_priv,5,0.5,0.4,1.0,0.25,False,0.1,0.3,30
ours,0.8,0.313112850098056,0.0,657.8,657.8,0.313112850098056,16.348771038407193,0.007311361169817787,1.5881076140972183,0.3361111111111111,163.20000000000002,62.474105629076014,10.754221589064251,0.0,0.31077703871736706,0.6233062330623306,0.2916666666666667,0.38181818181818183,0.31077703871736706,0.6233062330623306,0.2916666666666667,0.38181818181818183,0.40189203006613655,G_estale,ours,4,0.5,0.4,1.0,0.25,True,2.0,0.3,30
ours,0.8,0.2919213267074123,0.0,613.28,613.28,0.2919213267074123,17.847308876546396,0.002932160469145675,1.1777003484320558,0.35277777777777786,160.8,47.59834097909063,10.945397587808372,0.0,0.2901111153831366,0.5284552845528455,0.375,0.33636363636363636,0.2901111153831366,0.5284552845528455,0.375,0.33636363636363636,0.3824825090749046,G_estale,ours_c,4,0.5,0.4,1.0,0.0,True,2.0,0.3,30
ours,0.8,0.3925529112145429,0.0,715.2,715.2,0.3925529112145429,23.04622024322428,0.2575305172565206,0.8221217177483094,1.0,0.0,38.02077342835583,16.482656717954004,0.0028303182023361414,0.3901201187890608,0.8025889967637541,0.3,0.23711340206185566,0.3901201187890608,0.8025889967637541,0.3,0.23711340206185566,0.43245562940366766,G_estale,ours_c,5,0.5,0.4,1.0,0.0,False,0.1,0.3,30
ours,0.8,0.47099762887503294,0.0,858.12,858.12,0.47099762887503294,19.50283387154675,0.24569684728198823,1.2281768683586547,1.0,0.0,54.28740912652467,16.735771801851698,0.0,0.4684189530605913,0.8964401294498382,0.25,0.36082474226804123,0.4684189530605913,0.8964401294498382,0.25,0.36082474226804123,0.4939209561946177,G_estale,ours,5,0.5,0.4,1.0,0.25,False,0.1,0.3,30
epara_priv,0.8,0.6724773864933696,0.0,1225.2,1225.2,0.6724773864933696,7.971423156566712,0.023930798278738914,1.2768068850443488,0.5582329317269076,132.0,44.502213130070906,9.766587651425537,0.0,0.6734408935774123,0.5501618122977346,0.45,0.6597938144329897,0.6734408935774123,0.5501618122977346,0.45,0.6597938144329897,0.5833491300770342,G_estale,epara_priv,5,0.5,0.4,1.0,0.25,True,0.1,0.3,30
ours,0.8,0.19621059102485292,0.0,357.48,357.48,0.19621059102485292,29.393338421594812,0.0030736805128655483,0.7440941424431369,0.3949129852744311,168.0,38.95565355303815,10.507530618951714,0.0,0.19354195292761844,0.56957928802589,0.25,0.23711340206185566,0.19354195292761844,0.56957928802589,0.25,0.23711340206185566,0.31255866075384103,G_estale,ours_c,5,0.5,0.4,1.0,0.0,True,0.1,0.3,30
ours,0.8,0.25731096864845876,0.0,468.8,468.8,0.25731096864845876,21.357201524569554,0.005137437428646702,1.6336392377272329,0.41954484605087017,172.79999999999998,61.69641718228668,10.012256074718207,0.0,0.2541997251894863,0.6537216828478964,0.3,0.4329896907216495,0.2541997251894863,0.6537216828478964,0.3,0.4329896907216495,0.4102277746897581,G_estale,ours,5,0.5,0.4,1.0,0.25,True,0.1,0.3,30
epara_priv,0.8,0.619829630280144,0.0,1129.28,1129.28,0.619829630280144,14.795866217278727,0.2589795380697286,1.0739220163344165,1.0,0.0,39.79661884970806,16.708675801848518,0.0,0.6181463587606932,0.9093851132686084,0.4,0.5257731958762887,0.6181463587606932,0.9093851132686084,0.4,0.5257731958762887,0.6133261669763975,G_estale,epara_priv,5,0.5,0.4,1.0,0.25,False,0.25,0.3,30
ours,0.8,0.3629577588478089,0.0,661.28,661.28,0.3629577588478089,25.396906112569994,0.14834899446737507,1.3394441029243875,1.0,0.0,56.14405973004279,16.794466074120287,0.0,0.3595142059305882,0.8640776699029126,0.35,0.3711340206185567,0.3595142059305882,0.8640776699029126,0.35,0.3711340206185567,0.4861814741130144,G_estale,ours,5,0.5,0.4,1.0,0.25,False,0.25,0.3,30
epara_priv,0.8,0.674321594801089,0.0,1228.56,1228.56,0.674321594801089,7.961478079705421,0.01978132958637042,1.2555765346447703,0.5496666666666667,141.6,44.50590057949527,9.781153509602893,0.00016214754168654527,0.6746598111785825,0.627831715210356,0.4,0.7216494845360825,0.6746598111785825,0.627831715210356,0.4,0.7216494845360825,0.6060352527312552,G_estale,epara_priv,5,0.5,0.4,1.0,0.25,True,0.25,0.3,30
ours,0.8,0.37169579344866954,0.0,677.2,677.2,0.37169579344866954,24.475095986194237,0.20832967418986564,0.9663431983841222,1.0,0.0,41.285599717790326,16.574535001850737,0.0006628285704008148,0.36935419529276187,0.7605177993527508,0.2,0.25773195876288657,0.36935419529276187,0.7605177993527508,0.2,0.25773195876288657,0.3969009883520998,G_estale,ours_c,5,0.5,0.4,1.0,0.0,False,0.25,0.3,30
ours,0.8,0.34460349521384037,0.0,627.84,627.84,0.34460349521384037,15.562038033464145,0.007991569333450426,1.5846579432686396,0.4189999999999998,170.39999999999998,61.69921356931277,9.770469958930128,0.0,0.341983954611941,0.6828478964401294,0.4,0.4742268041237113,0.341983954611941,0.6828478964401294,0.4,0.4742268041237113,0.47476466379394544,G_estale,ours,5,0.5,0.4,1.0,0.25,True,0.25,0.3,30
ours,0.8,0.26635637130060597,0.0,485.28,485.28,0.26635637130060597,22.43247430789878,0.0018661631685255116,0.9260779836655836,0.3876666666666668,168.0,41.918380714695154,10.886031132137118,0.000925580411056507,0.2639067417224414,0.5857605177993528,0.4,0.36082474226804123,0.2639067417224414,0.5857605177993528,0.4,0.36082474226804123,0.4026230004474589,G_estale,ours_c,5,0.5,0.4,1.0,0.0,True,0.25,0.3,30
epara_priv,0.8,0.5818257662246421,0.0,1060.04,1060.04,0.5818257662246421,16.086268357150843,0.24093264248704663,1.1512909458154035,1.0,0.0,41.55688376364958,17.052087909314178,8.485343183317187e-06,0.5799831567749657,0.9093851132686084,0.25,0.4639175257731959,0.5799831567749657,0.9093851132686084,0.25,0.4639175257731959,0.5508214489541925,G_estale,epara_priv,5,0.5,0.4,1.0,0.25,False,0.5,0.3,30
ours,0.8,0.4255071572846228,0.0,775.24,775.24,0.4255071572846228,21.40622130159845,0.19153420567313603,1.3478528146131554,1.0,0.0,56.990811427610254,16.594959001851183,0.0,0.42247684056557777,0.8737864077669902,0.4,0.41237113402061853,0.42247684056557777,0.8737864077669902,0.4,0.41237113402061853,0.5271585955882966,G_estale,ours,5,0.5,0.4,1.0,0.25,False,0.5,0.3,30
ours,0.8,0.45830771932905945,0.0,835.0,835.0,0.45830771932905945,20.08213149922106,0.237485729340476,1.0590366207078248,1.0,0.0,40.79488196031335,16.768579801849583,0.005165474106680763,0.4558973449758433,0.8252427184466019,0.35,0.4329896907216495,0.4558973449758433,0.8252427184466019,0.35,0.4329896907216495,0.5160324385360237,G_estale,ours_c,5,0.5,0.4,1.0,0.0,False,0.5,0.3,30
epara_priv,0.8,0.6591068762624045,0.0,1200.84,1200.84,0.6591068762624045,8.459797722828528,0.009199086677790463,1.3149863879863002,0.5246666666666667,148.8,45.66203065586832,10.158863497481411,0.0,0.6597446921679003,0.5663430420711975,0.6,0.6701030927835051,0.6597446921679003,0.5663430420711975,0.6,0.6701030927835051,0.6240477067556507,G_estale,epara_priv,5,0.5,0.4,1.0,0.25,True,0.5,0.3,30
ours,0.8,0.3228462281549135,0.0,588.2,588.2,0.3228462281549135,17.03502182566605,0.00935277070343374,1.6209273733204532,0.4266666666666667,160.8,62.970491544992946,10.019999837856771,0.0,0.32037586986392447,0.6213592233009708,0.4,0.5051546391752577,0.32037586986392447,0.6213592233009708,0.4,0.5051546391752577,0.46172243308503824,G_estale,ours,5,0.5,0.4,1.0,0.25,True,0.5,0.3,30
ours,0.8,0.2185386844647405,0.0,398.16,398.16,0.2185386844647405,26.9811975978221,0.00838675682796171,1.0564898568543075,0.374,175.2,46.230489609776726,10.742833635548848,0.0,0.2156597668543061,0.5792880258899676,0.45,0.36082474226804123,0.2156597668543061,0.5792880258899676,0.45,0.36082474226804123,0.4014431337530787,G_estale,ours_c,5,0.5,0.4,1.0,0.0,True,0.5,0.3,30
epara_priv,0.8,0.4857073856151752,0.0,884.92,884.92,0.4857073856151752,18.96270019345471,0.16633002546763853,1.2063098269956969,1.0,0.0,43.443594730063126,16.780472655191943,0.0007568560294788183,0.48360001772971056,0.8122977346278317,0.15,0.4948453608247423,0.48360001772971056,0.8122977346278317,0.15,0.4948453608247423,0.48518577829557114,G_estale,epara_priv,5,0.5,0.4,1.0,0.25,False,1.0,0.3,30
ours,0.8,0.45747343461842455,0.0,833.48,833.48,0.45747343461842455,19.927205214103004,0.18760428558882936,1.260450513743743,1.0,0.0,54.693047328891176,16.608927001850574,0.0,0.45481140020389166,0.8640776699029126,0.2,0.4536082474226804,0.45481140020389166,0.8640776699029126,0.2,0.4536082474226804,0.49312432938237116,G_estale,ours,5,0.5,0.4,1.0,0.25,False,1.0,0.3,30
ours,0.8,0.4132782998155792,0.0,752.96,752.96,0.4132782998155792,22.089015031411872,0.16914024765082988,1.030561166242206,1.0,0.0,42.64838331218996,16.632144758051883,0.0,0.41106333939098444,0.7637540453074434,0.25,0.36082474226804123,0.41106333939098444,0.7637540453074434,0.25,0.36082474226804123,0.44641053174161727,G_estale,ours_c,5,0.5,0.4,1.0,0.0,False,1.0,0.3,30
epara_priv,0.8,0.6416966716431017,0.0,1169.12,1169.12,0.6416966716431017,8.584364014630074,0.029485378062703082,1.2910994994291736,0.5146666666666667,148.8,45.81011050657891,10.03615165678431,0.0,0.6420814680200345,0.5922330097087378,0.5,0.6494845360824743,0.6420814680200345,0.5922330097087378,0.5,0.6494845360824743,0.5959497534528116,G_estale,epara_priv,5,0.5,0.4,1.0,0.25,True,1.0,0.3,30
ours,0.8,0.33222095371915344,0.0,605.28,605.28,0.33222095371915344,16.860640140125316,0.00979186791955739,1.6139676824448932,0.4346666666666667,158.4,61.278739742565236,10.20540826401505,0.0,0.3299277514294579,0.6084142394822006,0.35,0.5154639175257731,0.3299277514294579,0.6084142394822006,0.35,0.5154639175257731,0.4509514771093579,G_estale,ours,5,0.5,0.4,1.0,0.25,True,1.0,0.3,30
ours,0.8,0.31232984982875206,0.0,569.04,569.04,0.31232984982875206,18.68208176349453,0.0077281110037762364,1.1043294985509793,0.47200000000000003,158.4,45.58247951362311,10.63085180669893,0.0,0.310114799875892,0.5631067961165048,0.5,0.5051546391752577,0.310114799875892,0.5631067961165048,0.5,0.5051546391752577,0.4695940587919136,G_estale,ours_c,5,0.5,0.4,1.0,0.0,True,1.0,0.3,30
epara_priv,0.8,0.45920786862211294,0.0,836.64,836.64,0.45920786862211294,19.638110207344354,0.15710898392904188,1.2071880214279442,1.0,0.0,44.77581296685061,16.430028523872583,0.0,0.45733788395904434,0.7443365695792881,0.2,0.4742268041237113,0.45733788395904434,0.7443365695792881,0.2,0.4742268041237113,0.46897531441551094,G_estale,epara_priv,5,0.5,0.4,1.0,0.25,False,2.0,0.3,30
ours,0.8,0.45547554228506193,0.0,829.84,829.84,0.45547554228506193,20.052720285657244,0.21772635461491174,1.2178580837797488,1.0,0.0,54.9631528983684,16.640549401849807,0.0,0.453237888391472,0.8252427184466019,0.35,0.3402061855670103,0.453237888391472,0.8252427184466019,0.35,0.3402061855670103,0.49217169810127104,G_estale,ours,5,0.5,0.4,1.0,0.25,False,2.0,0.3,30
ours,0.8,0.5737683323087731,0.0,1045.36,1045.36,0.5737683323087731,15.732482941446394,0.22007552472117325,1.041165364011592,1.0,0.0,40.11393938440751,16.4461083676704,0.0,0.5725588404769292,0.7928802588996764,0.2,0.5154639175257731,0.5725588404769292,0.7928802588996764,0.2,0.5154639175257731,0.5202257542255947,G_estale,ours_c,5,0.5,0.4,1.0,0.0,False,2.0,0.3,30
epara_priv,0.8,0.6165144462984105,0.0,1123.24,1123.24,0.6165144462984105,8.756575845524134,0.0250724510406604,1.27766312461579,0.5444444444444444,136.79999999999998,46.852385670737256,9.835736252726528,0.004112877441740976,0.6170825761269447,0.5307443365695793,0.4,0.6701030927835051,0.6170825761269447,0.5307443365695793,0.4,0.6701030927835051,0.5544825013700072,G_estale,epara_priv,5,0.5,0.4,1.0,0.25,True,2.0,0.3,30
ours,0.8,0.4830728023184333,0.0,880.12,880.12,0.4830728023184333,11.441040473331,0.0050496179854219725,1.4545314832703962,0.48611111111111116,146.4,59.74563706152466,10.069488541388079,0.0,0.48207083019369706,0.6375404530744336,0.25,0.5051546391752577,0.48207083019369706,0.6375404530744336,0.25,0.5051546391752577,0.4686914806108471,G_estale,ours,5,0.5,0.4,1.0,0.25,True,2.0,0.3,30
ours,0.8,0.36427505049617986,0.0,663.68,663.68,0.36427505049617986,15.458692840885249,0.008518485992798806,1.1946298410468077,0.46944444444444455,151.2,48.36763276569467,10.259625264638721,0.0,0.3621958246531625,0.6407766990291263,0.3,0.4639175257731959,0.3621958246531625,0.6407766990291263,0.3,0.4639175257731959,0.4417225123638712,G_estale,ours_c,5,0.5,0.4,1.0,0.0,True,2.0,0.3,30
epara_priv,0.8,0.18742905515901265,0.0,389.68,389.68,0.18742905515901265,54.67183885559757,0.03588125517055621,1.2815091290378438,1.0,0.0,50.82052599809486,21.30452216524926,0.0,0.1820338785273926,0.8592964824120602,0.17857142857142858,0.26515151515151514,0.1820338785273926,0.8592964824120602,0.17857142857142858,0.26515151515151514,0.37126332616559915,G_estale,epara_priv,6,0.5,0.4,1.0,0.25,False,0.1,0.3,30
ours,0.8,0.1429863208726937,0.0,297.28,297.28,0.1429863208726937,70.22285441280212,0.022625392000307828,1.021047771129538,1.0,0.0,52.351076688577145,20.875850159837814,8.042364482816662e-05,0.13806180594721795,0.7613065326633166,0.14285714285714285,0.19696969696969696,0.13806180594721795,0.7613065326633166,0.14285714285714285,0.19696969696969696,0.30979879460934356,G_estale,ours,6,0.5,0.4,1.0,0.25,False,0.1,0.3,30
ours,0.8,0.31346557131038727,0.0,651.72,651.72,0.31346557131038727,31.48381787586576,0.20064643977143737,0.7943513477114877,1.0,0.0,38.91903794576337,20.518633786059237,0.0010576661906105842,0.3103522044380482,0.7663316582914573,0.14285714285714285,0.19696969696969696,0.3103522044380482,0.7663316582914573,0.14285714285714285,0.19696969696969696,0.3541276756390863,G_estale,ours_c,6,0.5,0.4,1.0,0.0,False,0.1,0.3,30
epara_priv,0.8,0.5868749639263521,0.0,1220.16,1220.16,0.5868749639263521,9.533572943613295,0.017026761836966352,1.3717413471343094,0.47965194109772424,156.0,46.786418144825966,11.632484362879197,0.0,0.587137050506622,0.5577889447236181,0.42857142857142855,0.6060606060606061,0.587137050506622,0.5577889447236181,0.42857142857142855,0.6060606060606061,0.5448895074655686,G_estale,epara_priv,6,0.5,0.4,1.0,0.25,True,0.1,0.3,30
ours,0.8,0.1477384227639148,0.0,307.16,307.16,0.1477384227639148,40.1249523745603,0.0013082709660041942,0.7096792812205398,0.32356091030789824,187.20000000000002,39.49830130526359,12.324780371369943,0.0,0.14442132285730955,0.5226130653266332,0.25,0.2878787878787879,0.14442132285730955,0.5226130653266332,0.25,0.2878787878787879,0.3012282940156827,G_estale,ours_c,6,0.5,0.4,1.0,0.0,True,0.1,0.3,30
ours,0.8,0.21193989649267944,0.0,440.64,440.64,0.21193989649267944,26.354481959787396,0.005810262231371568,1.7728418338880658,0.4152610441767068,175.2,65.86329928489269,11.612838930760718,0.0,0.2077636671269375,0.6984924623115578,0.2857142857142857,0.3560606060606061,0.2077636671269375,0.6984924623115578,0.2857142857142857,0.3560606060606061,0.38700775530334675,G_estale,ours,6,0.5,0.4,1.0,0.25,True,0.1,0.3,30
epara_priv,0.8,0.1798103007099294,0.0,373.84,373.84,0.1798103007099294,56.15811305215124,0.029782403755507243,1.286799930738596,1.0,0.0,50.032989213771216,20.99414898341622,0.001308747499209299,0.17452692584453217,0.8266331658291457,0.17857142857142858,0.2878787878787879,0.17452692584453217,0.8266331658291457,0.17857142857142858,0.2878787878787879,0.36690257703097356,G_estale,epara_priv,6,0.5,0.4,1.0,0.25,False,0.25,0.3,30
ours,0.8,0.30994478326952307,0.0,644.4,644.4,0.30994478326952307,31.925799479930138,0.16062873963483848,0.9103449602708891,1.0,0.0,40.772037906149244,20.57298518486698,0.0,0.30628755907349425,0.7964824120603015,0.17857142857142858,0.29545454545454547,0.30628755907349425,0.7964824120603015,0.17857142857142858,0.29545454545454547,0.39419898628994243,G_estale,ours_c,6,0.5,0.4,1.0,0.0,False,0.25,0.3,30
epara_priv,0.8,0.6095773130423072,0.0,1267.36,1267.36,0.6095773130423072,8.936118844636567,0.03772822594609154,1.365353906535583,0.49899999999999983,146.4,46.664183661686295,11.3252795789386,0.0,0.6098523891946557,0.6005025125628141,0.2857142857142857,0.5984848484848485,0.6098523891946557,0.6005025125628141,0.2857142857142857,0.5984848484848485,0.523638508989151,G_estale,epara_priv,6,0.5,0.4,1.0,0.25,True,0.25,0.3,30
ours,0.8,0.14631471612443966,0.0,304.2,304.2,0.14631471612443966,68.47654934073375,0.034842334109317585,1.2869730842488023,1.0,0.0,58.16805139175632,20.83056630945121,0.00025648206639742655,0.14099846360294832,0.821608040201005,0.14285714285714285,0.18181818181818182,0.14099846360294832,0.821608040201005,0.14285714285714285,0.18181818181818182,0.3218204571198195,G_estale,ours,6,0.5,0.4,1.0,0.25,False,0.25,0.3,30
ours,0.8,0.21486426688727706,0.0,446.72,446.72,0.21486426688727706,26.245403295760127,0.008773111183792832,1.7489466494795776,0.4366666666666667,175.2,65.28251703000994,11.724346560281965,0.0,0.21103094186973687,0.6482412060301508,0.39285714285714285,0.36363636363636365,0.21103094186973687,0.6482412060301508,0.39285714285714285,0.36363636363636365,0.40394141359834856,G_estale,ours,6,0.5,0.4,1.0,0.25,True,0.25,0.3,30
ours,0.8,0.15708871231506244,0.0,326.6,326.6,0.15708871231506244,38.167811922298874,0.001250553129268715,0.9041306731823692,0.3963333333333335,177.6,44.191147704923516,12.465607373822813,0.0,0.15344522452789824,0.5879396984924623,0.21428571428571427,0.26515151515151514,0.15344522452789824,0.5879396984924623,0.21428571428571427,0.26515151515151514,0.3052055381143975,G_estale,ours_c,6,0.5,0.4,1.0,0.0,True,0.25,0.3,30
epara_priv,0.8,0.16565019143082518,0.0,344.4,344.4,0.16565019143082518,61.5712559826558,0.04232641360601805,1.2771033341670355,1.0,0.0,50.93230253277391,21.205140560426656,0.0,0.16060211205974445,0.7663316582914573,0.14285714285714285,0.32575757575757575,0.16060211205974445,0.7663316582914573,0.14285714285714285,0.32575757575757575,0.34888712224148005,G_estale,epara_priv,6,0.5,0.4,1.0,0.25,False,0.5,0.3,30
ours,0.8,0.19749119802989784,0.0,410.6,410.6,0.19749119802989784,51.373233588258834,0.05792946880350924,1.3109259864940261,1.0,0.0,57.46407299994757,21.093849711339075,0.0,0.19274976176121666,0.7964824120603015,0.14285714285714285,0.25,0.19274976176121666,0.7964824120603015,0.14285714285714285,0.25,0.34552232916966524,G_estale,ours,6,0.5,0.4,1.0,0.25,False,0.5,0.3,30
ours,0.8,0.26609846662947073,0.0,553.24,553.24,0.26609846662947073,37.890559055928655,0.138965311580122,0.9962483406121938,1.0,0.0,43.91744188157317,20.962572892101967,0.0,0.2627044477722243,0.7135678391959799,0.25,0.24242424242424243,0.2627044477722243,0.7135678391959799,0.25,0.24242424242424243,0.36717413234811164,G_estale,ours_c,6,0.5,0.4,1.0,0.0,False,0.5,0.3,30
epara_priv,0.8,0.5642303326471324,0.0,1173.08,1173.08,0.5642303326471324,9.833061640336433,0.01973950016353387,1.360043865555919,0.5186666666666667,148.8,45.42008413543593,11.534967949045862,0.00029523033489925335,0.5641494389233552,0.585427135678392,0.42857142857142855,0.5606060606060606,0.5641494389233552,0.585427135678392,0.42857142857142855,0.5606060606060606,0.534688515944809,G_estale,epara_priv,6,0.5,0.4,1.0,0.25,True,0.5,0.3,30
ours,0.8,0.26852261577236086,0.0,558.28,558.28,0.26852261577236086,21.90957151378582,0.006272004925255401,1.711333859206957,0.41733333333333333,170.39999999999998,64.07494041774328,12.231675584716347,0.0,0.26494097512592624,0.6834170854271356,0.35714285714285715,0.3939393939393939,0.26494097512592624,0.6834170854271356,0.35714285714285715,0.3939393939393939,0.4248600779088283,G_estale,ours,6,0.5,0.4,1.0,0.25,True,0.5,0.3,30
ours,0.8,0.20320526386671028,0.0,422.48,422.48,0.20320526386671028,28.854021967002424,0.0036747022721588395,0.9937664736325682,0.39733333333333326,168.0,44.72637916676429,12.190247200619185,0.005254878984450073,0.20031505863591278,0.5402010050251256,0.2857142857142857,0.29545454545454547,0.20031505863591278,0.5402010050251256,0.2857142857142857,0.29545454545454547,0.3304212237074674,G_estale,ours_c,6,0.5,0.4,1.0,0.0,True,0.5,0.3,30
epara_priv,0.8,0.28081651499701793,0.0,583.84,583.84,0.28081651499701793,36.734311780222455,0.09065548223252592,1.2570367662620006,1.0,0.0,47.86051784142089,21.446960589765077,0.00023380560829903472,0.27738773605087613,0.7135678391959799,0.25,0.3181818181818182,0.27738773605087613,0.7135678391959799,0.25,0.3181818181818182,0.3897843483571685,G_estale,epara_priv,6,0.5,0.4,1.0,0.25,False,1.0,0.3,30
ours,0.8,0.2668872770648556,0.0,554.88,554.88,0.2668872770648556,38.02637057504817,0.08761567616445735,1.2866267772283895,1.0,0.0,55.982610230903255,21.100072504682725,0.0,0.2632295454987456,0.7361809045226131,0.10714285714285714,0.3106060606060606,0.2632295454987456,0.7361809045226131,0.10714285714285714,0.3106060606060606,0.35428984194256913,G_estale,ours,6,0.5,0.4,1.0,0.25,False,1.0,0.3,30
ours,0.8,0.36483444600496373,0.0,758.52,758.52,0.36483444600496373,28.18603081650125,0.17072936106354733,1.0939838774842718,1.0,0.0,44.379083979141264,21.37966809493253,0.0,0.3620451584044808,0.7311557788944724,0.2857142857142857,0.36363636363636365,0.3620451584044808,0.7311557788944724,0.2857142857142857,0.36363636363636365,0.4356378966624006,G_estale,ours_c,6,0.5,0.4,1.0,0.0,False,1.0,0.3,30
epara_priv,0.8,0.5549185216538084,0.0,1153.72,1153.72,0.5549185216538084,10.036489735519586,0.02043211420435962,1.3998306943455758,0.4893333333333333,153.6,48.062652318846304,11.579298937663657,0.0,0.5549116085493689,0.5477386934673367,0.39285714285714285,0.6136363636363636,0.5549116085493689,0.5477386934673367,0.39285714285714285,0.6136363636363636,0.527285952127553,G_estale,epara_priv,6,0.5,0.4,1.0,0.25,True,1.0,0.3,30
ours,0.8,0.28543394193585625,0.0,593.44,593.44,0.28543394193585625,19.568979391859425,0.013313581006983858,1.6868999749889375,0.39866666666666667,172.79999999999998,62.39819884900106,11.613015130305056,0.0,0.28259981718819893,0.592964824120603,0.35714285714285715,0.44696969696969696,0.28259981718819893,0.592964824120603,0.35714285714285715,0.44696969696969696,0.419919298855339,G_estale,ours,6,0.5,0.4,1.0,0.25,True,1.0,0.3,30
ours,0.8,0.21207457144506223,0.0,440.92,440.92,0.21207457144506223,27.119519002482868,0.0019624064490062912,1.1417934855801604,0.37066666666666664,170.39999999999998,48.8349217357376,11.957538318574745,0.0,0.2090083432194325,0.5728643216080402,0.17857142857142858,0.32575757575757575,0.2090083432194325,0.5728643216080402,0.17857142857142858,0.32575757575757575,0.32155041728911926,G_estale,ours_c,6,0.5,0.4,1.0,0.0,True,1.0,0.3,30
epara_priv,0.8,0.3986570983319545,0.0,828.84,828.84,0.3986570983319545,25.63372248536927,0.12299671008330608,1.2301594936221791,1.0,0.0,46.097803542321195,21.246254544773464,0.0027976080372009485,0.39574865322157177,0.7663316582914573,0.17857142857142858,0.4696969696969697,0.39574865322157177,0.7663316582914573,0.17857142857142858,0.4696969696969697,0.45258717744535687,G_estale,epara_priv,6,0.5,0.4,1.0,0.25,False,2.0,0.3,30
ours,0.8,0.33335898570521577,0.0,693.08,693.08,0.33335898570521577,30.56128400969194,0.10935606133482118,1.257998730207592,1.0,0.0,54.690094166369924,21.181414721437285,0.0,0.3305392948132013,0.7010050251256281,0.25,0.3409090909090909,0.3305392948132013,0.7010050251256281,0.25,0.3409090909090909,0.40561335271198007,G_estale,ours,6,0.5,0.4,1.0,0.25,False,2.0,0.3,30
ours,0.8,0.34517190295707717,0.0,717.64,717.64,0.34517190295707717,29.544752062974748,0.14150489639648306,1.1962983627373647,1.0,0.0,45.39341373568377,21.2024958704732,0.0,0.34246095801162996,0.7010050251256281,0.25,0.3484848484848485,0.34246095801162996,0.7010050251256281,0.25,0.3484848484848485,0.4104877079055267,G_estale,ours_c,6,0.5,0.4,1.0,0.0,False,2.0,0.3,30
epara_priv,0.8,0.4929872828366393,0.0,1024.96,1024.96,0.4929872828366393,11.279429536012845,0.0064643977143736655,1.448352155761202,0.45,153.6,49.249240607358,11.560964097231727,0.0,0.4922110503899337,0.5979899497487438,0.2857142857142857,0.5227272727272727,0.4922110503899337,0.5979899497487438,0.2857142857142857,0.5227272727272727,0.474660639645059,G_estale,epara_priv,6,0.5,0.4,1.0,0.25,True,2.0,0.3,30
ours,0.8,0.3225080323989457,0.0,670.52,670.52,0.3225080323989457,18.17743614531356,0.013525213075013948,1.614464089885911,0.39166666666666666,180.0,61.25831904955947,12.188334484155648,0.0,0.32009568447461056,0.6030150753768844,0.32142857142857145,0.4166666666666667,0.32009568447461056,0.6030150753768844,0.32142857142857145,0.4166666666666667,0.41530149948668327,G_estale,ours,6,0.5,0.4,1.0,0.25,True,2.0,0.3,30
ours,0.8,0.34041980106585606,0.0,707.76,707.76,0.34041980106585606,16.633377962078644,0.00840756488446813,1.1795024722473402,0.45555555555555555,156.0,45.49140058767095,11.77243958644078,0.0,0.33849355296680217,0.5678391959798995,0.21428571428571427,0.4318181818181818,0.33849355296680217,0.5678391959798995,0.21428571428571427,0.4318181818181818,0.38810916126264944,G_estale,ours_c,6,0.5,0.4,1.0,0.0,True,2.0,0.3,30
epara_priv,0.8,0.7262479871175523,0.0,1407.12,1407.12,0.7262479871175523,13.328237385991457,0.37970188694826373,0.9965729386019241,1.0,0.0,36.512595495561094,18.7544293905763,0.0,0.725340667583448,0.9452887537993921,0.34782608695652173,0.5108695652173914,0.725340667583448,0.9452887537993921,0.34782608695652173,0.5108695652173914,0.6323312683891882,G_estale,epara_priv,7,0.5,0.4,1.0,0.25,False,0.1,0.3,30
ours,0.8,0.6794665345389983,0.0,1316.48,1316.48,0.6794665345389983,13.958041119634487,0.47027127461910073,0.8379784466740988,1.0,0.0,33.44510550676067,18.37548197317641,0.0,0.678626494978539,0.878419452887538,0.30434782608695654,0.5,0.678626494978539,0.878419452887538,0.30434782608695654,0.5,0.5903484434882583,G_estale,ours_c,7,0.5,0.4,1.0,0.0,False,0.1,0.3,30
ours,0.8,0.5150914571204426,0.0,998.0,998.0,0.5150914571204426,18.647104399377486,0.3364920104050539,1.3468764193401874,1.0,0.0,56.191215839229514,18.60981019057873,0.0,0.5126682501979414,0.9240121580547113,0.34782608695652173,0.358695652173913,0.5126682501979414,0.9240121580547113,0.34782608695652173,0.358695652173913,0.5358005368457719,G_estale,ours,7,0.5,0.4,1.0,0.25,False,0.1,0.3,30
epara_priv,0.8,0.648932656179033,0.0,1257.32,1257.32,0.648932656179033,7.656443767006711,0.015174036913167347,1.2598579627565134,0.49732262382864784,141.6,43.46894345365698,9.626599877132879,0.0,0.6501020960953453,0.48024316109422494,0.4782608695652174,0.6847826086956522,0.6501020960953453,0.48024316109422494,0.4782608695652174,0.6847826086956522,0.57334718386261,G_estale,epara_priv,7,0.5,0.4,1.0,0.25,True,0.1,0.3,30
ours,0.8,0.12671869193608323,0.0,245.52,245.52,0.12671869193608323,43.99519373232259,0.0014451463726826046,0.7929518146909451,0.3127175368139224,189.60000000000002,41.01160190371272,10.801699965159841,0.0,0.12347376755427762,0.5653495440729484,0.17391304347826086,0.2391304347826087,0.12347376755427762,0.5653495440729484,0.17391304347826086,0.2391304347826087,0.2754666974720239,G_estale,ours_c,7,0.5,0.4,1.0,0.0,True,0.1,0.3,30
epara_priv,0.8,0.7297369833601718,0.0,1413.88,1413.88,0.7297369833601718,13.19962234516186,0.3658904166150543,1.0202114042693753,1.0,0.0,36.763380637440406,18.66268204137745,0.0,0.7289452848272701,0.9209726443768997,0.4782608695652174,0.5217391304347826,0.7289452848272701,0.9209726443768997,0.4782608695652174,0.5217391304347826,0.6624794823010425,G_estale,epara_priv,7,0.5,0.4,1.0,0.25,False,0.25,0.3,30
ours,0.8,0.2690656096453198,0.0,521.32,521.32,0.2690656096453198,19.13079672688905,0.009847640282422892,1.6776910689954168,0.38433734939759046,168.0,63.10368820394997,9.973266949661799,0.0,0.2664708088511064,0.5896656534954408,0.391304347826087,0.44565217391304346,0.2664708088511064,0.5896656534954408,0.391304347826087,0.44565217391304346,0.42327324602141936,G_estale,ours,7,0.5,0.4,1.0,0.25,True,0.1,0.3,30
ours,0.8,0.665778933894876,0.0,1289.96,1289.96,0.665778933894876,14.266507039154924,0.4388083735909823,1.0063173541434411,1.0,0.0,36.75901135196527,18.403223420228286,0.0,0.6647705963245406,0.9209726443768997,0.30434782608695654,0.3695652173913043,0.6647705963245406,0.9209726443768997,0.30434782608695654,0.3695652173913043,0.5649140710449253,G_estale,ours_c,7,0.5,0.4,1.0,0.0,False,0.25,0.3,30
ours,0.8,0.5611503365126553,0.0,1087.24,1087.24,0.5611503365126553,17.086178965992147,0.3309178743961353,1.3425203352739585,1.0,0.0,55.650231327609625,18.576777218985303,0.0,0.558924032170688,0.9422492401215805,0.43478260869565216,0.391304347826087,0.558924032170688,0.9422492401215805,0.43478260869565216,0.391304347826087,0.5818150572035019,G_estale,ours,7,0.5,0.4,1.0,0.25,False,0.25,0.3,30
epara_priv,0.8,0.6086130723811883,0.0,1179.2,1179.2,0.6086130723811883,8.448008949819016,0.010776662950575994,1.3236921425327222,0.44066666666666654,160.8,46.26018487958018,9.961892153626584,0.0,0.6090136267033379,0.574468085106383,0.4782608695652174,0.5543478260869565,0.6090136267033379,0.574468085106383,0.4782608695652174,0.5543478260869565,0.5540226018654737,G_estale,epara_priv,7,0.5,0.4,1.0,0.25,True,0.25,0.3,30
ours,0.8,0.28434287129939306,0.0,550.92,550.92,0.28434287129939306,18.277369396953173,0.013687600644122383,1.662021553325901,0.3363333333333333,189.60000000000002,62.02441632673523,10.06936834816944,0.0,0.28172271533941745,0.6231003039513677,0.34782608695652173,0.42391304347826086,0.28172271533941745,0.6231003039513677,0.34782608695652173,0.42391304347826086,0.41914053743139196,G_estale,ours,7,0.5,0.4,1.0,0.25,True,0.25,0.3,30
epara_priv,0.8,0.7696230232462117,0.0,1491.16,1491.16,0.7696230232462117,12.499039433311786,0.3947726991205252,1.0175069160576407,1.0,0.0,36.62585314243627,18.6380676413772,0.0,0.7691586448306038,0.9452887537993921,0.34782608695652173,0.4891304347826087,0.7691586448306038,0.9452887537993921,0.34782608695652173,0.4891304347826087,0.6378509800922816,G_estale,epara_priv,7,0.5,0.4,1.0,0.25,False,0.5,0.3,30
ours,0.8,0.16895825591477764,0.0,327.36,327.36,0.16895825591477764,33.34569956676756,0.0021264296626615467,0.9289400883603782,0.28833333333333333,192.0,43.39572820170533,10.916048210177028,0.0,0.16574988540234195,0.6048632218844985,0.2608695652173913,0.2608695652173913,0.16574988540234195,0.6048632218844985,0.2608695652173913,0.2608695652173913,0.32308805943040575,G_estale,ours_c,7,0.5,0.4,1.0,0.0,True,0.25,0.3,30
ours,0.8,0.6349560262603741,0.0,1230.24,1230.24,0.6349560262603741,15.073507834274693,0.34844543540195716,1.203166935050993,1.0,0.0,53.07431341290927,18.5440322780381,0.0,0.6336208692753261,0.9118541033434651,0.34782608695652173,0.41304347826086957,0.6336208692753261,0.9118541033434651,0.34782608695652173,0.41304347826086957,0.5765861344590457,G_estale,ours,7,0.5,0.4,1.0,0.25,False,0.5,0.3,30
ours,0.8,0.5483711135885049,0.0,1062.48,1062.48,0.5483711135885049,17.063418706754184,0.30919938890953386,1.0741979437631612,1.0,0.0,40.200586635577636,18.129541107552186,0.0,0.5466308288536067,0.8571428571428571,0.34782608695652173,0.40217391304347827,0.5466308288536067,0.8571428571428571,0.34782608695652173,0.40217391304347827,0.538443421499116,G_estale,ours_c,7,0.5,0.4,1.0,0.0,False,0.5,0.3,30
epara_priv,0.8,0.6205252074817292,0.0,1202.28,1202.28,0.6205252074817292,8.111195878687276,0.023122341962921674,1.3331268838515216,0.49066666666666664,144.0,45.574116587436876,9.751928581028139,0.00014060585858410483,0.6209734550152103,0.5957446808510638,0.391304347826087,0.532608695652174,0.6209734550152103,0.5957446808510638,0.391304347826087,0.532608695652174,0.5351577948361337,G_estale,epara_priv,7,0.5,0.4,1.0,0.25,True,0.5,0.3,30
ours,0.8,0.3149386845039019,0.0,610.2,610.2,0.3149386845039019,16.48998962036661,0.00912506709608159,1.6313638052768487,0.3693333333333333,172.79999999999998,61.317798705810375,10.062191666347706,0.0,0.312059840813435,0.6899696048632219,0.30434782608695654,0.4782608695652174,0.312059840813435,0.6899696048632219,0.30434782608695654,0.4782608695652174,0.44615953533220776,G_estale,ours,7,0.5,0.4,1.0,0.25,True,0.5,0.3,30
epara_priv,0.8,0.7743300714315207,0.0,1500.28,1500.28,0.7743300714315207,12.24571156487191,0.3755109624674842,0.9650687476774433,1.0,0.0,34.944163092787186,18.371996146546028,0.0,0.7741801058465642,0.878419452887538,0.391304347826087,0.5760869565217391,0.7741801058465642,0.878419452887538,0.391304347826087,0.5760869565217391,0.654997715770482,G_estale,epara_priv,7,0.5,0.4,1.0,0.25,False,1.0,0.3,30
ours,0.8,0.1743052974937033,0.0,337.72,337.72,0.1743052974937033,30.391667795434596,0.005945745076179859,1.0844791279573889,0.28,196.79999999999998,46.700029919176394,10.263874047874172,0.0,0.1714172604908947,0.5653495440729484,0.30434782608695654,0.25,0.1714172604908947,0.5653495440729484,0.30434782608695654,0.25,0.32277865766269986,G_estale,ours_c,7,0.5,0.4,1.0,0.0,True,0.5,0.3,30
ours,0.8,0.5219662248647756,0.0,1011.32,1011.32,0.5219662248647756,18.158477413808125,0.2548618852966679,1.3376687724513812,1.0,0.0,54.888689339670115,18.364031378132434,0.0,0.5198774846855857,0.8601823708206687,0.391304347826087,0.43478260869565216,0.5198774846855857,0.8601823708206687,0.391304347826087,0.43478260869565216,0.5515367030069984,G_estale,ours,7,0.5,0.4,1.0,0.25,False,1.0,0.3,30
ours,0.8,0.7056236838845534,0.0,1367.16,1367.16,0.7056236838845534,13.116844329743026,0.3508815392873364,0.9458276559725836,1.0,0.0,35.96284035930179,17.932824893851475,0.0,0.7049006125765721,0.8723404255319149,0.43478260869565216,0.5543478260869565,0.7049006125765721,0.8723404255319149,0.43478260869565216,0.5543478260869565,0.641592868222774,G_estale,ours_c,7,0.5,0.4,1.0,0.0,False,1.0,0.3,30
epara_priv,0.8,0.6177587844254511,0.0,1196.92,1196.92,0.6177587844254511,7.880995325266902,0.027189396754614147,1.2893183038110574,0.4853333333333334,144.0,43.87847311949286,9.43292092471846,0.0,0.6181397674709339,0.5835866261398176,0.34782608695652173,0.6086956521739131,0.6181397674709339,0.5835866261398176,0.34782608695652173,0.6086956521739131,0.5395620331852966,G_estale,epara_priv,7,0.5,0.4,1.0,0.25,True,1.0,0.3,30
ours,0.8,0.32825467608076303,0.0,636.0,636.0,0.32825467608076303,16.5627319124966,0.010962467484206614,1.6135472149964905,0.39466666666666667,177.6,61.31448287296328,10.533897496347839,0.0,0.32610326290786346,0.601823708206687,0.4782608695652174,0.43478260869565216,0.32610326290786346,0.601823708206687,0.4782608695652174,0.43478260869565216,0.460242612343855,G_estale,ours,7,0.5,0.4,1.0,0.25,True,1.0,0.3,30
ours,0.8,0.23805689747718733,0.0,461.24,461.24,0.23805689747718733,23.0606502233568,0.00311738717535819,1.1825632767661753,0.3400000000000001,170.39999999999998,47.89399813860792,10.63649430902109,0.0,0.23546693336667082,0.5653495440729484,0.43478260869565216,0.3695652173913043,0.23546693336667082,0.5653495440729484,0.43478260869565216,0.3695652173913043,0.40129107588164387,G_estale,ours_c,7,0.5,0.4,1.0,0.0,True,1.0,0.3,30
epara_priv,0.8,0.6757091539700235,0.0,1309.2,1309.2,0.6757091539700235,13.733899349231617,0.30525620380692847,1.0545645980428588,1.0,0.0,37.58869098707075,17.98042102801403,0.0,0.675251073050798,0.8085106382978723,0.17391304347826086,0.5652173913043478,0.675251073050798,0.8085106382978723,0.17391304347826086,0.5652173913043478,0.5557230365328197,G_estale,epara_priv,7,0.5,0.4,1.0,0.25,False,2.0,0.3,30
ours,0.8,0.6039679590404228,0.0,1170.2,1170.2,0.6039679590404228,15.335823408567673,0.26528758412816383,1.1826252116107188,1.0,0.0,52.2170234937925,17.94598055270589,0.0,0.602783681293495,0.8419452887537994,0.21739130434782608,0.4673913043478261,0.602783681293495,0.8419452887537994,0.21739130434782608,0.4673913043478261,0.5323778946857367,G_estale,ours,7,0.5,0.4,1.0,0.25,False,2.0,0.3,30
ours,0.8,0.6575003096742227,0.0,1273.92,1273.92,0.6575003096742227,13.972445680662076,0.2837028779057765,0.9694867665882159,1.0,0.0,36.128871390320086,17.799778001509033,0.0,0.6568737758886527,0.8054711246200608,0.34782608695652173,0.532608695652174,0.6568737758886527,0.8054711246200608,0.34782608695652173,0.532608695652174,0.5856949207793523,G_estale,ours_c,7,0.5,0.4,1.0,0.0,False,2.0,0.3,30
epara_priv,0.8,0.5564019984309839,0.0,1078.04,1078.04,0.5564019984309839,9.180776971008694,0.008774102977001527,1.3467319047029191,0.4694444444444445,148.8,45.01028795795151,9.897244805826212,0.0,0.5565070633829229,0.5562310030395137,0.43478260869565216,0.532608695652174,0.5565070633829229,0.5562310030395137,0.43478260869565216,0.532608695652174,0.5200323426925657,G_estale,epara_priv,7,0.5,0.4,1.0,0.25,True,2.0,0.3,30
ours,0.8,0.3453486931747801,0.0,669.12,669.12,0.3453486931747801,16.036446642502543,0.012097939634171518,1.5798340146166232,0.3861111111111111,170.39999999999998,58.44227166233105,10.730307177431303,0.0,0.3433554194274284,0.6200607902735562,0.391304347826087,0.391304347826087,0.3433554194274284,0.6200607902735562,0.391304347826087,0.391304347826087,0.4365062263382896,G_estale,ours,7,0.5,0.4,1.0,0.25,True,2.0,0.3,30
ours,0.8,0.36074982451794047,0.0,698.96,698.96,0.36074982451794047,14.7960992879941,0.017135306990379455,1.2089888104380857,0.3972222222222223,170.39999999999998,46.06361778442317,10.341881558336356,0.0,0.3589198649831229,0.6231003039513677,0.43478260869565216,0.358695652173913,0.3589198649831229,0.6231003039513677,0.43478260869565216,0.358695652173913,0.4438746074510139,G_estale,ours_c,7,0.5,0.4,1.0,0.0,True,2.0,0.3,30
epara_priv,0.8,0.33558204861648716,0.0,606.88,606.88,0.33558204861648716,28.162212728327194,0.1642741810621309,1.0135807657428502,1.0,0.0,39.89870585313327,17.091083660567207,0.0003145919641425177,0.33259631490787267,0.7879746835443038,0.2222222222222222,0.26881720430107525,0.33259631490787267,0.7879746835443038,0.2222222222222222,0.26881720430107525,0.4029026062438684,G_estale,epara_priv,8,0.5,0.4,1.0,0.25,False,0.1,0.3,30
ours,0.8,0.3673663488973922,0.0,664.36,664.36,0.3673663488973922,25.612617310686584,0.15586914688903142,1.0378447722899296,1.0,0.0,48.250611194176855,17.015998436527738,0.0,0.3646677833612507,0.7816455696202531,0.18518518518518517,0.3118279569892473,0.3646677833612507,0.7816455696202531,0.18518518518518517,0.3118279569892473,0.410831623788984,G_estale,ours,8,0.5,0.4,1.0,0.25,False,0.1,0.3,30
ours,0.8,0.47079250624847935,0.0,851.4,851.4,0.47079250624847935,19.523261737657364,0.28639048019287344,0.7598814447811373,1.0,0.0,33.02137242745203,16.62210504344148,0.0017964542244675084,0.4694360692350642,0.7183544303797469,0.14814814814814814,0.3763440860215054,0.4694360692350642,0.7183544303797469,0.14814814814814814,0.3763440860215054,0.42807068344611615,G_estale,ours_c,8,0.5,0.4,1.0,0.0,False,0.1,0.3,30
epara_priv,0.8,0.6216186326336511,0.0,1124.16,1124.16,0.6216186326336511,7.902723372388401,0.01572626130808874,1.313087522947955,0.46385542168674704,146.4,44.31691557804228,8.883925506304145,0.0,0.6223785594639866,0.5379746835443038,0.37037037037037035,0.6129032258064516,0.6223785594639866,0.5379746835443038,0.37037037037037035,0.6129032258064516,0.5359067097962781,G_estale,epara_priv,8,0.5,0.4,1.0,0.25,True,0.1,0.3,30
ours,0.8,0.14480989139811107,0.0,261.88,261.88,0.14480989139811107,37.25028779490374,0.005706575833314902,0.7787042976266838,0.2878179384203481,194.4,39.589163646611425,9.755105367729392,0.0,0.14173087660524847,0.5569620253164557,0.14814814814814814,0.22580645161290322,0.14173087660524847,0.5569620253164557,0.14814814814814814,0.22580645161290322,0.26816187542068887,G_estale,ours_c,8,0.5,0.4,1.0,0.0,True,0.1,0.3,30
ours,0.8,0.17015770498330052,0.0,307.72,307.72,0.17015770498330052,30.986274927922473,0.007033686492225344,1.768397071509146,0.35033467202141905,182.4,63.40332108723726,9.535096520820304,0.0,0.16676716917922949,0.5727848101265823,0.2222222222222222,0.41935483870967744,0.16676716917922949,0.5727848101265823,0.2222222222222222,0.41935483870967744,0.34528226005942786,G_estale,ours,8,0.5,0.4,1.0,0.25,True,0.1,0.3,30
epara_priv,0.8,0.40620645418150453,0.0,734.6,734.6,0.40620645418150453,22.743973105689765,0.13193691800667978,1.0746499745637124,1.0,0.0,41.19303551682599,16.707722643439702,0.0,0.40341708542713567,0.8164556962025317,0.25925925925925924,0.3978494623655914,0.40341708542713567,0.8164556962025317,0.25925925925925924,0.3978494623655914,0.4692453758136295,G_estale,epara_priv,8,0.5,0.4,1.0,0.25,False,0.25,0.3,30
ours,0.8,0.3740240207029263,0.0,676.4,676.4,0.3740240207029263,24.480916993355,0.19853575457300215,0.806020658689257,1.0,0.0,35.652219322724584,16.55889225430532,0.0,0.3722836404243439,0.6550632911392406,0.18518518518518517,0.3118279569892473,0.3722836404243439,0.6550632911392406,0.18518518518518517,0.3118279569892473,0.38109001843450424,G_estale,ours_c,8,0.5,0.4,1.0,0.0,False,0.25,0.3,30
ours,0.8,0.39835438278295104,0.0,720.4,720.4,0.39835438278295104,24.166109579415522,0.16069098228307271,1.2439229391077393,1.0,0.0,52.20540151596051,17.409265341010943,0.0,0.395287548855388,0.8481012658227848,0.25925925925925924,0.3870967741935484,0.395287548855388,0.8481012658227848,0.25925925925925924,0.3870967741935484,0.47243621203274516,G_estale,ours,8,0.5,0.4,1.0,0.25,False,0.25,0.3,30
epara_priv,0.8,0.5688217469199973,0.0,1028.68,1028.68,0.5688217469199973,8.538370959869916,0.011988232952157661,1.3724757249341974,0.45433333333333326,156.0,45.76705585441049,8.783251438998985,0.0,0.5690228922389726,0.560126582278481,0.48148148148148145,0.5268817204301075,0.5690228922389726,0.560126582278481,0.48148148148148145,0.5268817204301075,0.5343781691072607,G_estale,epara_priv,8,0.5,0.4,1.0,0.25,True,0.25,0.3,30
ours,0.8,0.27407046957598813,0.0,495.64,495.64,0.27407046957598813,18.768519062897198,0.01103713697993851,1.6258875052531463,0.32966666666666666,194.4,59.09966485566223,9.302428788334367,0.0,0.271356783919598,0.6139240506329114,0.2962962962962963,0.41935483870967744,0.271356783919598,0.6139240506329114,0.2962962962962963,0.41935483870967744,0.4002329923896208,G_estale,ours,8,0.5,0.4,1.0,0.25,True,0.25,0.3,30
ours,0.8,0.1408064409103979,0.0,254.64,254.64,0.1408064409103979,39.379762014255995,0.003052354515494017,0.8647895423680078,0.2553333333333333,196.79999999999998,41.132030321101006,10.027662599310146,0.0,0.1384031267448353,0.43670886075949367,0.2222222222222222,0.26881720430107525,0.1384031267448353,0.43670886075949367,0.2222222222222222,0.26881720430107525,0.2665378535069066,G_estale,ours_c,8,0.5,0.4,1.0,0.0,True,0.25,0.3,30
epara_priv,0.8,0.41248811130034724,0.0,745.96,745.96,0.41248811130034724,22.730357441420512,0.1977616066886377,1.072637190064365,1.0,0.0,40.163885015122496,16.955937437002046,0.005111786691774029,0.4103852596314908,0.7310126582278481,0.18518518518518517,0.40860215053763443,0.4103852596314908,0.7310126582278481,0.18518518518518517,0.40860215053763443,0.43379631339553965,G_estale,epara_priv,8,0.5,0.4,1.0,0.25,False,0.5,0.3,30
ours,0.8,0.47492866780208354,0.0,858.88,858.88,0.47492866780208354,19.712593517284787,0.23859237796111565,0.9738116829975006,1.0,0.0,36.565979896994286,16.93075232012556,0.0013991753756592352,0.4730318257956449,0.7911392405063291,0.18518518518518517,0.3978494623655914,0.4730318257956449,0.7911392405063291,0.18518518518518517,0.3978494623655914,0.4618014284631876,G_estale,ours_c,8,0.5,0.4,1.0,0.0,False,0.5,0.3,30
ours,0.8,0.38103558868416976,0.0,689.08,689.08,0.38103558868416976,24.192358902159988,0.13598460551635663,1.154829576872885,1.0,0.0,51.51369439640352,16.670470672300404,0.00035216527195149316,0.3785594639865997,0.7310126582278481,0.2222222222222222,0.43010752688172044,0.3785594639865997,0.7310126582278481,0.2222222222222222,0.43010752688172044,0.4404754678295977,G_estale,ours,8,0.5,0.4,1.0,0.25,False,0.5,0.3,30
epara_priv,0.8,0.5501094866293601,0.0,994.84,994.84,0.5501094866293601,8.798789883087148,0.0168985423901263,1.4178186724469708,0.4506666666666666,153.6,47.04446274316652,8.753388127290417,0.0,0.5502624232272474,0.5537974683544303,0.5555555555555556,0.46236559139784944,0.5502624232272474,0.5537974683544303,0.5555555555555556,0.46236559139784944,0.5304952596337706,G_estale,epara_priv,8,0.5,0.4,1.0,0.25,True,0.5,0.3,30
ours,0.8,0.2582778527349539,0.0,467.08,467.08,0.2582778527349539,18.835933101242244,0.00818384906328106,1.6664307358828603,0.3333333333333334,192.0,60.21582065863707,8.797887632928227,0.0,0.25572305974316023,0.5569620253164557,0.25925925925925924,0.4731182795698925,0.25572305974316023,0.5569620253164557,0.25925925925925924,0.4731182795698925,0.3862656559721919,G_estale,ours,8,0.5,0.4,1.0,0.25,True,0.5,0.3,30
ours,0.8,0.19154630510274048,0.0,346.4,346.4,0.19154630510274048,27.043295196207335,0.005396916679569132,1.0479529318086307,0.3033333333333334,180.0,44.53187125153189,9.36779745596622,0.001215963706494422,0.18903405918481295,0.5126582278481012,0.2222222222222222,0.3010752688172043,0.18903405918481295,0.5126582278481012,0.2222222222222222,0.3010752688172043,0.30624744451808517,G_estale,ours_c,8,0.5,0.4,1.0,0.0,True,0.5,0.3,30
epara_priv,0.8,0.46389153082214507,0.0,838.92,838.92,0.46389153082214507,20.455971179838105,0.19125876445997655,1.1519320519342637,1.0,0.0,39.691666884452665,17.160923342189783,0.0022936751908683166,0.46211055276381907,0.7531645569620253,0.18518518518518517,0.41935483870967744,0.46211055276381907,0.7531645569620253,0.18518518518518517,0.41935483870967744,0.4549537834051768,G_estale,epara_priv,8,0.5,0.4,1.0,0.25,False,1.0,0.3,30
ours,0.8,0.48671783415540465,0.0,880.2,880.2,0.48671783415540465,19.25053683775176,0.21357634204065382,1.1709318528676649,1.0,0.0,51.277252074072685,16.944322524589097,0.0,0.4844891122278057,0.8037974683544303,0.3333333333333333,0.5268817204301075,0.4844891122278057,0.8037974683544303,0.3333333333333333,0.5268817204301075,0.5371254085864192,G_estale,ours,8,0.5,0.4,1.0,0.25,False,1.0,0.3,30
ours,0.8,0.5493795757669594,0.0,993.52,993.52,0.5493795757669594,17.26976533366756,0.28041848222777643,0.9187587091636991,1.0,0.0,33.79382236520902,17.157857254305394,0.0,0.5485873813512004,0.7278481012658228,0.25925925925925924,0.40860215053763443,0.5485873813512004,0.7278481012658228,0.25925925925925924,0.40860215053763443,0.48607422310347925,G_estale,ours_c,8,0.5,0.4,1.0,0.0,False,1.0,0.3,30
epara_priv,0.8,0.5439826590873902,0.0,983.76,983.76,0.5439826590873902,9.335496629469102,0.016566764725398687,1.3893300303023601,0.46666666666666673,148.8,46.529423254885266,9.183888164206525,0.0011206537826775876,0.543964265773311,0.5537974683544303,0.37037037037037035,0.5698924731182796,0.543964265773311,0.5537974683544303,0.37037037037037035,0.5698924731182796,0.5095061444040978,G_estale,epara_priv,8,0.5,0.4,1.0,0.25,True,1.0,0.3,30
ours,0.8,0.2761053725863175,0.0,499.32,499.32,0.2761053725863175,18.90082054185992,0.008382915662117626,1.618278737475393,0.348,189.60000000000002,58.83264770278855,9.437557712961496,0.0,0.27359017308766054,0.5664556962025317,0.37037037037037035,0.4731182795698925,0.27359017308766054,0.5664556962025317,0.37037037037037035,0.4731182795698925,0.42088362980761373,G_estale,ours,8,0.5,0.4,1.0,0.25,True,1.0,0.3,30
ours,0.8,0.25354449138484,0.0,458.52,458.52,0.25354449138484,20.190145609562663,0.00378226537789476,1.1335073322863904,0.324,177.6,45.63087108569982,9.257585564896672,0.0,0.2514349525404802,0.49683544303797467,0.2222222222222222,0.45161290322580644,0.2514349525404802,0.49683544303797467,0.2222222222222222,0.45161290322580644,0.35552638025662087,G_estale,ours_c,8,0.5,0.4,1.0,0.0,True,1.0,0.3,30
epara_priv,0.8,0.5031740063258942,0.0,909.96,909.96,0.5031740063258942,18.39117166327799,0.20300369379133396,1.1038685275707238,1.0,0.0,38.64673015742097,16.735230566716442,0.0,0.5018202121719709,0.7468354430379747,0.18518518518518517,0.41935483870967744,0.5018202121719709,0.7468354430379747,0.18518518518518517,0.41935483870967744,0.4632989197762021,G_estale,epara_priv,8,0.5,0.4,1.0,0.25,False,2.0,0.3,30
ours,0.8,0.4400256574727389,0.0,795.76,795.76,0.4400256574727389,21.082345702727675,0.15982836035478093,1.1803985755678927,1.0,0.0,50.32892701431353,16.776487416402574,0.0,0.43825795644891125,0.7151898734177216,0.2222222222222222,0.41935483870967744,0.43825795644891125,0.7151898734177216,0.2222222222222222,0.41935483870967744,0.4487562226996331,G_estale,ours,8,0.5,0.4,1.0,0.25,False,2.0,0.3,30
ours,0.8,0.5498440644975781,0.0,994.36,994.36,0.5498440644975781,16.74742346957486,0.25701709760898894,0.9921479286014465,1.0,0.0,36.28489449475884,16.652968001206457,0.0019764191522580184,0.549034059184813,0.7341772151898734,0.2222222222222222,0.40860215053763443,0.549034059184813,0.7341772151898734,0.2222222222222222,0.40860215053763443,0.47850891178363575,G_estale,ours_c,8,0.5,0.4,1.0,0.0,False,2.0,0.3,30
epara_priv,0.8,0.4959191347238504,0.0,896.84,896.84,0.4959191347238504,10.296745423185799,0.009289774612373096,1.4401583685386299,0.45555555555555555,153.6,46.774289214589146,9.234533165329953,0.00038927965177150317,0.49529871580122836,0.569620253164557,0.4074074074074074,0.5698924731182796,0.49529871580122836,0.569620253164557,0.4074074074074074,0.5698924731182796,0.5105547123728681,G_estale,epara_priv,8,0.5,0.4,1.0,0.25,True,2.0,0.3,30
ours,0.8,0.33248545707902943,0.0,601.28,601.28,0.33248545707902943,15.529273802359072,0.007343345645971113,1.5566123288580214,0.39166666666666666,177.6,58.26070847975708,9.337441751882464,0.00019298492162428461,0.3308542713567839,0.5316455696202531,0.25925925925925924,0.46236559139784944,0.3308542713567839,0.5316455696202531,0.25925925925925924,0.46236559139784944,0.39603117290853646,G_estale,ours,8,0.5,0.4,1.0,0.25,True,2.0,0.3,30
ours,0.8,0.3524584724956316,0.0,637.4,637.4,0.3524584724956316,14.890204464399377,0.004755479861095751,1.2219592577027714,0.413888888888889,165.6,45.05562997682465,9.491016325608163,0.0,0.3511111111111111,0.5316455696202531,0.2222222222222222,0.43010752688172044,0.3511111111111111,0.5316455696202531,0.2222222222222222,0.43010752688172044,0.38377160745882677,G_estale,ours_c,8,0.5,0.4,1.0,0.0,True,2.0,0.3,30
epara_priv,0.8,0.14302200192966194,0.0,302.4,302.4,0.14302200192966194,67.58677757079786,0.03929321402221003,0.9445505968709208,1.0,0.0,41.68556360775486,20.438241537409276,0.0,0.1385206128452986,0.7407407407407407,0.2,0.21904761904761905,0.1385206128452986,0.7407407407407407,0.2,0.21904761904761905,0.3245772431584146,G_estale,epara_priv,9,0.5,0.4,1.0,0.25,False,0.1,0.3,30
ours,0.8,0.3628142794982879,0.0,767.12,767.12,0.3628142794982879,26.598550054554828,0.2732174274957907,0.8293762651582512,1.0,0.0,35.87682372752973,20.4042797178501,0.0,0.36033316776831087,0.7751322751322751,0.26666666666666666,0.14285714285714285,0.36033316776831087,0.7751322751322751,0.26666666666666666,0.14285714285714285,0.3862473131060989,G_estale,ours_c,9,0.5,0.4,1.0,0.0,False,0.1,0.3,30
ours,0.8,0.11980930399742712,0.0,253.32,253.32,0.11980930399742712,81.33929611515232,0.022758659830870807,1.0736109271836396,1.0,0.0,51.01041119252701,20.604870491890388,0.0,0.11479387154701409,0.798941798941799,0.26666666666666666,0.13333333333333333,0.11479387154701409,0.798941798941799,0.26666666666666666,0.13333333333333333,0.32843391762220325,G_estale,ours,9,0.5,0.4,1.0,0.25,False,0.1,0.3,30
epara_priv,0.8,0.5700637545167332,0.0,1205.32,1205.32,0.5700637545167332,8.843237842184134,0.03199076789193893,1.3976238672695285,0.42369477911646586,153.6,44.88043180487674,10.658931435941382,0.0,0.5703014556986207,0.5264550264550265,0.4,0.6571428571428571,0.5703014556986207,0.5264550264550265,0.4,0.6571428571428571,0.5384748348241261,G_estale,epara_priv,9,0.5,0.4,1.0,0.25,True,0.1,0.3,30
ours,0.8,0.11568512457670406,0.0,244.6,244.6,0.11568512457670406,46.884638713961415,0.0032917762348890446,0.7907073535254167,0.2874163319946452,199.2,38.083168159060506,11.467982629434962,0.0,0.11242501814847362,0.5158730158730159,0.4,0.21904761904761905,0.11242501814847362,0.5158730158730159,0.4,0.21904761904761905,0.3118364132672772,G_estale,ours_c,9,0.5,0.4,1.0,0.0,True,0.1,0.3,30
ours,0.8,0.13721409788304736,0.0,290.12,290.12,0.13721409788304736,39.048693810105085,0.002516127811725534,1.8631075124387522,0.30575635876840696,199.2,62.8817157794063,11.328807048187686,0.0,0.13336262560654108,0.5952380952380952,0.43333333333333335,0.3238095238095238,0.13336262560654108,0.5952380952380952,0.43333333333333335,0.3238095238095238,0.3714358944968734,G_estale,ours,9,0.5,0.4,1.0,0.25,True,0.1,0.3,30
epara_priv,0.8,0.17289392534856884,0.0,365.56,365.56,0.17289392534856884,59.16595407506458,0.07468926767437901,1.4970960479766926,1.0,0.0,50.73668419466219,21.62870617168061,0.0,0.1676345852596187,0.8835978835978836,0.26666666666666666,0.20952380952380953,0.1676345852596187,0.8835978835978836,0.26666666666666666,0.20952380952380953,0.38185573626199465,G_estale,epara_priv,9,0.5,0.4,1.0,0.25,False,0.25,0.3,30
ours,0.8,0.25518833122079493,0.0,539.56,539.56,0.25518833122079493,37.7477526626703,0.16199701091583268,0.9255945061389735,1.0,0.0,39.11378051449123,20.367177426670388,0.0,0.25190081381576435,0.7354497354497355,0.26666666666666666,0.1619047619047619,0.25190081381576435,0.7354497354497355,0.26666666666666666,0.1619047619047619,0.3539804944592321,G_estale,ours_c,9,0.5,0.4,1.0,0.0,False,0.25,0.3,30
epara_priv,0.8,0.5662611854178097,0.0,1197.28,1197.28,0.5662611854178097,8.767060779111718,0.03361773775515996,1.4070829943812786,0.4103333333333334,153.6,44.49939604456719,10.496626529614879,0.0,0.5663087915026936,0.5740740740740741,0.36666666666666664,0.5714285714285714,0.5663087915026936,0.5740740740740741,0.36666666666666664,0.5714285714285714,0.5196195259180014,G_estale,epara_priv,9,0.5,0.4,1.0,0.25,True,0.25,0.3,30
ours,0.8,0.1402788550672544,0.0,296.6,296.6,0.1402788550672544,69.77726578043556,0.027053103539605366,1.3937267068994874,1.0,0.0,56.04536481384274,20.695937030477186,0.0,0.1352920949069652,0.8227513227513228,0.2,0.1523809523809524,0.1352920949069652,0.8227513227513228,0.2,0.1523809523809524,0.3276060925098101,G_estale,ours,9,0.5,0.4,1.0,0.25,False,0.25,0.3,30
ours,0.8,0.15034336631415654,0.0,317.88,317.88,0.15034336631415654,35.0523067640447,0.007018672316918595,1.8447378875877334,0.34299999999999997,184.8,61.453337262459925,11.14242727415453,0.0,0.14621938639055515,0.6402116402116402,0.5,0.34285714285714286,0.14621938639055515,0.6402116402116402,0.5,0.34285714285714286,0.4073220423648346,G_estale,ours,9,0.5,0.4,1.0,0.25,True,0.25,0.3,30
ours,0.8,0.10507198395732043,0.0,222.16,222.16,0.10507198395732043,52.25541702624577,0.0006999754062695095,0.8452486804517679,0.26733333333333337,172.79999999999998,41.003543143847764,11.60906344655076,0.0,0.10199442173231957,0.5185185185185185,0.23333333333333334,0.11428571428571428,0.10199442173231957,0.5185185185185185,0.23333333333333334,0.11428571428571428,0.24203299696747144,G_estale,ours_c,9,0.5,0.4,1.0,0.0,True,0.25,0.3,30
epara_priv,0.8,0.20093077810779622,0.0,424.84,424.84,0.20093077810779622,50.01139721508809,0.07327039860761649,1.454984014075181,1.0,0.0,49.08563277785045,21.246841992858027,0.0,0.196481106483781,0.7804232804232805,0.4,0.2761904761904762,0.196481106483781,0.7804232804232805,0.4,0.2761904761904762,0.41327371577438443,G_estale,epara_priv,9,0.5,0.4,1.0,0.25,False,0.5,0.3,30
ours,0.8,0.16829678957225827,0.0,355.84,355.84,0.16829678957225827,59.66225304900889,0.06229781115798634,1.4591271117501277,1.0,0.0,56.5906673852044,21.230216124959323,0.0,0.16354640278149238,0.8227513227513228,0.2,0.17142857142857143,0.16354640278149238,0.8227513227513228,0.2,0.17142857142857143,0.33943157424034665,G_estale,ours,9,0.5,0.4,1.0,0.25,False,0.5,0.3,30
ours,0.8,0.26324750752000603,0.0,556.6,556.6,0.26324750752000603,36.87337226952096,0.1720426039085113,0.9523449176110028,1.0,0.0,39.48665029395443,20.523719005215362,0.003034435168332115,0.26051656287013336,0.6693121693121693,0.2,0.18095238095238095,0.26051656287013336,0.6693121693121693,0.2,0.18095238095238095,0.3276952782836709,G_estale,ours_c,9,0.5,0.4,1.0,0.0,False,0.5,0.3,30
epara_priv,0.8,0.5662044306551391,0.0,1197.16,1197.16,0.5662044306551391,8.892890336851673,0.03967157910668004,1.40800998883823,0.38933333333333336,160.8,45.11952241823196,10.64621259566535,0.0,0.5664616207542124,0.544973544973545,0.5,0.5333333333333333,0.5664616207542124,0.544973544973545,0.5,0.5333333333333333,0.5361921247652727,G_estale,epara_priv,9,0.5,0.4,1.0,0.25,True,0.5,0.3,30
ours,0.8,0.23748084526759872,0.0,502.12,502.12,0.23748084526759872,22.972293392868934,0.0053160294368035715,1.7574112260920562,0.344,175.2,60.307365299273805,11.53484795842735,0.0,0.2341726206395904,0.6349206349206349,0.4666666666666667,0.3904761904761905,0.2341726206395904,0.6349206349206349,0.4666666666666667,0.3904761904761905,0.43155902817577063,G_estale,ours,9,0.5,0.4,1.0,0.25,True,0.5,0.3,30
ours,0.8,0.14215176223538092,0.0,300.56,300.56,0.14215176223538092,37.09892537694032,0.002081007964585028,0.9885355379405588,0.29,170.39999999999998,43.53052152819248,11.150453011293182,0.0,0.1394184846979712,0.49206349206349204,0.23333333333333334,0.21904761904761905,0.1394184846979712,0.49206349206349204,0.23333333333333334,0.21904761904761905,0.2709657322856039,G_estale,ours_c,9,0.5,0.4,1.0,0.0,True,0.5,0.3,30
epara_priv,0.8,0.25418566374694945,0.0,537.44,537.44,0.25418566374694945,39.83997775719017,0.11653644601676158,1.3838702964490437,1.0,0.0,47.49579501214631,21.411597645824287,0.0,0.2506399724907347,0.7222222222222222,0.36666666666666664,0.3047619047619048,0.2506399724907347,0.7222222222222222,0.36666666666666664,0.3047619047619048,0.41107269153538206,G_estale,epara_priv,9,0.5,0.4,1.0,0.25,False,1.0,0.3,30
ours,0.8,0.28335761175958685,0.0,599.12,599.12,0.28335761175958685,35.22288266895567,0.10800431336196296,1.362133222346242,1.0,0.0,54.04056474814762,21.10273346462472,0.0,0.2800022924387728,0.7513227513227513,0.23333333333333334,0.2857142857142857,0.2800022924387728,0.7513227513227513,0.23333333333333334,0.2857142857142857,0.38759316570228575,G_estale,ours,9,0.5,0.4,1.0,0.25,False,1.0,0.3,30
ours,0.8,0.33850432282109005,0.0,715.72,715.72,0.33850432282109005,29.168568598793694,0.1992659717361282,1.1262793469418642,1.0,0.0,41.86906621382076,20.876527917528623,0.0,0.3363007679669889,0.6402116402116402,0.3333333333333333,0.3523809523809524,0.3363007679669889,0.6402116402116402,0.3333333333333333,0.3523809523809524,0.4155566734732287,G_estale,ours_c,9,0.5,0.4,1.0,0.0,False,1.0,0.3,30
epara_priv,0.8,0.5407972152329783,0.0,1143.44,1143.44,0.5407972152329783,9.681196442955159,0.01713993832649123,1.4217257231502678,0.444,158.4,45.10909430927916,11.069867260732646,0.0,0.5406334772475452,0.5555555555555556,0.5,0.580952380952381,0.5406334772475452,0.5555555555555556,0.5,0.580952380952381,0.5442853534388705,G_estale,epara_priv,9,0.5,0.4,1.0,0.25,True,1.0,0.3,30
ours,0.8,0.29183298965171495,0.0,617.04,617.04,0.29183298965171495,18.629789801047608,0.006224105639531584,1.6738492971868555,0.39866666666666667,182.4,58.538956074911646,11.495325498838415,0.0,0.28915294387345736,0.6031746031746031,0.5,0.44761904761904764,0.28915294387345736,0.6031746031746031,0.5,0.44761904761904764,0.4599866486667771,G_estale,ours,9,0.5,0.4,1.0,0.25,True,1.0,0.3,30
ours,0.8,0.20248207495412324,0.0,428.12,428.12,0.20248207495412324,26.46252319877448,0.009496963620197129,1.1992281352276812,0.3546666666666667,175.2,46.66536926373895,11.329135431859331,0.0,0.20014900852023076,0.4708994708994709,0.4666666666666667,0.3238095238095238,0.20014900852023076,0.4708994708994709,0.4666666666666667,0.3238095238095238,0.36538116747397303,G_estale,ours_c,9,0.5,0.4,1.0,0.0,True,1.0,0.3,30
epara_priv,0.8,0.3847026996348777,0.0,813.4,813.4,0.3847026996348777,25.62622948848917,0.1707561626213133,1.2953328666830626,1.0,0.0,43.71410901942112,20.844375065937093,0.0,0.3829136896802048,0.6613756613756614,0.36666666666666664,0.2857142857142857,0.3829136896802048,0.6613756613756614,0.36666666666666664,0.2857142857142857,0.4241675758592046,G_estale,epara_priv,9,0.5,0.4,1.0,0.25,False,2.0,0.3,30
ours,0.8,0.3114890557899317,0.0,658.6,658.6,0.3114890557899317,32.140840181978575,0.17870182939518342,1.3979454775913278,1.0,0.0,55.167821838077934,21.16795734385109,0.0,0.30852405150345774,0.7248677248677249,0.3,0.3047619047619048,0.30852405150345774,0.7248677248677249,0.3,0.3047619047619048,0.40953842028327186,G_estale,ours,9,0.5,0.4,1.0,0.25,False,2.0,0.3,30
ours,0.8,0.35880360960290586,0.0,758.64,758.64,0.35880360960290586,27.694651480542724,0.18729071681265252,1.1979984487031536,1.0,0.0,42.483236490289386,21.010270399198934,0.0,0.3569327169220189,0.6375661375661376,0.36666666666666664,0.2857142857142857,0.3569327169220189,0.6375661375661376,0.36666666666666664,0.2857142857142857,0.41171995171727727,G_estale,ours_c,9,0.5,0.4,1.0,0.0,False,2.0,0.3,30
epara_priv,0.8,0.5348001286441287,0.0,1130.76,1130.76,0.5348001286441287,9.67487423099036,0.025445051930607844,1.404112828468189,0.43611111111111117,153.6,44.73772909672028,10.939960785434659,0.0,0.5346731364383143,0.5687830687830688,0.5333333333333333,0.47619047619047616,0.5346731364383143,0.5687830687830688,0.5333333333333333,0.47619047619047616,0.5282450036862981,G_estale,epara_priv,9,0.5,0.4,1.0,0.25,True,2.0,0.3,30
ours,0.8,0.3162753741084773,0.0,668.72,668.72,0.3162753741084773,16.086753404666272,0.006583552469778089,1.6460394634783102,0.33055555555555555,175.2,57.46178942170031,10.75753373676843,0.0,0.31417873380965117,0.5740740740740741,0.4666666666666667,0.3904761904761905,0.31417873380965117,0.5740740740740741,0.4666666666666667,0.3904761904761905,0.4363489162566456,G_estale,ours,9,0.5,0.4,1.0,0.25,True,2.0,0.3,30
ours,0.8,0.3250534440681814,0.0,687.28,687.28,0.3250534440681814,16.60071637019315,0.00891049773926862,1.1759776007869993,0.3444444444444445,163.20000000000002,44.08832879281181,11.40934034690635,0.0,0.3233866962136553,0.5264550264550265,0.26666666666666666,0.44761904761904764,0.3233866962136553,0.5264550264550265,0.26666666666666666,0.44761904761904764,0.391031859238599,G_estale,ours_c,9,0.5,0.4,1.0,0.0,True,2.0,0.3,30
epara_priv,0.8,0.3335887807494827,0.0,696.48,696.48,0.3335887807494827,29.641102784210254,0.13393746647252663,1.2545405778220553,1.0,0.0,43.85023776182582,20.64443526714676,0.0,0.32973495840588124,0.8790322580645161,0.2,0.3302752293577982,0.32973495840588124,0.8790322580645161,0.2,0.3302752293577982,0.43476061145704886,G_estale,epara_priv,10,0.5,0.4,1.0,0.25,False,0.1,0.3,30
ours,0.8,0.3365391984060081,0.0,702.64,702.64,0.3365391984060081,28.557961038797764,0.07362633151965668,0.9919342478350831,1.0,0.0,46.976804829532675,20.06596574430086,0.0,0.33341071774037534,0.7849462365591398,0.16,0.3302752293577982,0.33341071774037534,0.7849462365591398,0.16,0.3302752293577982,0.4021580459143283,G_estale,ours,10,0.5,0.4,1.0,0.25,False,0.1,0.3,30
ours,0.8,0.4712430071269829,0.0,983.88,983.88,0.4712430071269829,20.11905585788932,0.28423633994942143,0.7914016399724116,1.0,0.0,33.89916980831678,19.794736677460143,0.0022627392483113265,0.469297736506094,0.8145161290322581,0.12,0.30275229357798167,0.469297736506094,0.8145161290322581,0.12,0.30275229357798167,0.4266415397790835,G_estale,ours_c,10,0.5,0.4,1.0,0.0,False,0.1,0.3,30
epara_priv,0.8,0.5727450379339413,0.0,1195.8,1195.8,0.5727450379339413,8.554835416222646,0.03256954555904667,1.365353666947659,0.43882195448460515,165.6,43.76210001058454,10.22987219071904,0.0012782772193902956,0.5733797639775585,0.49731182795698925,0.4,0.5688073394495413,0.5733797639775585,0.49731182795698925,0.4,0.5688073394495413,0.5098747328460222,G_estale,epara_priv,10,0.5,0.4,1.0,0.25,True,0.1,0.3,30
ours,0.8,0.2358226684037091,0.0,492.36,492.36,0.2358226684037091,20.66200718248206,0.009023679975477048,0.6684228676526937,0.26345381526104417,201.6,33.67652444214304,10.173145856366865,0.0,0.2338750241826272,0.510752688172043,0.2,0.22935779816513763,0.2338750241826272,0.510752688172043,0.2,0.22935779816513763,0.29349637762995195,G_estale,ours_c,10,0.5,0.4,1.0,0.0,True,0.1,0.3,30
ours,0.8,0.21470993945896238,0.0,448.28,448.28,0.21470993945896238,24.708115563726118,0.005977469537895624,1.7100544102996398,0.3267737617135208,199.2,59.88217551430697,11.076154044907144,0.0,0.21133681563165022,0.6263440860215054,0.44,0.3577981651376147,0.21133681563165022,0.6263440860215054,0.44,0.3577981651376147,0.40886976669769254,G_estale,ours,10,0.5,0.4,1.0,0.25,True,0.1,0.3,30
epara_priv,0.8,0.3104452448463484,0.0,648.16,648.16,0.3104452448463484,31.7927493703954,0.1323281477507855,1.1936546861828492,1.0,0.0,43.29481523641211,20.606788431915483,0.0,0.30669375120913134,0.8360215053763441,0.2,0.3211009174311927,0.30669375120913134,0.8360215053763441,0.2,0.3211009174311927,0.41595404350416704,G_estale,epara_priv,10,0.5,0.4,1.0,0.25,False,0.25,0.3,30
ours,0.8,0.43539734845582034,0.0,909.04,909.04,0.43539734845582034,22.462540091489657,0.24720285079316423,0.9629281937313204,1.0,0.0,37.812130903960416,20.41934744476776,0.0,0.4326755658734765,0.8602150537634409,0.24,0.3211009174311927,0.4326755658734765,0.8602150537634409,0.24,0.3211009174311927,0.46349788426702754,G_estale,ours_c,10,0.5,0.4,1.0,0.0,False,0.25,0.3,30
ours,0.8,0.32653843206375965,0.0,681.76,681.76,0.32653843206375965,30.18331898293594,0.10052494444018699,1.3218829029044372,1.0,0.0,52.65299807821283,20.577779549806404,0.0,0.32267363126330045,0.8763440860215054,0.2,0.3119266055045872,0.32267363126330045,0.8763440860215054,0.2,0.3119266055045872,0.4277360806973482,G_estale,ours,10,0.5,0.4,1.0,0.25,False,0.25,0.3,30
epara_priv,0.8,0.5806958387615909,0.0,1212.4,1212.4,0.5806958387615909,8.748815181572231,0.0200206912407081,1.3646064832554219,0.4563333333333334,160.8,44.470593907020124,10.607063526138175,0.0,0.5809634358676726,0.5376344086021505,0.36,0.6513761467889908,0.5809634358676726,0.5376344086021505,0.36,0.6513761467889908,0.5324934978147035,G_estale,epara_priv,10,0.5,0.4,1.0,0.25,True,0.25,0.3,30
ours,0.8,0.20057092497509388,0.0,418.76,418.76,0.20057092497509388,26.257800060799266,0.01176335351367921,0.8624032492911334,0.2743333333333334,208.8,38.715046034182016,10.9957163534603,0.0,0.197891274908106,0.5403225806451613,0.28,0.29357798165137616,0.197891274908106,0.5403225806451613,0.28,0.29357798165137616,0.3279479593011609,G_estale,ours_c,10,0.5,0.4,1.0,0.0,True,0.25,0.3,30
ours,0.8,0.2920147137711702,0.0,609.68,609.68,0.2920147137711702,17.887319852204186,0.015633381868342403,1.6634608015939918,0.3393333333333333,199.2,58.222047105852965,10.90554116749185,0.0,0.2893983362352486,0.6129032258064516,0.36,0.42201834862385323,0.2893983362352486,0.6129032258064516,0.36,0.42201834862385323,0.4210799776663884,G_estale,ours,10,0.5,0.4,1.0,0.25,True,0.25,0.3,30
epara_priv,0.8,0.33268832860755615,0.0,694.6,694.6,0.33268832860755615,29.906002363982573,0.13144685416507013,1.2891026132270673,1.0,0.0,44.88072742879856,20.772709242022298,0.0,0.32890307603017993,0.8494623655913979,0.2,0.3944954128440367,0.32890307603017993,0.8494623655913979,0.2,0.3944954128440367,0.44321521361640365,G_estale,epara_priv,10,0.5,0.4,1.0,0.25,False,0.5,0.3,30
ours,0.8,0.4538470380872098,0.0,947.56,947.56,0.4538470380872098,21.85608615504283,0.22647329297264157,1.0114951337267224,1.0,0.0,38.24221731005082,20.70995299707239,0.0,0.45122847746179146,0.8575268817204301,0.28,0.3577981651376147,0.45122847746179146,0.8575268817204301,0.28,0.3577981651376147,0.4866383810799591,G_estale,ours_c,10,0.5,0.4,1.0,0.0,False,0.5,0.3,30
ours,0.8,0.3714269292666105,0.0,775.48,775.48,0.3714269292666105,27.18499686206643,0.13857383707563797,1.3126101616982144,1.0,0.0,53.49198171464868,21.08142136659528,0.0,0.3680208937899013,0.8575268817204301,0.2,0.3669724770642202,0.3680208937899013,0.8575268817204301,0.2,0.3669724770642202,0.4481300631436379,G_estale,ours,10,0.5,0.4,1.0,0.25,False,0.5,0.3,30
epara_priv,0.8,0.6088205992796383,0.0,1271.12,1271.12,0.6088205992796383,8.44425181819658,0.022645413441643038,1.3272664571997854,0.4646666666666668,160.8,42.636202000280214,10.733657371146037,0.0,0.6091313600309538,0.5940860215053764,0.4,0.5596330275229358,0.6091313600309538,0.5940860215053764,0.4,0.5596330275229358,0.5407126022648164,G_estale,epara_priv,10,0.5,0.4,1.0,0.25,True,0.5,0.3,30
ours,0.8,0.3071882902904437,0.0,641.36,641.36,0.3071882902904437,16.444829930986966,0.0064947505555981305,1.6241857613610238,0.3326666666666667,196.79999999999998,57.59927745417472,10.5470561245378,0.0,0.3048752176436448,0.5698924731182796,0.32,0.5045871559633027,0.3048752176436448,0.5698924731182796,0.32,0.5045871559633027,0.42483871168130677,G_estale,ours,10,0.5,0.4,1.0,0.25,True,0.5,0.3,30
ours,0.8,0.21616598973101386,0.0,451.32,451.32,0.21616598973101386,23.32584412567489,0.00883209441336501,1.014368917158403,0.2613333333333333,204.0,42.51559620778662,10.527419970799592,0.0,0.21358096343586766,0.5456989247311828,0.16,0.3302752293577982,0.21358096343586766,0.5456989247311828,0.16,0.3302752293577982,0.3123887793812121,G_estale,ours_c,10,0.5,0.4,1.0,0.0,True,0.5,0.3,30
epara_priv,0.8,0.43468848187600584,0.0,907.56,907.56,0.43468848187600584,23.261520754418566,0.17516667943903746,1.2723005594298413,1.0,0.0,43.7436118548395,21.111225775880115,0.0,0.4321338750241826,0.8118279569892473,0.28,0.3944954128440367,0.4321338750241826,0.8118279569892473,0.28,0.3944954128440367,0.47961431121436665,G_estale,epara_priv,10,0.5,0.4,1.0,0.25,False,1.0,0.3,30
ours,0.8,0.5031611617748486,0.0,1050.52,1050.52,0.5031611617748486,19.516144112775116,0.2285424170434516,0.9784466242623956,1.0,0.0,37.27978879217284,20.502099713352514,0.0,0.5016637647514026,0.7768817204301075,0.16,0.3577981651376147,0.5016637647514026,0.7768817204301075,0.16,0.3577981651376147,0.4490859125797812,G_estale,ours_c,10,0.5,0.4,1.0,0.0,False,1.0,0.3,30
ours,0.8,0.44066595141390147,0.0,920.04,920.04,0.44066595141390147,22.628723923890366,0.14953253122844662,1.2308031266763737,1.0,0.0,51.71046011049087,20.819331158936095,0.0,0.43826658928225964,0.7983870967741935,0.32,0.3853211009174312,0.43826658928225964,0.7983870967741935,0.32,0.3853211009174312,0.48549369674347115,G_estale,ours,10,0.5,0.4,1.0,0.25,False,1.0,0.3,30
epara_priv,0.8,0.5362671469078091,0.0,1119.64,1119.64,0.5362671469078091,9.072471577128024,0.019809947122384857,1.4006437274886965,0.45866666666666667,158.4,45.62843979584212,10.15790207661562,0.0004181951668463195,0.5362545946991681,0.5483870967741935,0.4,0.5321100917431193,0.5362545946991681,0.5483870967741935,0.4,0.5321100917431193,0.5041879458041202,G_estale,epara_priv,10,0.5,0.4,1.0,0.25,True,1.0,0.3,30
ours,0.8,0.3751053720591616,0.0,783.16,783.16,0.3751053720591616,14.372549731254267,0.013410989347842746,1.586634991187064,0.37866666666666665,194.4,57.734368509226535,11.256006047529093,0.0,0.37330237957051654,0.5887096774193549,0.52,0.46788990825688076,0.37330237957051654,0.5887096774193549,0.52,0.46788990825688076,0.48747549131168805,G_estale,ours,10,0.5,0.4,1.0,0.25,True,1.0,0.3,30
ours,0.8,0.3227258793777301,0.0,673.8,673.8,0.3227258793777301,16.590957717443164,0.007548471147214346,1.1545712315119931,0.34,196.79999999999998,45.2349594022408,11.178987310013204,0.0,0.32093248210485587,0.5456989247311828,0.32,0.41284403669724773,0.32093248210485587,0.5456989247311828,0.32,0.41284403669724773,0.3998688608833216,G_estale,ours_c,10,0.5,0.4,1.0,0.0,True,1.0,0.3,30
epara_priv,0.8,0.5540654456280175,0.0,1156.8,1156.8,0.5540654456280175,17.907034629017023,0.19258180703502184,1.1645528392980304,1.0,0.0,39.670365029188304,20.714857658846896,0.0,0.553047011027278,0.7446236559139785,0.32,0.44036697247706424,0.553047011027278,0.7446236559139785,0.32,0.44036697247706424,0.5145094098545802,G_estale,epara_priv,10,0.5,0.4,1.0,0.25,False,2.0,0.3,30
ours,0.8,0.48122461491302015,0.0,1004.72,1004.72,0.48122461491302015,20.296425934055524,0.1919495746800521,1.2662272971108897,1.0,0.0,49.54174305860076,20.392225064464263,0.0,0.4793964016250725,0.771505376344086,0.24,0.41284403669724773,0.4793964016250725,0.771505376344086,0.24,0.41284403669724773,0.47593645366660153,G_estale,ours,10,0.5,0.4,1.0,0.25,False,2.0,0.3,30
ours,0.8,0.539083454670856,0.0,1125.52,1125.52,0.539083454670856,17.675464330788632,0.21164457046516974,1.070924975093877,1.0,0.0,32.965400470615556,19.894088613589222,0.0,0.5375701296188818,0.803763440860215,0.32,0.4036697247706422,0.5375701296188818,0.803763440860215,0.32,0.4036697247706422,0.5162508238124348,G_estale,ours_c,10,0.5,0.4,1.0,0.0,False,2.0,0.3,30
epara_priv,0.8,0.5473216338416736,0.0,1142.72,1142.72,0.5473216338416736,9.065608185211468,0.011169438271131888,1.4030193884588857,0.48888888888888893,151.2,39.0941892892862,10.359451785404849,0.0,0.5472818727026504,0.5806451612903226,0.32,0.5045871559633027,0.5472818727026504,0.5806451612903226,0.32,0.5045871559633027,0.4881285474890689,G_estale,epara_priv,10,0.5,0.4,1.0,0.25,True,2.0,0.3,30
ours,0.8,0.39964748256571386,0.0,834.4,834.4,0.39964748256571386,12.643153916647725,0.009981607786037244,1.5294658594528316,0.39999999999999997,187.20000000000002,43.54776801131235,10.549447628050862,0.0,0.3984716579609209,0.5618279569892473,0.52,0.3761467889908257,0.3984716579609209,0.5618279569892473,0.52,0.3761467889908257,0.46411160098524845,G_estale,ours,10,0.5,0.4,1.0,0.25,True,2.0,0.3,30
ours,0.8,0.39388075714614146,0.0,822.36,822.36,0.39388075714614146,14.10038498363529,0.006264847881063683,1.1749559353207142,0.3833333333333333,189.60000000000002,29.518360556193084,11.595592595142316,0.0,0.39247436641516736,0.5752688172043011,0.4,0.44036697247706424,0.39247436641516736,0.5752688172043011,0.4,0.44036697247706424,0.4520275390241332,G_estale,ours_c,10,0.5,0.4,1.0,0.0,True,2.0,0.3,30
